date,sample_ts_utc,fx_date,fx_age_days,usdkrw,coin_krw,coin_usdt,usdt_krw,price_age_h,kp,crypto_prem,usdt_prem,kp_utc0,upbit_value_24h_krw
2023-12-07,2023-12-07 17:00:00+00:00,2023-12-07,0,1325.27,59601000.0,43687.1,1364.0,0.0,0.029427967055674964,0.00019794860694610783,0.02922423355240822,0.03142894391468265,172083250728.06937
2023-12-08,2023-12-08 17:00:00+00:00,2023-12-08,0,1307.11,59742000.0,43824.47,1363.0,0.0,0.04291988412569414,0.00015481272159645343,0.042758451851795165,0.041493055282941116,195103705931.28958
2023-12-09,2023-12-09 17:00:00+00:00,2023-12-08,1,1307.11,60263000.0,44008.58,1370.0,0.0,0.047613906843303466,-0.00047692425259093785,0.04811377772337444,0.050745419136892345,169597421578.50247
2023-12-10,2023-12-10 17:00:00+00:00,2023-12-08,2,1307.11,60010000.0,43828.91,1369.0,0.0,0.047492252271300606,0.0001370327730749743,0.04734873117029181,0.045150194613198025,113858290484.8874
2023-12-11,2023-12-11 17:00:00+00:00,2023-12-11,0,1316.38,57320000.0,41794.34,1372.0,0.0,0.04185537100158099,-0.00038077749339560096,0.042252237195946396,0.04706458366161037,268258910029.0628
2023-12-12,2023-12-12 17:00:00+00:00,2023-12-12,0,1313.75,57158000.0,41343.06,1380.0,0.0,0.052353566736684565,0.0018329697828400882,0.050428163653663205,0.05502363085190587,289120565079.2392
2023-12-13,2023-12-13 17:00:00+00:00,2023-12-13,0,1319.76,58074000.0,41870.02,1387.0,0.0,0.05095376533538665,4.860374210435836e-06,0.050948657331636005,0.04194595073421792,195992778395.29883
2023-12-14,2023-12-14 17:00:00+00:00,2023-12-14,0,1296.11,58253000.0,42597.79,1368.0,0.0,0.055089659261206014,-0.0003565363559638879,0.05546597125244013,0.05014955675142874,231716482165.16675
2023-12-15,2023-12-15 17:00:00+00:00,2023-12-15,0,1295.92,57598000.0,41798.23,1378.0,0.0,0.06333796414078896,6.781490067275797e-07,0.06333724303969368,0.06543961511824703,147536388119.23688
2023-12-16,2023-12-16 17:00:00+00:00,2023-12-15,1,1295.92,58194000.0,42590.13,1366.0,0.0,0.05436517158533416,0.0002729964574423871,0.05407741218593731,0.05570567899396006,122923945727.26749
2023-12-17,2023-12-17 17:00:00+00:00,2023-12-15,2,1295.92,57456000.0,42111.22,1365.0,0.0,0.05283271602640971,-0.00044910377073636987,0.053305759614791004,0.05652486493228448,138739151852.00552
2023-12-18,2023-12-18 17:00:00+00:00,2023-12-18,0,1297.63,56498000.0,41495.99,1361.0,0.0,0.049242966150656375,0.0003887951256988931,0.048835184143399823,0.04884844785435116,242212071872.7275
2023-12-19,2023-12-19 17:00:00+00:00,2023-12-19,0,1307.95,57593000.0,42337.8,1359.0,0.0,0.04004054970981086,0.0009720654841407494,0.039030543981039,0.04380367278883668,210092260173.56168
2023-12-20,2023-12-20 17:00:00+00:00,2023-12-20,0,1299.22,59083000.0,43691.51,1353.0,0.0,0.040837155471475484,-0.0005347752168141096,0.04139406720955652,0.04343754287254087,217567799274.87592
2023-12-21,2023-12-21 17:00:00+00:00,2023-12-21,0,1304.82,59208000.0,43668.3,1355.0,0.0,0.03911472973991481,0.0006329753942697636,0.038457411750279835,0.03709909237798792,201207399615.46368
2023-12-22,2023-12-22 17:00:00+00:00,2023-12-22,0,1302.54,59149000.0,43554.39,1358.0,0.0,0.04261604002412467,3.6153735657906694e-05,0.04257834692216744,0.038947281523699084,245085821080.5022
2023-12-23,2023-12-23 17:00:00+00:00,2023-12-22,1,1302.54,59495000.0,43789.27,1358.0,0.0,0.04308979035312688,0.0004905563524018053,0.04257834692216744,0.04000414684361142,173847934927.7561
2023-12-24,2023-12-24 17:00:00+00:00,2023-12-22,2,1302.54,58836000.0,43663.1,1348.0,0.0,0.03451669499840526,-0.00037138286111071395,0.03490103950742407,0.036141401947472174,390135893437.5875
2023-12-25,2023-12-25 17:00:00+00:00,2023-12-22,3,1302.54,58075000.0,43501.7,1335.0,0.0,0.024924607799761578,3.969021349359281e-06,0.024920539868257485,0.023138753937991696,826873374613.0305
2023-12-26,2023-12-26 17:00:00+00:00,2023-12-26,0,1294.25,56711000.0,42319.42,1340.0,0.0,0.03540301385405398,5.250050791749672e-05,0.03534865752366234,0.03602178904757025,1876497581636.6558
2023-12-27,2023-12-27 17:00:00+00:00,2023-12-27,0,1293.38,57486000.0,43082.31,1334.0,0.0,0.03166089308150033,0.0002470508948657635,0.03140608328565464,0.03110190137055846,1413025388421.397
2023-12-28,2023-12-28 17:00:00+00:00,2023-12-28,0,1288.45,56880000.0,42456.07,1338.0,0.0,0.03980577994393486,0.0012987721739634583,0.03845706080949984,0.03606268036819826,973827491885.441
2023-12-29,2023-12-29 17:00:00+00:00,2023-12-29,0,1290.97,56385000.0,41971.24,1340.0,0.0,0.04062830490655989,0.0025521811830011565,0.037979193939440936,0.03912613272291332,1121484664188.2383
2023-12-30,2023-12-30 17:00:00+00:00,2023-12-29,1,1290.97,56845000.0,42406.97,1341.0,0.0,0.03833830976031427,-0.00039999421978154093,0.038753805278201714,0.04132512505370167,1320288090915.9058
2023-12-31,2023-12-31 17:00:00+00:00,2023-12-29,2,1290.97,57057000.0,42592.47,1339.0,0.0,0.03767166251860088,0.00045032573684733457,0.03720458260068016,0.04556349174863095,1505098319516.537
2024-01-01,2024-01-01 17:00:00+00:00,2023-12-29,3,1290.97,57223000.0,42725.15,1340.0,0.0,0.03745884187435089,-0.0005013126160217096,0.037979193939440936,0.03211261924333497,1787059259572.0278
2024-01-02,2024-01-02 17:00:00+00:00,2024-01-02,0,1300.52,60645000.0,45357.84,1337.0,0.0,0.028076898305025022,2.5854737210950773e-05,0.028050318334204905,0.030787177357349593,2512412324626.58
2024-01-03,2024-01-03 17:00:00+00:00,2024-01-03,0,1305.1,58437000.0,42992.67,1358.0,0.0,0.04147705278527458,0.0009069967526227352,0.040533292468010185,0.046759945038316486,2933799359399.8745
2024-01-04,2024-01-04 17:00:00+00:00,2024-01-04,0,1310.39,59039000.0,43915.71,1343.0,0.0,0.025931853358977852,0.0010207306947660477,0.024885721044879627,0.02803276445852565,3131438960908.4688
2024-01-05,2024-01-05 17:00:00+00:00,2024-01-05,0,1315.62,58544000.0,43225.99,1353.0,0.0,0.029454073655417634,0.0010128369420105976,0.02841245952478677,0.022122080427200208,4592600628176.545
2024-01-06,2024-01-06 17:00:00+00:00,2024-01-05,1,1315.62,59212000.0,43872.34,1349.0,0.0,0.02586087021789929,0.00047670724690340727,0.025372067922348585,0.02535022218170968,4664809339690.981
2024-01-07,2024-01-07 17:00:00+00:00,2024-01-05,2,1315.62,59388000.0,43922.0,1350.0,0.0,0.027746781143910715,0.0015734964507789773,0.026132165822958076,0.02306649611905165,5624387798446.821
2024-01-08,2024-01-08 17:00:00+00:00,2024-01-08,0,1315.58,60375000.0,44940.3,1343.0,0.0,0.021183793947169516,0.0003343079977788932,0.020842518128886267,0.0202395066839276,6429549600589.823
2024-01-09,2024-01-09 17:00:00+00:00,2024-01-09,0,1315.92,63243000.0,46902.88,1348.0,0.0,0.024668686798855255,0.0002833963889836699,0.024378381664538873,0.021275397353061276,1956287640458.631
2024-01-10,2024-01-10 17:00:00+00:00,2024-01-10,0,1320.42,61030000.0,45311.1,1345.0,0.0,0.020062238083077277,0.001420505880785683,0.018615289074688235,0.03165662239514777,1341388727810.74
2024-01-11,2024-01-11 17:00:00+00:00,2024-01-11,0,1313.04,63146000.0,46007.29,1372.0,0.0,0.04530068817106647,0.0003801862945604917,0.04490343020776222,0.04276147681005704,1731038159799.3557
2024-01-12,2024-01-12 17:00:00+00:00,2024-01-12,0,1313.41,60225000.0,43624.0,1379.0,0.0,0.051116867617964745,0.001122121173394497,0.04993870916164789,0.054363157128588524,848145649608.3405
2024-01-13,2024-01-13 17:00:00+00:00,2024-01-12,1,1313.41,58901000.0,42895.41,1373.0,0.0,0.04546988248558703,9.511897698111227e-05,0.04537044791801481,0.046253752801902026,762964863889.1448
2024-01-14,2024-01-14 17:00:00+00:00,2024-01-12,2,1313.41,58839000.0,42929.95,1370.0,0.0,0.0435291419087811,0.00042453304701628447,0.043086317296198384,0.04443056531386924,342889025654.9545
2024-01-15,2024-01-15 17:00:00+00:00,2024-01-12,3,1313.41,58352000.0,42522.61,1373.0,0.0,0.044805653935133805,-0.0005402811835802934,0.04537044791801481,0.04442586533265258,500808097662.5213
2024-01-16,2024-01-16 17:00:00+00:00,2024-01-16,0,1331.5,59242000.0,43249.72,1370.0,0.0,0.028739086206067244,-0.0001707348296506872,0.028914757791963952,0.029698356779030988,495605692516.64417
2024-01-17,2024-01-17 17:00:00+00:00,2024-01-17,0,1344.23,58286000.0,42360.28,1375.0,0.0,0.023603698131416273,0.0006973084648680405,0.022890427977354966,0.021670664819172458,428429236757.0821
2024-01-18,2024-01-18 17:00:00+00:00,2024-01-18,0,1338.73,57943000.0,41948.99,1379.0,0.0,0.03177849665793153,0.001648170290697859,0.03008074817177464,0.03411819946167305,471192559329.89966
2024-01-19,2024-01-19 17:00:00+00:00,2024-01-19,0,1338.53,55977000.0,40395.01,1385.0,0.0,0.03527038352416789,0.000534632822097203,0.034717189752937916,0.03464982202338329,649258318524.0188
2024-01-20,2024-01-20 17:00:00+00:00,2024-01-19,1,1338.53,57411000.0,41563.66,1381.0,0.0,0.03193708176503951,0.00020184073494444732,0.0317288368583446,0.029807522589382573,382826754711.962
2024-01-21,2024-01-21 17:00:00+00:00,2024-01-19,2,1338.53,57503000.0,41607.18,1382.0,0.0,0.03250963233869619,3.264701469984921e-05,0.03247592508199304,0.031325726308910395,264843298445.16684
2024-01-22,2024-01-22 17:00:00+00:00,2024-01-22,0,1338.25,55923000.0,40518.6,1380.0,0.0,0.03133267620569269,0.00013112603787557298,0.03119745936857843,0.03155877594080647,437032590866.383
2024-01-23,2024-01-23 17:00:00+00:00,2024-01-23,0,1333.76,54194000.0,39307.59,1379.0,0.0,0.03370615193573956,-0.00020600637722112403,0.033919145873320566,0.03972984660308132,634259271332.8754
2024-01-24,2024-01-24 17:00:00+00:00,2024-01-24,0,1337.74,55230000.0,40190.02,1375.0,0.0,0.027271188370944,-0.0005659930681116698,0.027852946013425584,0.0278210567998336,488094513331.314
2024-01-25,2024-01-25 17:00:00+00:00,2024-01-25,0,1336.0,54841000.0,39710.32,1381.0,0.0,0.03370239007418663,1.9111614129929677e-05,0.03368263473053901,0.031111546691175773,365920301749.9309
2024-01-26,2024-01-26 17:00:00+00:00,2024-01-26,0,1336.08,57743000.0,41961.14,1376.0,0.0,0.029958205755143297,7.74415300375253e-05,0.029878450392192057,0.029893665974999317,468118572918.70636
2024-01-27,2024-01-27 17:00:00+00:00,2024-01-26,1,1336.08,57628000.0,41810.18,1378.0,0.0,0.0316183229917284,0.00023556529955626182,0.03137536674450647,0.03131800464482337,317451368441.6505
2024-01-28,2024-01-28 17:00:00+00:00,2024-01-26,2,1336.08,58202000.0,42312.34,1376.0,0.0,0.02952856704915141,-0.00033973265768161287,0.029878450392192057,0.030274865728399103,330703918404.50256
2024-01-29,2024-01-29 17:00:00+00:00,2024-01-29,0,1335.5,59020000.0,43200.0,1366.0,0.0,0.022990418347962338,0.0001491242340436738,0.02283788843129919,0.022327983285385544,396746865594.43823
2024-01-30,2024-01-30 17:00:00+00:00,2024-01-30,0,1328.93,59386000.0,43499.03,1365.0,0.0,0.02731208210061853,0.0001654544073077524,0.02714213690713585,0.032108314846369446,408867527532.4707
2024-01-31,2024-01-31 17:00:00+00:00,2024-01-31,0,1334.9,59524000.0,43474.81,1369.0,0.0,0.025665345930331984,0.00011736324499667106,0.025544984643044444,0.031895789239564376,435801977256.6599
2024-02-01,2024-02-01 17:00:00+00:00,2024-02-01,0,1331.78,58548000.0,42658.15,1373.0,0.0,0.0305701485324279,-0.000369473843760626,0.0309510579825496,0.029698350055778144,415110430267.26654
2024-02-02,2024-02-02 17:00:00+00:00,2024-02-02,0,1321.9,59294000.0,43216.36,1372.0,0.0,0.03792019419142556,1.946406825470426e-05,0.03789999243513109,0.036719732820042816,627974798544.3806
2024-02-03,2024-02-03 17:00:00+00:00,2024-02-02,1,1321.9,59265000.0,43095.04,1376.0,0.0,0.04033305559231226,-0.0005695739916585785,0.04092593993494198,0.04166007346186329,2363036056767.1353
2024-02-04,2024-02-04 17:00:00+00:00,2024-02-02,2,1321.9,59123000.0,42913.16,1377.0,0.0,0.04223910585539792,0.0005344037982939476,0.04168242680989476,0.04383864591760589,5711603431616.825
2024-02-05,2024-02-05 17:00:00+00:00,2024-02-05,0,1330.98,58868000.0,42741.69,1377.0,0.0,0.034799145716672086,0.00021566228465963455,0.03457602668710269,0.034472588224217615,345681527767.2453
2024-02-06,2024-02-06 17:00:00+00:00,2024-02-06,0,1326.83,59098000.0,43165.46,1370.0,0.0,0.03186083261735928,-0.0006540813564301917,0.03253619529253937,0.03196678877884218,222748637265.1848
2024-02-07,2024-02-07 17:00:00+00:00,2024-02-07,0,1327.37,59062000.0,43240.71,1368.0,0.0,0.029018860959071135,-0.0015433000941211805,0.030609400543932797,0.023351630355628705,151540878728.13098
2024-02-08,2024-02-08 17:00:00+00:00,2024-02-08,0,1328.07,61483000.0,45066.01,1365.0,0.0,0.02727087466957845,-0.0005218824011524736,0.027807269195147866,0.03041744196949203,240898601729.06888
2024-02-09,2024-02-09 17:00:00+00:00,2024-02-09,0,1333.1,64139000.0,47275.88,1357.0,0.0,0.017700140477565185,-0.00022398137756662884,0.017928137424049195,0.01380339174560441,303722939321.2411
2024-02-10,2024-02-10 17:00:00+00:00,2024-02-09,1,1333.1,63944000.0,47250.0,1354.0,0.0,0.01516178029567894,-0.0005079990308941573,0.015677743605130967,0.01393440197395468,211622242709.17575
2024-02-11,2024-02-11 17:00:00+00:00,2024-02-09,2,1333.1,65075000.0,48104.01,1353.0,0.0,0.014775952954920513,-0.00014942876259838034,0.014927612332158224,0.013640329803666695,199202903376.59622
2024-02-12,2024-02-12 17:00:00+00:00,2024-02-12,0,1331.37,66828000.0,49582.33,1349.0,0.0,0.01235484512187468,-0.0008755595627055746,0.013241998843296798,0.00927865628105251,239568944235.95398
2024-02-13,2024-02-13 17:00:00+00:00,2024-02-13,0,1327.88,66049000.0,48477.07,1362.0,0.0,0.026055975873300108,0.00035184232205431876,0.025695092930083874,0.020924411164003454,284846670949.39325
2024-02-14,2024-02-14 17:00:00+00:00,2024-02-14,0,1335.06,69886000.0,51581.35,1355.0,0.0,0.014837940636354574,-9.627968562986311e-05,0.014935658322472456,0.016201675399493354,316591866077.88434
2024-02-15,2024-02-15 17:00:00+00:00,2024-02-15,0,1333.84,71652000.0,52265.32,1372.0,0.0,0.027805568529264857,-0.0007812102572344326,0.028609128531158268,0.028589475243817386,284774507033.636
2024-02-16,2024-02-16 17:00:00+00:00,2024-02-16,0,1334.96,72053000.0,52041.1,1383.0,0.0,0.03713991133460848,0.001113735383404979,0.03598609696170674,0.036221150473694896,231806806944.8603
2024-02-17,2024-02-17 17:00:00+00:00,2024-02-16,1,1334.96,70409000.0,50951.25,1382.0,0.0,0.03515427524927284,-7.991947411778444e-05,0.035237010846767,0.036932254019151456,219877042478.51352
2024-02-18,2024-02-18 17:00:00+00:00,2024-02-16,2,1334.96,71301000.0,51835.57,1376.0,1.0,0.030384909075385602,-0.0003469198987812172,0.030742494157128375,0.03383963212627816,141048648427.4713
2024-02-19,2024-02-19 17:00:00+00:00,2024-02-16,3,1334.96,71688000.0,51775.76,1384.0,0.0,0.03717425698439736,0.000423515971019528,0.03673518307664647,0.0376723403404613,197187227231.53375
2024-02-20,2024-02-20 17:00:00+00:00,2024-02-20,0,1337.25,71470000.0,51396.33,1387.0,0.0,0.03987004193669175,0.0025711705694599907,0.037203215554309166,0.03309659591280978,231493823467.34378
2024-02-21,2024-02-21 17:00:00+00:00,2024-02-21,0,1334.95,71582000.0,51346.39,1394.0,0.0,0.04430874206949631,7.170389216226702e-05,0.04423386643694527,0.044059779516915754,219784344243.97165
2024-02-22,2024-02-22 17:00:00+00:00,2024-02-22,0,1328.71,71707000.0,51479.09,1392.0,0.0,0.04833597285280122,0.0006713293744577964,0.04763266627029217,0.048256598176757315,191276584323.95505
2024-02-23,2024-02-23 17:00:00+00:00,2024-02-23,0,1328.71,71329000.0,51053.07,1396.0,0.0,0.051511602337293017,0.0008266340555764806,0.050643104966471286,0.05052692423193017,175573728687.81946
2024-02-24,2024-02-24 17:00:00+00:00,2024-02-23,1,1328.71,70818000.0,51215.04,1384.0,0.0,0.04067695537289673,-0.0008974874468774541,0.04161178887793415,0.03919762676230509,115078174808.44275
2024-02-25,2024-02-25 17:00:00+00:00,2024-02-23,2,1328.71,70969000.0,51378.48,1380.0,0.0,0.039578359602733704,0.0009406972374990108,0.038601350181755256,0.036945470245664414,111091784462.57939
2024-02-26,2024-02-26 17:00:00+00:00,2024-02-26,0,1330.86,73124000.0,53391.02,1370.0,0.0,0.029104198268792958,-0.00029663262189350004,0.029409554724013187,0.03086107602887922,181720687800.1525
2024-02-27,2024-02-27 17:00:00+00:00,2024-02-27,0,1330.86,78733000.0,57040.01,1381.0,0.0,0.037157792495776665,-0.0004983202600078451,0.03767488691522791,0.03437399396413943,399927577233.98987
2024-02-28,2024-02-28 17:00:00+00:00,2024-02-28,0,1336.02,86319000.0,62412.01,1383.0,0.0,0.03520240316858492,3.6959277869064167e-05,0.03516414424933756,0.051653736511263704,433160556730.5044
2024-02-29,2024-02-29 17:00:00+00:00,2024-02-29,0,1336.19,87060000.0,62171.97,1401.0,0.0,0.04798681054759424,-0.0004928648211349751,0.04850358107754138,0.052121205944137605,576553642165.2666
2024-03-01,2024-03-01 17:00:00+00:00,2024-03-01,0,1334.8,86636000.0,61427.38,1410.0,0.0,0.056623346719014256,0.00027010156066675783,0.05633802816901423,0.05020249245627717,223889356275.69894
2024-03-02,2024-03-02 17:00:00+00:00,2024-03-01,1,1334.8,86697000.0,61854.29,1402.0,0.0,0.050069503118980396,-0.00026193098201499065,0.05034462091699132,0.04425128306418635,131810923622.96748
2024-03-03,2024-03-03 17:00:00+00:00,2024-03-01,2,1334.8,87697000.0,62845.15,1395.0,0.0,0.045434364824973095,0.0003195628447125731,0.045100389571471444,0.044412058210876015,135572196138.46184
2024-03-04,2024-03-04 17:00:00+00:00,2024-03-04,0,1331.29,92789000.0,66539.82,1396.0,0.0,0.047471469683429524,-0.001082884760134073,0.04860699021250059,0.052084943289923746,246095620196.77768
2024-03-05,2024-03-05 17:00:00+00:00,2024-03-05,0,1336.51,93000000.0,65495.98,1417.0,0.0,0.062419641729430486,0.0020709071050113437,0.06022401628120999,0.06304289731309565,449660612149.35077
2024-03-06,2024-03-06 17:00:00+00:00,2024-03-06,0,1333.99,94160000.0,67086.0,1403.0,0.0,0.052160462255766316,0.0004073663895720614,0.05173202197917526,0.05709973881066022,462698446153.4993
2024-03-07,2024-03-07 17:00:00+00:00,2024-03-07,0,1324.3,94494000.0,67304.02,1404.0,0.0,0.060173267914070516,-8.932550852214227e-06,0.06018273805029084,0.05989197594112072,164426647064.0446
2024-03-08,2024-03-08 17:00:00+00:00,2024-03-08,0,1319.28,95506000.0,67810.6,1408.0,0.0,0.0675693347434776,0.00030033518492533773,0.0672488023770541,0.06926427630271825,190785239451.30264
2024-03-09,2024-03-09 17:00:00+00:00,2024-03-08,1,1319.28,95263000.0,68104.59,1399.0,0.0,0.060256375575292065,-0.00016080688422359657,0.06042689952095093,0.06562788426726773,123913175837.3902
2024-03-10,2024-03-10 16:00:00+00:00,2024-03-08,2,1319.28,97739000.0,69194.83,1412.0,0.0,0.07067402330601746,0.00036744013255152197,0.07028075920198895,0.07259242848412373,150732744505.28958
2024-03-11,2024-03-11 16:00:00+00:00,2024-03-11,0,1312.55,100589000.0,72010.0,1397.0,0.0,0.0642455022418229,-8.916680923087839e-05,0.06434040607976832,0.06005838138457387,289496229811.7768
2024-03-12,2024-03-12 16:00:00+00:00,2024-03-12,0,1310.82,100800000.0,71703.41,1405.0,0.0,0.07245150531038469,0.0005629054739917372,0.07184815611601914,0.07911828945206523,167816938441.91708
2024-03-13,2024-03-13 16:00:00+00:00,2024-03-13,0,1314.67,103053000.0,72634.95,1417.0,0.0,0.07919082529095789,0.0012560354871302692,0.07783702373979784,0.07938174161512501,207432706226.44962
2024-03-14,2024-03-14 16:00:00+00:00,2024-03-14,0,1318.2,100854000.0,70844.01,1421.0,0.0,0.07996252244395796,0.0018343399617348766,0.07798513123956918,0.08527822920616268,224477313483.4928
2024-03-15,2024-03-15 16:00:00+00:00,2024-03-15,0,1329.35,98580000.0,68157.07,1444.0,0.0,0.08802421628791124,0.0016378060403978711,0.08624515740775585,0.09011157203699383,427617441092.5906
2024-03-16,2024-03-16 16:00:00+00:00,2024-03-15,1,1329.35,99223000.0,68385.58,1451.0,0.0,0.0914616460101545,-4.5114318677486054e-05,0.09151088878023095,0.10837334516791941,166300657287.80374
2024-03-17,2024-03-17 16:00:00+00:00,2024-03-15,2,1329.35,98155000.0,67965.5,1443.0,0.0,0.08638702800961018,0.0008236976331081891,0.08549291006883064,0.09671399465114883,252985671719.00583
2024-03-18,2024-03-18 16:00:00+00:00,2024-03-18,0,1333.59,98885000.0,67467.19,1464.0,0.0,0.0990449761702914,0.001144391920040455,0.09778867567993177,0.09376239763579974,170701806804.46027
2024-03-19,2024-03-19 16:00:00+00:00,2024-03-19,0,1338.28,94301000.0,64051.85,1472.0,0.0,0.100113850662362,0.00017687776115882237,0.09991929939922883,0.10687007867060094,308097388967.61346
2024-03-20,2024-03-20 16:00:00+00:00,2024-03-20,0,1339.02,93401000.0,63600.37,1467.0,0.0,0.09674287081357003,0.001063830181858405,0.09557736254872973,0.09197730870581844,300898494079.9186
2024-03-21,2024-03-21 16:00:00+00:00,2024-03-21,0,1322.11,96526000.0,66557.77,1448.0,0.0,0.09692758200283103,0.0015600313824328804,0.09521900598286082,0.09621393849247828,260910293446.34967
2024-03-22,2024-03-22 16:00:00+00:00,2024-03-22,0,1338.14,93175000.0,63877.04,1458.0,0.0,0.09006668139285967,0.00045392938205846,0.08957209260615473,0.09374807645848304,201400501995.78583
2024-03-23,2024-03-23 16:00:00+00:00,2024-03-22,1,1338.14,94220000.0,65104.05,1448.0,0.0,0.08151747457026448,-0.0005374354824214667,0.08209903298608512,0.08528101572897451,106797623543.5986
2024-03-24,2024-03-24 16:00:00+00:00,2024-03-22,2,1338.14,94858000.0,65673.36,1444.0,0.0,0.07940189056958058,0.00027066886896021103,0.07910980913805732,0.07393697940447086,85170626019.59277
2024-03-25,2024-03-25 16:00:00+00:00,2024-03-25,0,1342.61,99398000.0,69792.05,1424.0,0.0,0.060771427867593486,0.00014208340541399522,0.0606207312622431,0.0584662781351073,159382155226.14252
2024-03-26,2024-03-26 16:00:00+00:00,2024-03-26,0,1344.0,100010000.0,70250.0,1424.0,0.0,0.059248432469072965,-0.00025990643368389854,0.059523809523809534,0.0634795046497767,190393560240.37848
2024-03-27,2024-03-27 16:00:00+00:00,2024-03-27,0,1348.58,99006000.0,68874.0,1435.0,0.0,0.06593198421662017,0.0017383660451915084,0.0640822198163995,0.0658174270957177,190146436056.88947
2024-03-28,2024-03-28 16:00:00+00:00,2024-03-28,0,1346.01,101368000.0,71290.39,1423.0,0.0,0.05638347984253489,-0.0007710978897749188,0.057198683516467286,0.05883827533029895,153603014136.99173
2024-03-29,2024-03-29 16:00:00+00:00,2024-03-29,0,1347.08,99070000.0,69180.0,1430.0,0.0,0.06308555497074941,0.0014414611118860332,0.061555364195148066,0.06003271879953753,115748905751.66608
2024-03-30,2024-03-30 16:00:00+00:00,2024-03-29,1,1347.08,99799000.0,69999.99,1426.0,0.0,0.05836342583325238,-0.00021023585451784843,0.05858597856103587,0.06424900718428472,63563353448.660484
2024-03-31,2024-03-31 16:00:00+00:00,2024-03-29,2,1347.08,100335000.0,70381.13,1424.0,0.0,0.05828546514761079,0.001120213757755284,0.05710128574397966,0.051948870834948924,54810837559.66332
2024-04-01,2024-04-01 16:00:00+00:00,2024-04-01,0,1348.75,98561000.0,68237.15,1443.0,0.0,0.07090948165408295,0.0009626911856857046,0.06987951807228909,0.06443284480934941,125286207559.12935
2024-04-02,2024-04-02 16:00:00+00:00,2024-04-02,0,1351.37,95278000.0,64890.0,1465.0,0.0,0.08652715417615853,0.002252696477157201,0.0840850396264532,0.08530872512925836,226356960540.69235
2024-04-03,2024-04-03 16:00:00+00:00,2024-04-03,0,1348.5,95875000.0,65836.01,1454.0,0.0,0.07991835711565609,0.0015611448215009371,0.07823507601038182,0.08189314745262366,129746847960.8092
2024-04-04,2024-04-04 16:00:00+00:00,2024-04-04,0,1346.87,97998000.0,67647.99,1448.0,0.0,0.07556493650270535,0.0004462334443360305,0.07508519753205589,0.07641514724025944,108548009742.32617
2024-04-05,2024-04-05 16:00:00+00:00,2024-04-05,0,1352.58,98750000.0,68190.62,1448.0,0.0,0.07065488717047685,0.00010109619409104376,0.07054665897765755,0.0719065021383456,134727197366.91118
2024-04-06,2024-04-06 16:00:00+00:00,2024-04-05,1,1352.58,98373000.0,68104.0,1445.0,0.0,0.06792396893564301,-0.0003788222124762042,0.06832867556817357,0.06305199379607496,50468157768.234886
2024-04-07,2024-04-07 16:00:00+00:00,2024-04-05,2,1352.58,99663000.0,69543.74,1433.0,0.0,0.05952925233056483,6.84411146372188e-05,0.05945674193023698,0.0599530473569454,63383755988.344536
2024-04-08,2024-04-08 16:00:00+00:00,2024-04-08,0,1353.2,101903000.0,71773.98,1419.0,0.0,0.04919920120081467,0.0005471170295578975,0.04862548034289094,0.05283757354705587,146054806297.43375
2024-04-09,2024-04-09 16:00:00+00:00,2024-04-09,0,1354.8,99109000.0,69264.0,1431.0,0.0,0.05616151342457809,-7.853362151055698e-05,0.05624446412754658,0.060002766383050465,121745325338.5429
2024-04-10,2024-04-10 16:00:00+00:00,2024-04-10,0,1349.05,98725000.0,68657.32,1438.0,0.0,0.06588965983619066,-4.280556188263063e-05,0.06593528779511515,0.05698850387107113,111943416467.03754
2024-04-11,2024-04-11 16:00:00+00:00,2024-04-11,0,1364.19,100369000.0,70000.0,1433.0,0.0,0.05105803234363049,0.0005881766523776477,0.05044018795035887,0.05123674268412581,113796763781.20041
2024-04-12,2024-04-12 16:00:00+00:00,2024-04-12,0,1374.74,100058000.0,69347.3,1441.0,0.0,0.04954651717023717,0.0012863143751644657,0.048198204751443985,0.0784481483685866,75925743756.74808
2024-04-13,2024-04-13 16:00:00+00:00,2024-04-12,1,1374.74,99778000.0,67676.0,1473.0,0.0,0.07245614861185112,0.000915387469556217,0.0714753335176106,0.10253143031223999,187955430683.6538
2024-04-14,2024-04-14 16:00:00+00:00,2024-04-12,2,1374.74,96741000.0,64180.97,1506.0,0.0,0.09643711074313188,0.0008738071865956876,0.09547987255771995,0.09602568040730919,269308380719.60904
2024-04-15,2024-04-15 16:00:00+00:00,2024-04-15,0,1383.63,96740000.0,64568.81,1496.0,0.0,0.08283760777675453,0.001501737465341657,0.08121390834254805,0.09666345863441417,161919849891.56046
2024-04-16,2024-04-16 16:00:00+00:00,2024-04-16,0,1393.92,93494000.0,61762.2,1511.0,0.0,0.08598326799088607,0.00183573588210173,0.08399334251606971,0.07335702184450321,197057643464.62125
2024-04-17,2024-04-17 16:00:00+00:00,2024-04-17,0,1385.88,90699000.0,60304.95,1498.0,0.0,0.08523529458809631,0.004009272405708364,0.08090166536785293,0.07344197068243985,171442935023.7757
2024-04-18,2024-04-18 16:00:00+00:00,2024-04-18,0,1373.42,93458000.0,63498.7,1472.0,0.0,0.07163843477988019,-0.00012930767976682134,0.07177702378005257,0.06955199953960145,177815843274.6843
2024-04-19,2024-04-19 16:00:00+00:00,2024-04-19,0,1376.72,94216000.0,64437.17,1462.0,0.0,0.06204417663801576,9.402110881606696e-05,0.061944331454471424,0.06192235751511599,216289843364.61606
2024-04-20,2024-04-20 16:00:00+00:00,2024-04-19,1,1376.72,94810000.0,64808.35,1464.0,0.0,0.06261895943877938,-0.0007317118589095228,0.0633970596780753,0.06090252651563999,82010465297.142
2024-04-21,2024-04-21 16:00:00+00:00,2024-04-19,2,1376.72,95002000.0,65043.69,1460.0,0.0,0.06091833580490569,0.0004023912803627905,0.06049160323086755,0.06000976637438571,78766998718.83177
2024-04-22,2024-04-22 16:00:00+00:00,2024-04-22,0,1381.84,95843000.0,65994.38,1452.0,0.0,0.05098298745789975,0.00019995274712414357,0.050772882533433705,0.051361480341978405,86082622052.9257
2024-04-23,2024-04-23 16:00:00+00:00,2024-04-23,0,1379.27,96008000.0,66419.56,1445.0,0.0,0.0480020648917856,0.00033066300573936225,0.04765564392758481,0.04759854962650478,98298529488.46526
2024-04-24,2024-04-24 16:00:00+00:00,2024-04-24,0,1369.86,93558000.0,64610.11,1444.0,0.0,0.05707125795759471,0.002797530073262111,0.05412231906910203,0.0595026325876038,92073466468.74799
2024-04-25,2024-04-25 16:00:00+00:00,2024-04-25,0,1369.86,92400000.0,64135.94,1441.0,0.0,0.051705929541634,-0.00021520843726385852,0.05193231425109146,0.04866014847894351,121312116993.17435
2024-04-26,2024-04-26 16:00:00+00:00,2024-04-26,0,1375.1,91542000.0,63503.22,1439.0,0.0,0.0483115417013944,0.0017603898496090231,0.04646934768380495,0.04758641294520238,75110420390.54004
2024-04-27,2024-04-27 16:00:00+00:00,2024-04-26,1,1375.1,90710000.0,62951.75,1441.0,0.0,0.0478836816374959,-3.82716032473196e-05,0.04792378736091929,0.047342657831517254,67607864530.979
2024-04-28,2024-04-28 16:00:00+00:00,2024-04-26,2,1375.1,90882000.0,63540.0,1430.0,0.0,0.04015098155107144,0.00021791239921542527,0.039924369136790094,0.041530156802096485,44455554819.79022
2024-04-29,2024-04-29 16:00:00+00:00,2024-04-29,0,1377.35,89977000.0,63039.07,1427.0,0.0,0.03628067195241069,0.00022507604320431973,0.0360474824844812,0.037345918404178224,113278039339.38496
2024-04-30,2024-04-30 16:00:00+00:00,2024-04-30,0,1381.92,87374000.0,60796.85,1436.0,0.0,0.03996383717111773,0.0007986252531413385,0.039133958550422454,0.03683215586068944,145548245425.09518
2024-05-01,2024-05-01 16:00:00+00:00,2024-05-01,0,1386.95,80830000.0,56886.0,1421.0,0.0,0.02448682320016693,-6.192861543174999e-05,0.024550272179963084,0.030002791923692484,265018607660.45584
2024-05-02,2024-05-02 16:00:00+00:00,2024-05-02,0,1375.39,83612000.0,59264.15,1412.0,0.0,0.025771644359972923,-0.0008243187420231557,0.026617904739746567,0.022474415468227704,166356739994.42804
2024-05-03,2024-05-03 16:00:00+00:00,2024-05-03,0,1363.04,86903000.0,61690.74,1409.0,0.0,0.03348978499041877,-0.0002214928791054449,0.033718746331729,0.04096694226164699,157467159881.5175
2024-05-04,2024-05-04 16:00:00+00:00,2024-05-03,1,1363.04,89979000.0,63609.17,1413.0,0.0,0.037798007595952976,0.0011041728758582892,0.03665336307078304,0.03648740888027069,128034994885.72026
2024-05-05,2024-05-05 16:00:00+00:00,2024-05-03,2,1363.04,90585000.0,64428.65,1406.0,0.0,0.03149863184777146,-1.856674695144278e-05,0.031517783777438746,0.03277998255359993,76553798836.90918
2024-05-06,2024-05-06 16:00:00+00:00,2024-05-06,0,1358.81,89467000.0,63632.01,1406.0,0.0,0.034733473340099685,4.403207155778688e-06,0.03472891721432725,0.03338605548287865,95495580260.29366
2024-05-07,2024-05-07 16:00:00+00:00,2024-05-07,0,1359.45,89263000.0,63740.48,1400.0,0.0,0.03013207541094931,0.0002950356552964273,0.02982823936150636,0.03331174133939285,82823543279.82616
2024-05-08,2024-05-08 16:00:00+00:00,2024-05-08,0,1359.45,87440000.0,62273.08,1404.0,0.0,0.03287214096559077,9.83134157210852e-05,0.03277060575968216,0.03135197695016645,90132589172.49648
2024-05-09,2024-05-09 16:00:00+00:00,2024-05-09,0,1369.74,86762000.0,62159.06,1396.0,0.0,0.01903001922712466,-0.00013884059014179773,0.019171521602640018,0.019399336189857674,96026092895.64444
2024-05-10,2024-05-10 16:00:00+00:00,2024-05-10,0,1367.77,85700000.0,60928.02,1405.0,0.0,0.028373041216355865,0.001122985469391491,0.027219488656718527,0.030983468162095074,109880810233.8587
2024-05-11,2024-05-11 16:00:00+00:00,2024-05-10,1,1367.77,85981000.0,61174.18,1406.0,0.0,0.02759329377888342,-0.00034759642109294386,0.02795060573049568,0.03013410178629705,57976546751.49181
2024-05-12,2024-05-12 16:00:00+00:00,2024-05-10,2,1367.77,86381000.0,61419.0,1407.0,0.0,0.02825874647801352,-0.00041118289251429463,0.028681722804272614,0.02844420924580926,29613693347.9058
2024-05-13,2024-05-13 16:00:00+00:00,2024-05-13,0,1367.91,87806000.0,63002.0,1395.0,0.0,0.01885488609985253,-0.0009306184624735536,0.019803934469373008,0.020612196236697855,80763750864.89224
2024-05-14,2024-05-14 16:00:00+00:00,2024-05-14,0,1368.77,86504000.0,61787.61,1400.0,0.0,0.022832020209904158,1.556021622173276e-05,0.022816104970155626,0.02565780638416526,74789749952.54572
2024-05-15,2024-05-15 16:00:00+00:00,2024-05-15,0,1360.15,90700000.0,64725.11,1402.0,0.0,0.03026200553879943,-0.0004915357820268751,0.030768665220747726,0.022867422485163047,124731579694.17151
2024-05-16,2024-05-16 16:00:00+00:00,2024-05-16,0,1345.15,91428000.0,65818.88,1390.0,0.0,0.03266157117909385,-0.0006584802362890052,0.03334200646768015,0.03395804516891299,119645436913.73573
2024-05-17,2024-05-17 16:00:00+00:00,2024-05-17,0,1354.83,92856000.0,67195.1,1382.0,0.0,0.01997038509725746,-8.214410903240044e-05,0.020054176538754076,0.0206029500878413,106591011098.27795
2024-05-18,2024-05-18 16:00:00+00:00,2024-05-17,1,1354.83,92725000.0,66823.63,1388.0,0.0,0.024193401733378028,-0.00028245931525039403,0.024482776436896225,0.025858291108047382,59446973044.2198
2024-05-19,2024-05-19 16:00:00+00:00,2024-05-17,2,1354.83,92867000.0,66889.88,1389.0,0.0,0.02474591258740455,-0.00046327951706748305,0.02522087641991999,0.025993792077397826,53524259435.710785
2024-05-20,2024-05-20 16:00:00+00:00,2024-05-20,0,1356.0,93200000.0,67419.99,1383.0,0.0,0.019453776570256043,-0.00044879173588763255,0.019911504424778848,0.005515837762539055,60572035586.37094
2024-05-21,2024-05-21 16:00:00+00:00,2024-05-21,0,1363.54,96179000.0,69826.99,1377.0,0.0,0.0101574080226019,0.00028324773793642066,0.009871364243073222,0.011656368942185136,183625345684.64767
2024-05-22,2024-05-22 16:00:00+00:00,2024-05-22,0,1362.36,96814000.0,70455.9,1374.0,0.0,0.008623106387634305,7.843902347692833e-05,0.008543997181361895,0.011845118480171779,79030281848.49362
2024-05-23,2024-05-23 16:00:00+00:00,2024-05-23,0,1362.38,94491000.0,68076.0,1387.0,0.0,0.01882162867236037,0.0007369938505050744,0.018071316372818114,0.02415222846361842,84870990753.76056
2024-05-24,2024-05-24 16:00:00+00:00,2024-05-24,0,1369.02,95160000.0,68326.46,1392.0,0.0,0.01731563720979068,0.0005211592334395387,0.01678572993820393,0.014712275099350913,90900336789.07585
2024-05-25,2024-05-25 16:00:00+00:00,2024-05-24,1,1369.02,95629000.0,68930.4,1388.0,0.0,0.013372285920704607,-0.000484923003484905,0.013863931863668855,0.01358656404642189,44452899246.37726
2024-05-26,2024-05-26 16:00:00+00:00,2024-05-24,2,1369.02,96300000.0,68847.99,1390.0,0.0,0.02170431764866021,0.006283197803862439,0.015324830900936393,0.018537795352372655,35368282400.78179
2024-05-27,2024-05-27 16:00:00+00:00,2024-05-24,3,1369.02,97103000.0,70373.85,1381.0,0.0,0.007886304470974492,-0.0008569815011921778,0.008750785233232472,0.010310751425253617,74026492662.83551
2024-05-28,2024-05-28 16:00:00+00:00,2024-05-28,0,1357.65,94817000.0,68374.08,1387.0,0.0,0.021425957624354952,-0.00018821098146670767,0.021618237395499618,0.01873686936963259,90349391768.30878
2024-05-29,2024-05-29 16:00:00+00:00,2024-05-29,0,1365.07,93476000.0,67379.13,1387.0,0.0,0.01629502244601877,0.00022627706588829177,0.016065110214128264,0.016196062267824773,65292244690.69843
2024-05-30,2024-05-30 16:00:00+00:00,2024-05-30,0,1365.07,95167000.0,68530.76,1388.0,0.0,0.01729265439630412,0.0004868038449301615,0.01679767337938709,0.017967894254464323,64677127431.08792
2024-05-31,2024-05-31 16:00:00+00:00,2024-05-31,0,1385.43,94081000.0,67215.58,1399.0,0.0,0.010293099907917824,0.0004934734849366684,0.009794792952368514,0.009821788326907388,57511610217.619675
2024-06-01,2024-06-01 16:00:00+00:00,2024-05-31,1,1385.43,94693000.0,67691.28,1398.0,0.0,0.009719077403729237,0.0006402728236398758,0.009072995387713556,0.009413233791388143,24127850735.33829
2024-06-02,2024-06-02 16:00:00+00:00,2024-05-31,2,1385.43,95221000.0,68142.17,1398.0,0.0,0.008630718746047483,-0.0004382999482569483,0.009072995387713556,0.011977086619108901,34763630447.0201
2024-06-03,2024-06-03 16:00:00+00:00,2024-06-03,0,1375.91,96701000.0,69615.28,1391.0,0.0,0.009569830566399817,-0.0013822964956037298,0.010967287104534318,0.013432838396665314,72438490483.54364
2024-06-04,2024-06-04 16:00:00+00:00,2024-06-04,0,1375.96,97335000.0,70445.0,1384.0,0.0,0.004183430130109578,-0.0016501210102416453,0.0058431931160789485,0.00497390655383434,59222993724.99574
2024-06-05,2024-06-05 16:00:00+00:00,2024-06-05,0,1372.58,98931000.0,71580.0,1382.0,0.0,0.0069387136982517195,7.520958606832551e-05,0.0068629879497006385,0.007567321974327301,92840272757.67497
2024-06-06,2024-06-06 16:00:00+00:00,2024-06-06,0,1365.45,99038000.0,71300.0,1388.0,0.0,0.017270685901729088,0.0007437017755880238,0.01651470211285644,0.01704127047231374,60596512749.775986
2024-06-07,2024-06-07 16:00:00+00:00,2024-06-07,0,1366.38,98910000.0,71111.54,1391.0,0.0,0.01795509744949242,-6.219550464592327e-05,0.018018413618466234,0.03366071952789129,76240413107.4952
2024-06-08,2024-06-08 16:00:00+00:00,2024-06-07,1,1366.38,97883000.0,69430.01,1409.0,0.0,0.03178342562166514,0.0005736246280561019,0.031191908546670755,0.035284239549551843,68121956967.05053
2024-06-09,2024-06-09 16:00:00+00:00,2024-06-07,2,1366.38,97996000.0,69508.64,1408.0,0.0,0.031806029185183604,0.0013061947145249775,0.030460047717326022,0.02891977715088334,37749302342.36298
2024-06-10,2024-06-10 16:00:00+00:00,2024-06-10,0,1375.71,97750000.0,70066.12,1396.0,0.0,0.014102383232649895,-0.000636970174076934,0.014748747919256289,0.01626609655667899,42176864950.67691
2024-06-11,2024-06-11 16:00:00+00:00,2024-06-11,0,1375.71,93750000.0,66244.48,1415.0,0.0,0.02871408667227171,0.0001500043646014415,0.028559798213286136,0.029081913285377015,104565549455.13335
2024-06-12,2024-06-12 16:00:00+00:00,2024-06-12,0,1378.01,97590000.0,69734.0,1401.0,0.0,0.01556651128371378,-0.001098637962833271,0.0166834783492138,0.018832445262800812,97525626478.57982
2024-06-13,2024-06-13 16:00:00+00:00,2024-06-13,0,1376.11,94110000.0,66470.01,1415.0,0.0,0.028861410591762837,0.0005840817875835125,0.02826082217264614,0.028774396960290494,95153346288.46393
2024-06-14,2024-06-14 16:00:00+00:00,2024-06-14,0,1378.96,94145000.0,66392.0,1417.0,0.0,0.028323686685390204,0.0007178764937796345,0.027586006845738753,0.03152427645067557,52233168739.659225
2024-06-15,2024-06-15 16:00:00+00:00,2024-06-14,1,1378.96,93828000.0,66316.02,1414.0,0.0,0.026035380531510555,0.000609440125694416,0.0254104542553808,0.028698172387958243,52591842020.96717
2024-06-16,2024-06-16 16:00:00+00:00,2024-06-14,2,1378.96,94374000.0,66712.8,1415.0,0.0,0.025868100086946066,-0.0002607241725122167,0.02613563845216693,0.02475686404254085,26247024113.08478
2024-06-17,2024-06-17 16:00:00+00:00,2024-06-17,0,1380.5,91844000.0,65368.0,1406.0,0.0,0.017768912778033163,-0.0006899117424788992,0.01847156827236507,0.018775590218092164,72837748240.11728
2024-06-18,2024-06-18 16:00:00+00:00,2024-06-18,0,1380.88,91384000.0,64706.0,1412.0,0.0,0.022750430166252222,0.00020935836258817453,0.022536353629569517,0.018907971465006668,78899074057.41916
2024-06-19,2024-06-19 16:00:00+00:00,2024-06-18,1,1380.88,91482000.0,64922.0,1409.0,0.0,0.020440814690640963,7.545222853977407e-05,0.020363825966050575,0.02062142966913516,52372040383.14276
2024-06-20,2024-06-20 16:00:00+00:00,2024-06-20,0,1384.38,91681000.0,64831.23,1413.0,0.0,0.021503276413413097,0.0008129552733198153,0.020673514497464573,0.021327200986553718,48198825299.44694
2024-06-21,2024-06-21 16:00:00+00:00,2024-06-21,0,1388.17,89965000.0,63732.02,1410.0,0.0,0.01688828942293208,0.0011445508710865582,0.015725739642839187,0.014912421599160286,84270617785.99492
2024-06-22,2024-06-22 16:00:00+00:00,2024-06-21,1,1388.17,90858000.0,64307.08,1413.0,0.0,0.01779831657274067,-8.698576307042405e-05,0.017886858237823766,0.01816463893509912,21297484263.88287
2024-06-23,2024-06-23 16:00:00+00:00,2024-06-21,2,1388.17,90437000.0,64094.0,1411.0,0.0,0.016450226098319698,4.047032533316397e-06,0.0164461125078339,0.015006459816137907,15785369252.338419
2024-06-24,2024-06-24 16:00:00+00:00,2024-06-24,0,1389.17,85800000.0,60843.99,1410.0,0.0,0.015112570161632588,0.000116261766975434,0.014994565100023616,0.01914280740040497,121273722526.30911
2024-06-25,2024-06-25 16:00:00+00:00,2024-06-25,0,1387.16,87220000.0,61810.0,1410.0,0.0,0.017257221767005504,0.0007790976924251236,0.016465296000461205,0.019340742477248485,127192164443.38072
2024-06-26,2024-06-26 16:00:00+00:00,2024-06-26,0,1388.65,86799000.0,61467.86,1412.0,0.0,0.01688965643733842,7.352791197590136e-05,0.01681489216145171,0.016798731758243424,61322883222.08616
2024-06-27,2024-06-27 16:00:00+00:00,2024-06-27,0,1385.76,86686000.0,61576.0,1408.0,0.0,0.015896510841122202,-0.00015003631875465384,0.01604895508601789,0.014754260937129615,48941420559.64986
2024-06-28,2024-06-28 16:00:00+00:00,2024-06-28,0,1376.55,85810000.0,61062.01,1405.0,0.0,0.02088028096524508,0.00020836353217679182,0.020667611056627067,0.023323052750221285,48371801901.94917
2024-06-29,2024-06-29 16:00:00+00:00,2024-06-28,1,1376.55,85797000.0,61106.0,1406.0,0.0,0.01999080328443248,-0.0013738689465252474,0.02139406487232587,0.020866710022956703,28577968068.895573
2024-06-30,2024-06-30 16:00:00+00:00,2024-06-28,2,1376.55,86628000.0,61717.9,1404.0,0.0,0.019659469073706637,-0.00027618080241398335,0.019941157240928487,0.018426241812208755,30135682659.95383
2024-07-01,2024-07-01 16:00:00+00:00,2024-07-01,0,1383.0,88612000.0,63132.9,1404.0,0.0,0.01487982620628503,-0.00030000025406551334,0.015184381778741818,0.014936240731115102,62721512829.87875
2024-07-02,2024-07-02 16:00:00+00:00,2024-07-02,0,1386.55,87087000.0,61948.08,1404.0,0.0,0.013887910026663342,0.0012865253899356777,0.01258519346579634,0.013047158662987446,42769827419.46715
2024-07-03,2024-07-03 16:00:00+00:00,2024-07-03,0,1384.85,85062000.0,60186.25,1413.0,0.0,0.020553013964105027,0.00022140225632760746,0.020327111239484497,0.02308888706950274,67169421890.48736
2024-07-04,2024-07-04 16:00:00+00:00,2024-07-03,1,1384.85,82799000.0,58140.0,1424.0,0.0,0.028365098710145142,9.228016063511646e-05,0.028270209770011157,0.032760844388668,122894315594.13908
2024-07-05,2024-07-05 16:00:00+00:00,2024-07-05,0,1379.87,81000000.0,56662.0,1430.0,0.0,0.03598852838596178,-0.0003290275077363347,0.03632950930160095,0.03685203435243056,200624552331.604
2024-07-06,2024-07-06 16:00:00+00:00,2024-07-05,1,1379.87,81848000.0,57317.98,1427.0,0.0,0.03485385635503402,0.0006753964741561536,0.0341553914499193,0.030255012196499065,64900121878.69321
2024-07-07,2024-07-07 16:00:00+00:00,2024-07-05,2,1379.87,80913000.0,56825.42,1424.0,0.0,0.031899677603906884,-7.906732071427669e-05,0.03198127359823766,0.03040463980810726,59774413810.13523
2024-07-08,2024-07-08 16:00:00+00:00,2024-07-08,0,1382.73,79270000.0,55761.52,1421.0,0.0,0.02810357436032218,0.00041495804028701677,0.02767713147179851,0.026370402260365466,127556877184.81775
2024-07-09,2024-07-09 16:00:00+00:00,2024-07-09,0,1383.39,81198000.0,57477.01,1414.0,0.0,0.02118995101429788,-0.0009165726070228253,0.022126804444155157,0.021545277255508477,76798081256.63937
2024-07-10,2024-07-10 16:00:00+00:00,2024-07-10,0,1383.42,81665000.0,57699.69,1414.0,0.0,0.02307727157980266,0.0009515976300784601,0.022104639227421785,0.023915930718551248,78416961977.68405
2024-07-11,2024-07-11 16:00:00+00:00,2024-07-11,0,1370.85,81124000.0,57402.01,1413.0,0.0,0.0309374590850926,0.00018444146270280015,0.030747346536820208,0.031087472967545215,71177520872.34485
2024-07-12,2024-07-12 16:00:00+00:00,2024-07-12,0,1374.9,81984000.0,58214.0,1410.0,0.0,0.02430796598622864,-0.0011907642308752742,0.02552912939122831,0.02398837873941817,55997545367.27939
2024-07-13,2024-07-13 16:00:00+00:00,2024-07-12,1,1374.9,82515000.0,58830.63,1404.0,0.0,0.02013651456898069,-0.0010073405406754166,0.021165175649138,0.018702705778016027,42154051971.512634
2024-07-14,2024-07-14 16:00:00+00:00,2024-07-12,2,1374.9,84301000.0,60084.0,1403.0,0.0,0.020475957026710345,3.734377478559203e-05,0.020437850025456283,0.021855852012764077,67728887531.75447
2024-07-15,2024-07-15 16:00:00+00:00,2024-07-15,0,1382.97,88522000.0,63026.0,1404.0,0.0,0.015590694813091499,0.00037853504676710337,0.015206403609622665,0.01728778252335128,108173820235.00618
2024-07-16,2024-07-16 16:00:00+00:00,2024-07-16,0,1384.99,90634000.0,64878.24,1398.0,0.0,0.008661512452198261,-0.0007252445413661324,0.009393569628661558,0.00949904724334516,152701783303.83054
2024-07-17,2024-07-17 16:00:00+00:00,2024-07-17,0,1380.61,90632000.0,64724.01,1399.0,0.0,0.014250271756595101,0.0009178468119175331,0.013320199042452296,0.01213238945284112,112164129448.96935
2024-07-18,2024-07-18 16:00:00+00:00,2024-07-18,0,1383.85,89368000.0,63538.12,1405.0,0.0,0.016385966909524763,0.001085921927221234,0.015283448350616125,0.015362188327503024,85637545569.5349
2024-07-19,2024-07-19 16:00:00+00:00,2024-07-19,0,1389.29,91947000.0,65836.77,1399.0,0.0,0.0052547600468160205,-0.0017223834271329341,0.006989181524375887,0.004858311771045676,83567314694.83719
2024-07-20,2024-07-20 16:00:00+00:00,2024-07-19,1,1389.29,93750000.0,66825.0,1403.0,0.0,0.009809377152888432,-5.839658963913141e-05,0.009868350020514116,0.009896611258888521,89861874208.85889
2024-07-21,2024-07-21 16:00:00+00:00,2024-07-19,2,1389.29,94175000.0,67164.0,1403.0,0.0,0.009267215784593885,-0.0005952600018686027,0.009868350020514116,0.0047789649459140104,64832905006.83921
2024-07-22,2024-07-22 16:00:00+00:00,2024-07-22,0,1388.71,93867000.0,67063.87,1399.0,0.0,0.007889135706619976,0.00047585535892813446,0.007409754376363598,0.0065963607309222905,80493432520.73808
2024-07-23,2024-07-23 16:00:00+00:00,2024-07-23,0,1385.78,93255000.0,66584.01,1400.0,0.0,0.010666546030837498,0.0004010615418670316,0.010261369048478075,0.010158340580550096,65625872788.123665
2024-07-24,2024-07-24 16:00:00+00:00,2024-07-24,0,1379.4,92504000.0,66176.0,1398.0,0.0,0.013374048481819667,-0.00010861053231614459,0.01348412353197026,0.014242077201839454,60529806155.06625
2024-07-25,2024-07-25 16:00:00+00:00,2024-07-25,0,1380.57,90772000.0,64790.88,1402.0,0.0,0.014797979721332455,-0.0007135186420258455,0.015522574009286139,0.01752023175282158,77691042239.09474
2024-07-26,2024-07-26 16:00:00+00:00,2024-07-26,0,1383.11,94498000.0,67560.01,1400.0,0.0,0.011291112345128473,-0.0009093925745210507,0.012211610067167644,0.008259636872109288,73951369071.00401
2024-07-27,2024-07-27 16:00:00+00:00,2024-07-26,1,1383.11,96240000.0,68844.0,1398.0,0.0,0.010724509168391183,-4.0646726828796886e-05,0.010765593481357305,0.005981065750762626,60226809581.59073
2024-07-28,2024-07-28 16:00:00+00:00,2024-07-26,2,1383.11,94599000.0,67645.0,1397.0,0.0,0.011100029573973158,0.001046930496820364,0.010042585188452247,0.009565003101219993,81194817541.30017
2024-07-29,2024-07-29 16:00:00+00:00,2024-07-29,0,1381.93,95188000.0,68104.0,1396.0,0.0,0.01140136777182943,0.0012076591439285078,0.010181412951451918,0.013546531761801095,77154945527.9283
2024-07-30,2024-07-30 16:00:00+00:00,2024-07-30,0,1384.98,92715000.0,66216.01,1400.0,0.0,0.010982162108955862,0.00013576776975843252,0.01084492194833131,0.012446334748040577,85615159112.61618
2024-07-31,2024-07-31 16:00:00+00:00,2024-07-31,0,1369.29,92623000.0,66379.99,1395.0,0.0,0.01902825087045623,0.0002474506339833482,0.018776154065245576,0.020300995037993763,50704375600.91855
2024-08-01,2024-08-01 16:00:00+00:00,2024-08-01,0,1368.5,88512000.0,62906.6,1406.0,0.0,0.028161031181951346,0.0007385285721908108,0.027402265253927638,0.026722992290263647,108753654171.27234
2024-08-02,2024-08-02 16:00:00+00:00,2024-08-02,0,1359.38,89131000.0,63416.01,1404.0,0.0,0.033924887682035054,0.0010661067074106967,0.032823787314805175,0.036918838973832635,96478488818.51436
2024-08-03,2024-08-03 16:00:00+00:00,2024-08-02,1,1359.38,85801000.0,60879.0,1407.0,0.0,0.03677367982837754,0.0016840120007817205,0.03503067574923846,0.04144102113481152,103129702180.82018
2024-08-04,2024-08-04 16:00:00+00:00,2024-08-02,2,1359.38,83431000.0,59086.01,1413.0,0.0,0.038728169173539495,-0.0006891021860394586,0.03944445261810525,0.0352516770021678,80107117059.10846
2024-08-05,2024-08-05 16:00:00+00:00,2024-08-05,0,1367.68,78286000.0,54321.09,1441.0,0.0,0.053734335232805686,0.00011892825204973256,0.05360903135236317,0.05190214926483194,444705383679.62537
2024-08-06,2024-08-06 16:00:00+00:00,2024-08-06,0,1377.4,80130000.0,56405.99,1422.0,0.0,0.0313589412870543,-0.000988884860204875,0.03237984608683009,0.03798735427465649,190649878885.83298
2024-08-07,2024-08-07 16:00:00+00:00,2024-08-07,0,1374.98,79979000.0,56094.5,1425.0,0.0,0.03695356096756219,0.0005546717608271301,0.03637871096306844,0.03314452971529902,90397014266.7836
2024-08-08,2024-08-08 16:00:00+00:00,2024-08-08,0,1376.94,83607000.0,59428.03,1407.0,0.0,0.02173034047313971,-9.85252231094913e-05,0.021831016602030573,0.01708416158869852,121552686076.22394
2024-08-09,2024-08-09 16:00:00+00:00,2024-08-09,0,1363.71,84162000.0,59810.23,1406.0,0.0,0.031854707209156174,0.0008183376729720138,0.031010992073094767,0.031068679511742747,112339338228.45439
2024-08-10,2024-08-10 16:00:00+00:00,2024-08-09,1,1363.71,85012000.0,60515.89,1405.0,0.0,0.030122287549818383,-0.00015084359105854706,0.03027769833762317,0.030812934009552206,41842800985.69772
2024-08-11,2024-08-11 16:00:00+00:00,2024-08-09,2,1363.71,84333000.0,60127.29,1402.0,0.0,0.028499049159341094,0.0004097277668222432,0.02807781713120816,0.03351013147736093,42171772762.90082
2024-08-12,2024-08-12 16:00:00+00:00,2024-08-12,0,1369.87,84268000.0,60207.37,1401.0,0.0,0.021724188780144482,-0.000978362252493481,0.022724784103601126,0.024143743008886,120451873901.7187
2024-08-13,2024-08-13 16:00:00+00:00,2024-08-13,0,1367.28,83149000.0,59472.26,1399.0,0.0,0.022551351203546233,-0.0006333013055150882,0.02319934468433682,0.020574720059605145,54621107581.570625
2024-08-14,2024-08-14 16:00:00+00:00,2024-08-14,0,1355.35,83086000.0,59435.69,1398.0,0.0,0.03140464344161353,-6.131367053596737e-05,0.0314678865237763,0.03562472827989116,82711993812.94804
2024-08-15,2024-08-15 16:00:00+00:00,2024-08-15,0,1363.21,83329000.0,59682.84,1396.0,0.0,0.02419800604265343,0.0001410915597459539,0.02405352073414946,0.03177504043708823,71451076062.79633
2024-08-16,2024-08-16 16:00:00+00:00,2024-08-16,0,1354.34,81374000.0,58071.06,1401.0,0.0,0.034661301073580564,0.00020213168878879806,0.034452205502311095,0.030798726833001888,83332244253.02359
2024-08-17,2024-08-17 16:00:00+00:00,2024-08-16,1,1354.34,82644000.0,59388.11,1392.0,0.0,0.02750541512811444,-0.0002933305139293241,0.027806902254972954,0.027026857298557694,37447078957.39785
2024-08-18,2024-08-18 16:00:00+00:00,2024-08-16,2,1354.34,83166000.0,59863.99,1391.0,0.0,0.02577579956781606,-0.0012586654301396383,0.027068535227490864,0.028907979628225,35351136052.96786
2024-08-19,2024-08-19 16:00:00+00:00,2024-08-19,0,1334.21,80692000.0,58539.24,1378.0,0.0,0.033140076691314135,0.000309014312277478,0.03282092024493899,0.02816471623981598,70558294852.05336
2024-08-20,2024-08-20 16:00:00+00:00,2024-08-20,0,1331.78,80546000.0,58825.53,1369.0,0.0,0.028124339082241434,0.00017197392472434458,0.027947558906125547,0.026409361014078092,68839715061.306
2024-08-21,2024-08-21 16:00:00+00:00,2024-08-21,0,1333.74,81139000.0,59511.8,1363.0,0.0,0.02224592623631838,0.0003010136892349635,0.02193830881581116,0.015849161283951974,57234118582.90225
2024-08-22,2024-08-22 16:00:00+00:00,2024-08-22,0,1343.23,82171000.0,60407.4,1359.0,0.0,0.012693554344292313,0.000942136130893001,0.011740357198692708,0.01021423344783079,62714917425.30459
2024-08-23,2024-08-23 16:00:00+00:00,2024-08-23,0,1327.56,83115000.0,61533.05,1351.0,0.0,0.017458744223678657,-0.0001942779558943286,0.01765645243906122,0.006395726364783583,55662184271.42021
2024-08-24,2024-08-24 16:00:00+00:00,2024-08-23,1,1327.56,85530000.0,63976.0,1338.0,0.0,0.007041181073834668,-0.0008164496663827236,0.007864051342312273,0.007358260257453786,80681120518.90186
2024-08-25,2024-08-25 16:00:00+00:00,2024-08-23,2,1327.56,85859000.0,64132.16,1340.0,0.0,0.008453320054862878,-0.000908739125348057,0.009370574587965974,0.011085411854507177,37208725392.8835
2024-08-26,2024-08-26 16:00:00+00:00,2024-08-26,0,1328.53,85036000.0,63532.53,1340.0,0.0,0.00747738730644687,-0.0011463183893776208,0.008633602553197894,0.009860769067827846,52304788274.263214
2024-08-27,2024-08-27 16:00:00+00:00,2024-08-27,0,1330.9,83230000.0,61709.13,1348.0,0.0,0.01340967452565156,0.0005541066959864338,0.012848448418363523,0.02239098346403412,49072288506.97165
2024-08-28,2024-08-28 16:00:00+00:00,2024-08-28,0,1335.15,80398000.0,59000.0,1362.0,0.0,0.02061788271107745,0.0004977724682047047,0.02011009998876534,0.020407817154450614,124248711695.016
2024-08-29,2024-08-29 16:00:00+00:00,2024-08-29,0,1332.02,82195000.0,60779.99,1353.0,0.0,0.015252411623538631,-0.0004903789129445668,0.015750514256542614,0.020129809900019335,63669889662.0538
2024-08-30,2024-08-30 16:00:00+00:00,2024-08-30,0,1336.0,79481000.0,58094.99,1368.0,0.0,0.024042976288761952,8.875462118873578e-05,0.0239520958083832,0.017551025340248216,80664053748.38594
2024-08-31,2024-08-31 16:00:00+00:00,2024-08-30,1,1336.0,80102000.0,59006.54,1358.0,0.0,0.0161007038600689,-0.00036042683574977197,0.01646706586826352,0.018400344567612636,39065180106.12628
2024-09-01,2024-09-01 16:00:00+00:00,2024-08-30,2,1336.0,79341000.0,58217.0,1363.0,0.0,0.020096811032931816,-0.00011053592076526453,0.02020958083832336,0.021928140439646082,59803593206.609146
2024-09-02,2024-09-02 16:00:00+00:00,2024-08-30,3,1336.0,79572000.0,58537.99,1360.0,0.0,0.017456872699608494,-0.000498248583325589,0.017964071856287456,0.015056536773161433,61403657240.00705
2024-09-03,2024-09-03 16:00:00+00:00,2024-09-03,0,1339.79,78651000.0,57725.0,1362.0,0.0,0.016959306994165813,0.0003758516282770241,0.01657722478895951,0.016145030321865983,92247820672.2472
2024-09-04,2024-09-04 16:00:00+00:00,2024-09-04,0,1336.93,78794000.0,58134.0,1357.0,0.0,0.013804636541386639,-0.0011895116202829126,0.015012005116199045,0.014876380750594498,189388897506.82645
2024-09-05,2024-09-05 16:00:00+00:00,2024-09-05,0,1335.14,76185000.0,55976.01,1360.0,0.0,0.019390838324583104,0.0007569734416792429,0.018619770211363518,0.016662649948408603,194522490030.1908
2024-09-06,2024-09-06 16:00:00+00:00,2024-09-06,0,1335.68,73361000.0,54045.01,1357.0,0.0,0.016265583313638032,0.0002989051734412218,0.01596190704360323,0.021251366038280484,249040165668.26797
2024-09-07,2024-09-07 16:00:00+00:00,2024-09-06,1,1335.68,74513000.0,54780.0,1360.0,0.0,0.018374692304960583,0.00016375663080125946,0.018207954000958315,0.017893202777779615,164727728592.27905
2024-09-08,2024-09-08 16:00:00+00:00,2024-09-06,2,1335.68,72996000.0,53687.0,1359.0,0.0,0.017952475764397402,0.0004847408601842407,0.017459271681839805,0.015982071818043675,80452976713.02052
2024-09-09,2024-09-09 16:00:00+00:00,2024-09-09,0,1342.16,75308000.0,55386.0,1360.0,0.0,0.013063856345846947,-0.00022515776974851853,0.013292006914227716,0.009084559908368206,188221111771.48083
2024-09-10,2024-09-10 16:00:00+00:00,2024-09-10,0,1343.41,76786000.0,56596.0,1356.0,0.0,0.009921760411879088,0.0005449794652820916,0.009371673576942241,0.007907070085943824,236733236470.7013
2024-09-11,2024-09-11 16:00:00+00:00,2024-09-11,0,1340.59,76671000.0,56701.23,1352.0,0.0,0.008655061530617125,0.00014266933234452495,0.008511177914201973,0.006729185036481011,215921864245.33533
2024-09-12,2024-09-12 16:00:00+00:00,2024-09-12,0,1341.35,77616000.0,57512.03,1350.0,0.0,0.006121539197492254,-0.00032509140551406635,0.006448727028739665,0.0038116007261765894,207970670048.67834
2024-09-13,2024-09-13 16:00:00+00:00,2024-09-13,0,1329.26,80041000.0,59667.38,1343.0,0.0,0.009172950557000847,-0.0011517228165309756,0.010336578246543215,0.006819759785165802,174868315905.9053
2024-09-14,2024-09-14 16:00:00+00:00,2024-09-13,1,1329.26,80537000.0,59876.0,1345.0,0.0,0.011888667732149694,4.6937152146764305e-05,0.011841174788980391,0.009676494119017498,181525580207.79596
2024-09-15,2024-09-15 16:00:00+00:00,2024-09-13,2,1329.26,81052000.0,60335.41,1344.0,0.0,0.010605206441917758,-0.00047836553944669014,0.011088876517761692,0.013818992032497368,97045167195.06494
2024-09-16,2024-09-16 16:00:00+00:00,2024-09-16,0,1320.59,78123000.0,57881.69,1350.0,0.0,0.022044263609787507,-0.0002211599404079445,0.02227034885922219,0.02043772216200379,233873255838.52765
2024-09-17,2024-09-17 16:00:00+00:00,2024-09-17,0,1323.81,81897000.0,61135.5,1341.0,0.0,0.011926262716589697,-0.001045409510180173,0.012985247127609068,0.015877620368066614,252470366448.63507
2024-09-18,2024-09-18 16:00:00+00:00,2024-09-18,0,1324.15,80235000.0,59429.18,1350.0,0.0,0.019593208920089422,6.988710484190364e-05,0.019521957482158347,0.010485627063052672,266735211955.58395
2024-09-19,2024-09-19 16:00:00+00:00,2024-09-19,0,1329.08,84462000.0,63154.04,1338.0,0.0,0.006257430533948227,-0.0004509523362781209,0.006711409395973256,0.003335832277703954,491345433885.9054
2024-09-20,2024-09-20 16:00:00+00:00,2024-09-20,0,1333.66,84450000.0,63153.99,1338.0,0.0,0.0026601029230648443,-0.0005921727471038807,0.003254202720333499,0.0023406177590796773,290851802149.31885
2024-09-21,2024-09-21 16:00:00+00:00,2024-09-20,1,1333.66,84426000.0,63167.98,1337.0,0.0,0.0021531561136198807,-0.00035035289267726366,0.0025043864253257997,-0.00044947098086234316,33671370112.17937
2024-09-22,2024-09-22 16:00:00+00:00,2024-09-20,2,1333.66,83748000.0,62652.12,1337.0,0.0,0.0022903466683454887,-0.00021350505781159157,0.0025043864253257997,0.002105741022650154,35368202464.84156
2024-09-23,2024-09-23 16:00:00+00:00,2024-09-23,0,1334.12,85135000.0,63618.0,1339.0,0.0,0.0030746011508402393,-0.0005811150953256572,0.003657841873294876,0.0020573498908400545,85595631786.5785
2024-09-24,2024-09-24 16:00:00+00:00,2024-09-24,0,1330.0,84420000.0,63159.99,1337.0,0.0,0.004966660231046749,-0.000294945319901041,0.0052631578947368585,-0.002098891754125143,55376096755.98769
2024-09-25,2024-09-25 16:00:00+00:00,2024-09-25,0,1335.1,84779000.0,63495.66,1334.0,0.0,7.01205583932829e-05,0.000894766085090648,-0.0008239083214739429,0.0006375132308447107,58667714730.91906
2024-09-26,2024-09-26 16:00:00+00:00,2024-09-26,0,1314.78,86180000.0,65229.03,1322.0,0.0,0.0048760149538198405,-0.0006120371096949295,0.005491413012062907,0.004440936308161669,73213674077.32683
2024-09-27,2024-09-27 16:00:00+00:00,2024-09-27,0,1309.43,87005000.0,66006.01,1318.0,0.0,0.0066498746430314615,0.00010435914554229875,0.006544832484363328,0.009508168586519705,69654985396.36917
2024-09-28,2024-09-28 16:00:00+00:00,2024-09-27,1,1309.43,86330000.0,65619.13,1315.0,0.0,0.004729112056156337,0.00047333931535575857,0.004253759269300383,0.005584171317263076,42371732444.09839
2024-09-29,2024-09-29 16:00:00+00:00,2024-09-27,2,1309.43,86299000.0,65751.34,1313.0,0.0,0.002348785523993646,-0.00037656494388216277,0.002726377125924939,0.0008237371863042409,28867432587.54527
2024-09-30,2024-09-30 16:00:00+00:00,2024-09-30,0,1314.94,83736000.0,63561.41,1317.0,0.0,0.0018731823727009544,0.0003060914420345284,0.001566611404322682,0.004635638540866571,94653363657.12485
2024-10-01,2024-10-01 16:00:00+00:00,2024-10-01,0,1323.78,83261000.0,62628.85,1329.0,0.0,0.004272036378257127,0.000327491585259132,0.003943253410687575,0.01124966398277194,282719747617.7636
2024-10-02,2024-10-02 16:00:00+00:00,2024-10-02,0,1321.53,82796000.0,61874.01,1339.0,0.0,0.012567691943794257,-0.000643329399191428,0.013219525852610214,0.019440549641889016,342173890063.8689
2024-10-03,2024-10-03 16:00:00+00:00,2024-10-03,0,1335.58,82291000.0,60641.5,1357.0,0.0,0.016043958114148493,5.887677298588301e-06,0.01603797601042256,0.015046758774838187,236450503762.45728
2024-10-04,2024-10-04 16:00:00+00:00,2024-10-04,0,1348.74,83733000.0,61873.04,1354.0,0.0,0.003383509305247001,-0.0005144207235162623,0.003899936236783974,0.0018644892321983964,198111796949.86627
2024-10-05,2024-10-05 16:00:00+00:00,2024-10-04,1,1348.74,83974000.0,62167.66,1352.0,0.0,0.0015026027687246035,-0.0009122629746378674,0.0024170707475124065,0.0031647878329854606,103412300574.67326
2024-10-06,2024-10-06 16:00:00+00:00,2024-10-04,2,1348.74,84355000.0,62720.01,1345.0,0.0,-0.002813309918998086,-4.046365810361774e-05,-0.002772958464937636,-0.0024398791823025956,81000200036.64847
2024-10-07,2024-10-07 16:00:00+00:00,2024-10-07,0,1343.75,85383000.0,63651.6,1342.0,0.0,-0.0017401414999415055,-0.00043838684094366087,-0.0013023255813953138,0.003892912029755946,214418428707.55518
2024-10-08,2024-10-08 16:00:00+00:00,2024-10-08,0,1346.49,84327000.0,62288.01,1354.0,0.0,0.005446720169442365,-0.00013001902440734625,0.005577464370325913,0.004952561013212842,231434797442.67432
2024-10-09,2024-10-09 16:00:00+00:00,2024-10-09,0,1346.04,84240000.0,62316.0,1352.0,0.0,0.004293897184098894,-0.00013331555792561733,0.00442780303705681,0.009084846735034624,158872801334.82755
2024-10-10,2024-10-10 16:00:00+00:00,2024-10-10,0,1350.77,82545000.0,60789.36,1358.0,0.0,0.005267851896061382,-8.420006948228753e-05,0.005352502646638557,0.007190369263113228,212292201685.12445
2024-10-11,2024-10-11 16:00:00+00:00,2024-10-11,0,1350.71,84233000.0,62259.05,1354.0,0.0,0.0016538481276937578,-0.000780007973000485,0.0024357560098022812,-0.00033624074391214176,247130514505.71405
2024-10-12,2024-10-12 16:00:00+00:00,2024-10-11,1,1350.71,85012000.0,63157.49,1347.0,0.0,-0.0034633939522140667,-0.0007186643245694624,-0.002746703585521759,-0.00352889615384977,200987352337.07794
2024-10-13,2024-10-13 16:00:00+00:00,2024-10-11,2,1350.71,83914000.0,62229.31,1352.0,0.0,-0.0016626421536430902,-0.0026151977687477457,0.0009550532682811586,-0.0009086843289110025,129385316878.01607
2024-10-14,2024-10-14 16:00:00+00:00,2024-10-11,3,1350.71,88396000.0,65870.0,1342.0,0.0,-0.006465769398045773,-1.742129928050673e-05,-0.006448460439324566,-0.00610916718219745,322240441721.7784
2024-10-15,2024-10-15 16:00:00+00:00,2024-10-15,0,1365.17,89358000.0,66022.0,1354.0,0.0,-0.008579196537425338,-0.0004003410169842736,-0.008182131163151918,-0.01034867863164013,452212803179.4256
2024-10-16,2024-10-16 16:00:00+00:00,2024-10-16,0,1363.76,91766000.0,67749.99,1355.0,0.0,-0.006804786237841753,-0.00038383415477405425,-0.00642341761013665,-0.006186082415132632,394039796115.9167
2024-10-17,2024-10-17 16:00:00+00:00,2024-10-17,0,1371.08,91941000.0,67590.66,1361.0,0.0,-0.007890198960741057,-0.0005423174071219616,-0.007351868599935751,-0.007060249936524987,271629565659.324
2024-10-18,2024-10-18 16:00:00+00:00,2024-10-18,0,1369.65,93552000.0,68735.35,1360.0,0.0,-0.006281611908898976,0.0007694045948356543,-0.007045595590114306,-0.004282969240157253,310587626672.63
2024-10-19,2024-10-19 16:00:00+00:00,2024-10-18,1,1369.65,93034000.0,68226.93,1364.0,0.0,-0.004419773878690969,-0.0002958528540680794,-0.00412514145949705,-0.0033519971634889956,183664755095.76025
2024-10-20,2024-10-20 16:00:00+00:00,2024-10-18,2,1369.65,93589000.0,68625.99,1364.0,0.0,-0.004304412838548988,-0.00018001396211042575,-0.00412514145949705,-0.005919271135306103,154330449915.95837
2024-10-21,2024-10-21 16:00:00+00:00,2024-10-21,0,1379.14,92192000.0,67341.02,1370.0,0.0,-0.007329326749519138,-0.0007066917469574774,-0.006627318473831578,-0.0076945999250336294,326588861493.9126
2024-10-22,2024-10-22 16:00:00+00:00,2024-10-22,0,1379.22,92510000.0,67282.27,1375.0,0.0,-0.0030933356382025767,-3.373845739751413e-05,-0.003059700410376953,-0.0009386251942443691,258090628273.277
2024-10-23,2024-10-23 16:00:00+00:00,2024-10-23,0,1381.61,91734000.0,66223.44,1386.0,0.0,0.0026125268918992806,-0.0005631361622533415,0.0031774523924987808,0.002246512955398794,202167079124.0366
2024-10-24,2024-10-24 16:00:00+00:00,2024-10-24,0,1382.11,93553000.0,67701.22,1383.0,0.0,-0.00018737922725475809,-0.0008307872044693854,0.0006439429567834942,-0.0020001031350910248,271685716660.55948
2024-10-25,2024-10-25 16:00:00+00:00,2024-10-25,0,1389.24,94202000.0,67690.01,1391.0,0.0,0.001747496598831555,0.00048000875266751564,0.001266879732803483,0.01123475249258643,261747500290.56067
2024-10-26,2024-10-26 16:00:00+00:00,2024-10-25,1,1389.24,93845000.0,66886.49,1402.0,0.0,0.009939720645217642,0.0007479725457646413,0.009184878062825641,0.008057833378137813,275077799752.4043
2024-10-27,2024-10-27 16:00:00+00:00,2024-10-25,2,1389.24,94723000.0,67791.99,1398.0,0.0,0.005772558909701742,-0.0005297069100759222,0.006305605942817705,0.0038787242327256166,99064527669.53986
2024-10-28,2024-10-28 16:00:00+00:00,2024-10-28,0,1385.57,95760000.0,68494.2,1398.0,0.0,0.009024864494332041,5.334871059470281e-05,0.008971037190470321,0.005224608484045934,235883070791.738
2024-10-29,2024-10-29 16:00:00+00:00,2024-10-29,0,1382.2,100452000.0,72402.01,1388.0,0.0,0.0037766208817233693,-0.0004178347386757375,0.004196208942266022,0.008103744023914894,456240967993.3213
2024-10-30,2024-10-30 16:00:00+00:00,2024-10-30,0,1378.41,100145000.0,72061.34,1390.0,0.0,0.008204245873417948,-0.00020229168749763549,0.008408238477666252,0.00873727142370151,378787911455.0129
2024-10-31,2024-10-31 16:00:00+00:00,2024-10-31,0,1377.57,98654000.0,70620.0,1397.0,0.0,0.014082548959179597,-2.169150343811488e-05,0.01410454641143466,0.013320323827801905,284358673879.8902
2024-11-01,2024-11-01 16:00:00+00:00,2024-11-01,0,1376.95,96953000.0,69387.77,1397.0,0.0,0.014752549859264441,0.0001886353104609828,0.014561167798395003,0.0164847665174912,461720702905.91235
2024-11-02,2024-11-02 16:00:00+00:00,2024-11-01,1,1376.95,97246000.0,69393.17,1402.0,0.0,0.01774001204954523,-0.00044428702452126156,0.018192381713206585,0.018156941141942884,209705465732.56705
2024-11-03,2024-11-03 17:00:00+00:00,2024-11-01,2,1376.95,95155000.0,68152.01,1397.0,0.0,0.013992573554057808,-0.0005604336755478112,0.014561167798395003,0.013166695814498697,292615521605.03375
2024-11-04,2024-11-04 17:00:00+00:00,2024-11-04,0,1375.17,94318000.0,67756.0,1392.0,0.0,0.01225617383248534,1.7473110071053455e-05,0.012238486877985899,0.010285608280369285,281379923040.67456
2024-11-05,2024-11-05 17:00:00+00:00,2024-11-05,0,1380.26,97532000.0,70191.98,1390.0,0.0,0.006696907241257044,-0.0003572135332248205,0.007056641502325656,0.005322004914796841,433091610690.80756
2024-11-06,2024-11-06 17:00:00+00:00,2024-11-06,0,1399.98,102598000.0,74333.99,1382.0,0.0,-0.01410737338855017,-0.0012807819077441662,-0.012843040614865964,-0.015295705636234835,1281132585478.4204
2024-11-07,2024-11-07 17:00:00+00:00,2024-11-07,0,1384.66,104226000.0,75893.99,1374.0,0.0,-0.008196724072753181,-0.000501947565195282,-0.007698640821573566,-0.007286795652336142,480534232979.44446
2024-11-08,2024-11-08 17:00:00+00:00,2024-11-08,0,1396.69,105902000.0,75919.3,1395.0,0.0,-0.0012611515065338308,-5.120981911155287e-05,-0.0012100036514903767,-0.0005562828079822557,430673501815.548
2024-11-09,2024-11-09 17:00:00+00:00,2024-11-08,1,1396.69,106180000.0,76087.18,1396.0,0.0,-0.0008488120967590218,-0.0003549622975804745,-0.0004940251594842682,-0.00681305428963308,266556385285.2874
2024-11-10,2024-11-10 17:00:00+00:00,2024-11-08,2,1396.69,110032000.0,79775.99,1379.0,0.0,-0.012477997046289158,0.00019006983714175973,-0.012665659523588002,-0.007010915993914235,558436711384.192
2024-11-11,2024-11-11 17:00:00+00:00,2024-11-08,3,1396.69,117536000.0,84200.0,1396.0,0.0,-0.0005552489735274335,-6.125407509749436e-05,-0.0004940251594842682,0.0049286835422550634,902896040730.275
2024-11-12,2024-11-12 17:00:00+00:00,2024-11-12,0,1408.28,123790000.0,87030.31,1423.0,0.0,0.010010807364751573,-0.0004370907971664728,0.010452466838980934,0.010575909754893642,1688795342199.7515
2024-11-13,2024-11-13 17:00:00+00:00,2024-11-13,0,1404.24,129687000.0,92256.0,1407.0,0.0,0.0010608646932408483,-0.0009028367897394585,0.0019654759870106897,0.009735592460804465,1153093205381.9724
2024-11-14,2024-11-14 17:00:00+00:00,2024-11-14,0,1402.77,126942000.0,89198.31,1423.0,0.0,0.01452380295706468,0.00010088199162439082,0.014421466099217906,0.008728996214524942,1184017032090.0261
2024-11-15,2024-11-15 17:00:00+00:00,2024-11-15,0,1397.42,126770000.0,89375.99,1419.0,0.0,0.015006142040308035,-0.00042996264272920914,0.015442744486267479,0.008033680192887749,829116417306.497
2024-11-16,2024-11-16 17:00:00+00:00,2024-11-15,1,1397.42,126802000.0,90612.65,1399.0,0.0,0.0014062953021265479,0.00027532893573822825,0.0011306550643328528,0.004416108711242428,532350158403.146
2024-11-17,2024-11-17 17:00:00+00:00,2024-11-15,2,1397.42,126822000.0,90446.92,1402.0,0.0,0.0033994549889613257,0.00012158801046657786,0.0032774684776228913,0.006725058572159881,395820487398.5092
2024-11-18,2024-11-18 17:00:00+00:00,2024-11-18,0,1394.28,127866000.0,91403.12,1399.0,0.0,0.003330608208494734,-5.4467181601181025e-05,0.0033852597756547365,0.008623825177506594,218793255825.86172
2024-11-19,2024-11-19 17:00:00+00:00,2024-11-19,0,1392.83,129487000.0,92553.79,1400.0,0.0,0.004462781075421418,-0.0006815033105149748,0.005147792623651171,0.009378019768907286,192868493762.6217
2024-11-20,2024-11-20 17:00:00+00:00,2024-11-20,0,1399.51,132373000.0,94048.0,1408.0,0.0,0.005712483985153227,-0.0003517908650128021,0.006066408957420721,0.009435160238509432,269159742727.3034
2024-11-21,2024-11-21 17:00:00+00:00,2024-11-21,0,1401.0,136257000.0,97147.99,1403.0,0.0,0.0011216836784286865,-0.0003054320502646757,0.001427551748750977,-0.0033561597994200554,432080701046.56396
2024-11-22,2024-11-22 17:00:00+00:00,2024-11-22,0,1405.49,137394000.0,98865.3,1389.0,0.0,-0.011228092448451132,0.000510459571365196,-0.011732563020725895,-0.014171470943597941,319209815577.19006
2024-11-23,2024-11-23 17:00:00+00:00,2024-11-22,1,1405.49,135814000.0,97708.85,1390.0,0.0,-0.011030544639541118,-9.582867214752433e-06,-0.011021067385751593,-0.008505259660362752,196910555342.8684
2024-11-24,2024-11-24 17:00:00+00:00,2024-11-22,2,1405.49,133338000.0,96404.0,1383.0,0.0,-0.01591837500310711,8.451418429733515e-05,-0.016001536830571594,-0.010243841209082505,249723791540.96417
2024-11-25,2024-11-25 17:00:00+00:00,2024-11-25,0,1401.03,133357000.0,95912.0,1390.0,0.0,-0.007580166642254693,0.0002949346253249274,-0.007872779312363076,-0.004664378608142505,199519316315.25085
2024-11-26,2024-11-26 17:00:00+00:00,2024-11-26,0,1396.69,131100000.0,94029.43,1395.0,0.0,-0.001751044306024907,-0.0005416961088042793,-0.0012100036514903767,0.002181297139799865,322187765186.73785
2024-11-27,2024-11-27 17:00:00+00:00,2024-11-27,0,1391.14,132597000.0,95689.19,1386.0,0.0,-0.003906785332194018,-0.00021275999064085394,-0.0036948114496025974,-0.0021821311682184152,178223983397.75684
2024-11-28,2024-11-28 17:00:00+00:00,2024-11-27,1,1391.14,133046000.0,94972.0,1400.0,0.0,0.007013748807168652,0.0006407903682890126,0.0063688773236338925,0.0011862361558825363,145668514207.9724
2024-11-29,2024-11-29 17:00:00+00:00,2024-11-29,0,1396.99,135716000.0,97779.99,1388.0,0.0,-0.006454489608232805,-1.9349739052598736e-05,-0.006435264389866746,-0.010493122495326856,147067981514.286
2024-11-30,2024-11-30 17:00:00+00:00,2024-11-29,1,1396.99,134479000.0,96871.31,1389.0,0.0,-0.006275491986224568,-0.0005592509358068876,-0.005719439652395519,-0.006608192422436265,119847160546.11021
2024-12-01,2024-12-01 17:00:00+00:00,2024-11-29,2,1396.99,134896000.0,97187.98,1388.0,0.0,-0.006442012829925403,-6.792149335299591e-06,-0.006435264389866746,-0.014176703560864534,96540966399.47333
2024-12-02,2024-12-02 17:00:00+00:00,2024-12-02,0,1406.13,134266000.0,96167.46,1396.0,0.0,-0.007084177958466942,0.00012086307110403816,-0.0072041703114221756,-0.008046422007157883,220309320808.00937
2024-12-03,2024-12-03 17:00:00+00:00,2024-12-03,0,1427.83,132844000.0,95112.0,1397.0,0.0,-0.021794439331508042,-0.00020669599907474634,-0.021592206355098287,-0.02178961618863484,516493752942.5486
2024-12-04,2024-12-04 17:00:00+00:00,2024-12-04,0,1412.16,133885000.0,94847.81,1412.0,0.0,-0.0004127463986876023,-0.00029947872122570995,-0.00011330160888289864,-0.0023564666730755413,211533340873.9153
2024-12-05,2024-12-05 17:00:00+00:00,2024-12-05,0,1415.88,142161000.0,101037.51,1404.0,0.0,-0.006263165895892264,0.0021453765465271335,-0.008390541571319687,0.0009880377197390988,510701412850.96014
2024-12-06,2024-12-06 17:00:00+00:00,2024-12-06,0,1422.4,138232000.0,99004.07,1398.0,0.0,-0.01840169579293771,-0.0012693648754468212,-0.017154105736783,-0.017130805193614984,364368380740.83026
2024-12-07,2024-12-07 17:00:00+00:00,2024-12-06,1,1422.4,138383000.0,99621.56,1391.0,0.0,-0.02342037379487283,-0.0013753700113782186,-0.022075365579302675,-0.021133809613193666,150252688367.42532
2024-12-08,2024-12-08 17:00:00+00:00,2024-12-06,2,1422.4,139999000.0,99832.96,1402.0,0.0,-0.014108228251738408,0.00023712991064717137,-0.014341957255343152,-0.01799688329824667,93786498192.83232
2024-12-09,2024-12-09 17:00:00+00:00,2024-12-09,0,1430.05,138247000.0,97844.06,1412.0,0.0,-0.01197023501613792,0.0006600321637193485,-0.012621936295933667,-0.002014344680868696,174006926074.30972
2024-12-10,2024-12-10 17:00:00+00:00,2024-12-10,0,1432.6,137990000.0,96319.77,1433.0,0.0,1.6650019953434736e-05,-0.0002624893101287329,0.0002792126204105294,-0.00035505209030350926,296895262376.6901
2024-12-11,2024-12-11 17:00:00+00:00,2024-12-11,0,1428.5,142700000.0,100575.99,1421.0,0.0,-0.006770952493358684,-0.0015287161412829153,-0.005250262513125659,-0.007089044192629901,225470610498.24277
2024-12-12,2024-12-12 17:00:00+00:00,2024-12-12,0,1429.47,144215000.0,101462.49,1420.0,0.0,-0.005671533878675694,0.000959656666513542,-0.006624832980055562,-0.0007564187259466726,197466542593.39014
2024-12-13,2024-12-13 17:00:00+00:00,2024-12-13,0,1434.82,143810000.0,100988.01,1424.0,0.0,-0.007519802567167777,2.137421388792582e-05,-0.0075410155977753135,-0.00712275225374337,113727839690.4748
2024-12-14,2024-12-14 17:00:00+00:00,2024-12-13,1,1434.82,145884000.0,101650.76,1435.0,0.0,0.0002293891815936533,0.00010392486796795275,0.00012545127611840456,0.0022715562264750133,136942019688.79327
2024-12-15,2024-12-15 17:00:00+00:00,2024-12-13,2,1434.82,147762000.0,103127.08,1434.0,0.0,-0.0013975711764688814,-0.0008265432882992307,-0.0005715002578720041,-0.0038230269949329765,150470574876.07584
2024-12-16,2024-12-16 17:00:00+00:00,2024-12-16,0,1437.86,153353000.0,106824.95,1436.0,0.0,-0.0016036698783511438,-0.0003104824312576415,-0.0012935890837771913,0.005609895933331943,277831436303.85583
2024-12-17,2024-12-17 17:00:00+00:00,2024-12-17,0,1436.16,155500000.0,107075.72,1453.0,0.0,0.01119884160966178,-0.0005207650611617209,0.011725713012477712,0.018894324134860252,267026818491.07678
2024-12-18,2024-12-18 17:00:00+00:00,2024-12-18,0,1438.13,154030000.0,104199.62,1477.0,0.0,0.027876730220515844,0.0008262437589916516,0.027028154617454447,0.024638789627687396,268767118873.21167
2024-12-19,2024-12-19 17:00:00+00:00,2024-12-19,0,1446.06,150474000.0,100716.3,1493.0,0.0,0.03317857097374666,0.0006953813411225696,0.0324606171251538,0.04660496137995529,374280946325.70245
2024-12-20,2024-12-20 17:00:00+00:00,2024-12-20,0,1444.52,146301000.0,96727.99,1512.0,0.0,0.04706000784994413,0.00033010749960427077,0.0467144795503005,0.048987769248023616,495834321536.28723
2024-12-21,2024-12-21 17:00:00+00:00,2024-12-20,1,1444.52,147347000.0,97292.0,1514.0,0.0,0.04843282014993888,0.0003184791036920931,0.04809902251266851,0.051905243389981814,196900648547.03818
2024-12-22,2024-12-22 17:00:00+00:00,2024-12-20,2,1444.52,144978000.0,95715.09,1515.0,0.0,0.04857170169408831,-0.00020937654709929365,0.048791293993852625,0.05302262069055774,101050491194.16238
2024-12-23,2024-12-23 17:00:00+00:00,2024-12-23,0,1451.76,142414000.0,93980.61,1513.0,0.0,0.04380554326485253,0.0015565997952295962,0.04218328098308266,0.036646503389696994,154678890861.59573
2024-12-24,2024-12-24 17:00:00+00:00,2024-12-24,0,1457.36,147342000.0,98496.23,1495.0,0.0,0.02645545564772811,0.0006121223028581202,0.025827523741560166,0.021577860406740035,189911972818.4613
2024-12-25,2024-12-25 17:00:00+00:00,2024-12-24,1,1457.36,147789000.0,98425.51,1502.0,0.0,0.03030923226073079,-0.00031194225865616154,0.03063072953834345,0.022209615413348427,135376260268.03955
2024-12-26,2024-12-26 17:00:00+00:00,2024-12-26,0,1467.66,145260000.0,96519.47,1505.0,0.0,0.025429136561267995,-1.2407597667407622e-05,0.025441859831295988,0.02563847479946668,145003473716.15463
2024-12-27,2024-12-27 17:00:00+00:00,2024-12-27,0,1470.4,142055000.0,94165.92,1508.0,0.0,0.025952553217282848,0.0003717733757910846,0.025571273122959592,0.024518769961437314,122511562725.08575
2024-12-28,2024-12-28 17:00:00+00:00,2024-12-27,1,1470.4,142050000.0,94874.89,1498.0,0.0,0.018250093515773003,-0.00051072262644003,0.018770402611534287,0.016148535008283726,65750062046.60357
2024-12-29,2024-12-29 17:00:00+00:00,2024-12-27,2,1470.4,140444000.0,93900.01,1496.0,0.0,0.01718994290483855,-0.0002165160111800013,0.017410228509249226,0.014113860033613035,55902660356.15506
2024-12-30,2024-12-30 17:00:00+00:00,2024-12-30,0,1472.32,137041000.0,92120.6,1487.0,0.0,0.010395840105659193,0.00042098406480417516,0.009970658552488576,0.00973805391830429,156743454191.10706
2024-12-31,2024-12-31 17:00:00+00:00,2024-12-31,0,1477.86,141670000.0,94868.42,1483.0,0.0,0.010468854031836283,0.006966622130471833,0.0034780019758300362,0.008010375283900029,152453504783.38144
2025-01-01,2025-01-01 17:00:00+00:00,2024-12-31,1,1477.86,140743000.0,94090.49,1495.0,0.0,0.012156757906308435,0.0005524991568006676,0.011597850946639232,0.010870162561987584,79981463808.27036
2025-01-02,2025-01-02 17:00:00+00:00,2025-01-02,0,1472.52,144080000.0,97229.74,1482.0,0.0,0.006336843702423378,-0.00010045270668535,0.006437943117920231,0.008080250132938449,146563128562.2835
2025-01-03,2025-01-03 17:00:00+00:00,2025-01-03,0,1470.0,144495000.0,97868.2,1477.0,0.0,0.0043703508120813694,-0.0003896982439001162,0.004761904761904745,0.0022655512829929947,99419695487.51338
2025-01-04,2025-01-04 17:00:00+00:00,2025-01-03,1,1470.0,144510000.0,97704.6,1480.0,0.0,0.00615654174910496,-0.0006418132627133977,0.006802721088435382,0.0028317861931299593,74508590618.68657
2025-01-05,2025-01-05 17:00:00+00:00,2025-01-03,2,1470.0,144546000.0,98035.17,1475.0,0.0,0.0030136352586316306,-0.0003864109625839607,0.00340136054421758,0.0016563098105579765,64588416557.76422
2025-01-06,2025-01-06 17:00:00+00:00,2025-01-06,0,1459.94,149360000.0,102158.67,1464.0,0.0,0.0014380003349643289,-0.0013392116058551506,0.0027809362028576867,0.005823199137449331,157813065446.93655
2025-01-07,2025-01-07 17:00:00+00:00,2025-01-07,0,1452.42,145075000.0,97733.58,1484.0,0.0,0.022013308882392613,0.0002645350990331252,0.02174302199088407,0.028875298756968704,169943117089.33102
2025-01-08,2025-01-08 17:00:00+00:00,2025-01-08,0,1459.85,142348000.0,94787.87,1502.0,0.0,0.028703864205223972,-0.00016422359520895657,0.02887282940028091,0.02693416818720462,176632615730.16266
2025-01-09,2025-01-09 17:00:00+00:00,2025-01-09,0,1459.23,141482000.0,94250.95,1501.0,0.0,0.028707022101093438,8.004521024562727e-05,0.02862468562186904,0.03402034304810342,163326017916.24185
2025-01-10,2025-01-10 17:00:00+00:00,2025-01-10,0,1473.36,141670000.0,93645.05,1514.0,0.0,0.02679605859283085,-0.0007660231913256821,0.027583211163598964,0.021404538478878576,151202553640.1335
2025-01-11,2025-01-11 17:00:00+00:00,2025-01-10,1,1473.36,141723000.0,94448.14,1500.0,0.0,0.018446106469929058,0.00035850361902300953,0.018081120703697717,0.01594318599741218,50303365730.51422
2025-01-12,2025-01-12 17:00:00+00:00,2025-01-10,2,1473.36,142660000.0,95046.76,1501.0,0.0,0.01872280324329867,-3.6356171521534364e-05,0.018759841450833648,0.020302315405687388,59659879726.49956
2025-01-13,2025-01-13 17:00:00+00:00,2025-01-13,0,1466.87,138950000.0,91343.2,1521.0,0.0,0.037028524993903744,0.00012230930822321184,0.036901702264004355,0.025303065626837373,157380295153.9831
2025-01-14,2025-01-14 17:00:00+00:00,2025-01-14,0,1459.5,142711000.0,95745.43,1490.0,0.0,0.021257587240524733,0.00035265005204410116,0.02089756766015749,0.017976403111560568,127313257454.9239
2025-01-15,2025-01-15 17:00:00+00:00,2025-01-15,0,1456.5,145882000.0,98995.58,1474.0,0.0,0.011755130476450715,-0.0002568876940634013,0.012015104703055224,0.006822298102310498,140319321472.84808
2025-01-16,2025-01-16 17:00:00+00:00,2025-01-16,0,1456.16,145729000.0,99346.39,1467.0,0.0,0.007360220763810821,-8.339531872481043e-05,0.00744423689704421,0.008890902466226258,166276586418.84662
2025-01-17,2025-01-17 17:00:00+00:00,2025-01-17,0,1457.04,154586000.0,104972.81,1473.0,0.0,0.010699060988733855,-0.0002518942138325375,0.010953714379838608,0.006448931444776651,217821871578.82574
2025-01-18,2025-01-18 17:00:00+00:00,2025-01-17,1,1457.04,154720000.0,103253.66,1499.0,0.0,0.028417663572121388,-0.00036979817803617365,0.028798111239224822,0.02203842152187252,199747633568.8917
2025-01-19,2025-01-19 17:00:00+00:00,2025-01-17,2,1457.04,157084000.0,104963.11,1497.0,0.0,0.027126151661875264,-0.00029132396966013996,0.027425465326964327,0.04403729652714783,243810965355.16312
2025-01-20,2025-01-20 17:00:00+00:00,2025-01-17,3,1457.04,158907000.0,106670.38,1490.0,0.0,0.022416175791138304,-0.00020049343978534306,0.022621204634052594,0.028880294210466895,489260358463.89545
2025-01-21,2025-01-21 17:00:00+00:00,2025-01-21,0,1435.29,156271000.0,104965.99,1489.0,0.0,0.03726596033137164,-0.0001494558737310525,0.037421008994698024,0.035109525327244206,310634845553.80286
2025-01-22,2025-01-22 17:00:00+00:00,2025-01-22,0,1435.77,154715000.0,103704.64,1492.0,0.0,0.039080892692706204,-7.964255937886744e-05,0.039163654345751864,0.04049115418016669,112868520527.64473
2025-01-23,2025-01-23 17:00:00+00:00,2025-01-23,0,1434.29,156610000.0,105139.18,1489.0,0.0,0.03852733851590906,0.00036895658830293776,0.03814430833374005,0.040012989873396965,177999580163.88162
2025-01-24,2025-01-24 17:00:00+00:00,2025-01-24,0,1429.17,157380000.0,105645.89,1490.0,0.0,0.042348734804095844,-0.00020567696646311973,0.04256316603343202,0.04926165763331514,155036817055.8097
2025-01-25,2025-01-25 17:00:00+00:00,2025-01-24,1,1429.17,157008000.0,104654.9,1499.0,0.0,0.04973172627995215,0.000830614574729438,0.04886052743900304,0.04965191698207394,89115245503.70549
2025-01-26,2025-01-26 17:00:00+00:00,2025-01-24,2,1429.17,157624000.0,104938.02,1502.0,0.0,0.051006949087908815,4.500760849990293e-05,0.05095964790752672,0.06470395725473432,44447036082.515686
2025-01-27,2025-01-27 17:00:00+00:00,2025-01-27,0,1433.83,153310000.0,99744.0,1537.0,0.0,0.07197841383659509,2.264743742674824e-05,0.07195413682235685,0.05893017555985347,250907180273.4073
2025-01-28,2025-01-28 17:00:00+00:00,2025-01-28,0,1446.42,155203000.0,102250.01,1517.0,0.0,0.04940307943996891,0.0005785116437440063,0.04879633854620358,0.06346483517960388,99167128383.24342
2025-01-29,2025-01-29 17:00:00+00:00,2025-01-29,0,1441.85,156898000.0,102092.01,1538.0,0.0,0.06587327098923756,-0.0007611340859349225,0.06668516142455871,0.06304986544877655,65065660454.32619
2025-01-30,2025-01-30 17:00:00+00:00,2025-01-30,0,1442.16,159831000.0,105696.96,1511.0,0.0,0.04854017312224168,0.000769487802761093,0.047733954623619956,0.046744978431006556,144652796246.05258
2025-01-31,2025-01-31 17:00:00+00:00,2025-01-31,0,1453.86,158792000.0,105081.87,1511.0,0.0,0.039389291247792446,8.372930080446928e-05,0.03930227119530083,0.05143600873320908,87772342643.5595
2025-02-01,2025-02-01 17:00:00+00:00,2025-01-31,1,1453.86,157234000.0,101892.32,1543.0,0.0,0.06140816478270894,9.000288463312245e-05,0.061312643583288695,0.07519542686263003,99514376682.95581
2025-02-02,2025-02-02 17:00:00+00:00,2025-01-31,2,1453.86,155449000.0,98264.0,1582.0,0.0,0.08810525005989023,-2.989958781796087e-05,0.08813778493114888,0.0846646574258465,140201602022.1213
2025-02-03,2025-02-03 17:00:00+00:00,2025-02-03,0,1461.21,155818000.0,98543.08,1582.0,0.0,0.08212855626691251,-0.0004949003143013275,0.08266436720252401,0.06872618454038171,488637235205.3864
2025-02-04,2025-02-04 17:00:00+00:00,2025-02-04,0,1451.02,154750000.0,99043.48,1561.0,0.0,0.07679087805079843,0.00092575263886574,0.07579495802952407,0.08598664151017998,243571034052.57846
2025-02-05,2025-02-05 17:00:00+00:00,2025-02-05,0,1442.37,153083000.0,97974.01,1563.0,0.0,0.08327669473486154,-0.00032897876857207464,0.08363318704631961,0.08579874158195122,126903159331.58679
2025-02-06,2025-02-06 17:00:00+00:00,2025-02-06,0,1447.05,150732000.0,96586.96,1560.0,0.0,0.0784584730329676,0.00037393166817656365,0.0780553539960609,0.08200767336567383,106008606671.41373
2025-02-07,2025-02-07 17:00:00+00:00,2025-02-07,0,1453.97,150602000.0,97827.66,1539.0,0.0,0.058799257588820764,0.00030042661235718526,0.058481261649139915,0.06572933287317073,146800235019.39282
2025-02-08,2025-02-08 17:00:00+00:00,2025-02-07,1,1453.97,148515000.0,96132.07,1544.0,0.0,0.06254315971030011,0.0005867084999904293,0.061920122148324985,0.06033214440272805,91352151499.45486
2025-02-09,2025-02-09 17:00:00+00:00,2025-02-07,2,1453.97,147627000.0,96442.16,1531.0,0.0,0.05279404549458966,-0.00017572937441634462,0.05297908485044389,0.053360747912726936,72116167764.42444
2025-02-10,2025-02-10 17:00:00+00:00,2025-02-10,0,1451.0,147223000.0,97300.75,1514.0,0.0,0.042778487078843686,-0.000613220111359114,0.04341833218470015,0.04525560052537925,94447039769.19308
2025-02-11,2025-02-11 17:00:00+00:00,2025-02-11,0,1452.31,146199000.0,96365.05,1517.0,0.0,0.04463728669920153,9.042705742756674e-05,0.04454283176456819,0.049621713435117565,78155285712.7523
2025-02-12,2025-02-12 17:00:00+00:00,2025-02-12,0,1453.49,146697000.0,96986.14,1513.0,0.0,0.04063758967298092,-0.00029323845751416666,0.040942834144025664,0.03940828098476934,135584456296.63812
2025-02-13,2025-02-13 17:00:00+00:00,2025-02-13,0,1446.95,144606000.0,95359.22,1516.0,0.0,0.04802127481019425,0.0002865327088459324,0.04772106845433499,0.04300718560736172,99180550098.8147
2025-02-14,2025-02-14 17:00:00+00:00,2025-02-14,0,1439.89,146493000.0,97658.7,1501.0,0.0,0.04178144631073977,-0.0006324538784999723,0.04244074200112502,0.04433389382168551,82229763687.6594
2025-02-15,2025-02-15 17:00:00+00:00,2025-02-14,1,1439.89,147160000.0,97535.39,1509.0,0.0,0.047847879224998335,-0.00014202596601520234,0.04799672197181715,0.04904578954233463,59536947863.07831
2025-02-16,2025-02-16 17:00:00+00:00,2025-02-14,2,1439.89,146235000.0,97052.64,1508.0,0.0,0.04644079106732013,-0.0008225260942151813,0.0473022244754806,0.051022432758852876,34826062076.24036
2025-02-17,2025-02-17 17:00:00+00:00,2025-02-14,3,1439.89,144117000.0,95334.75,1511.0,0.0,0.04986791992983752,0.0004595097470374565,0.049385716964490234,0.0463651096662665,66325974989.15051
2025-02-18,2025-02-18 17:00:00+00:00,2025-02-18,0,1438.83,143000000.0,94639.98,1510.0,0.0,0.05015139405076097,0.0006551856305010428,0.049463800448976025,0.044703162330763435,82335426295.05307
2025-02-19,2025-02-19 17:00:00+00:00,2025-02-19,0,1441.06,143610000.0,96300.0,1492.0,0.0,0.03484744463587797,-0.00048441114813790875,0.03534897922362701,0.03564049830238436,93083839277.97623
2025-02-20,2025-02-20 17:00:00+00:00,2025-02-20,0,1434.71,144655000.0,97550.73,1484.0,0.0,0.03356739497551886,-0.0007618077861679673,0.03435537495382346,0.03276985792709919,63720075679.73294
2025-02-21,2025-02-21 17:00:00+00:00,2025-02-21,0,1434.06,144797000.0,98215.81,1474.0,0.0,0.028041955387242634,0.00018578462864926593,0.02785099647155631,0.03562128434101419,76835552289.05617
2025-02-22,2025-02-22 17:00:00+00:00,2025-02-21,1,1434.06,142155000.0,96504.01,1474.0,0.0,0.027186865734347476,-0.0006461352272737475,0.02785099647155631,0.02729351580805761,85011970515.99632
2025-02-23,2025-02-23 17:00:00+00:00,2025-02-21,2,1434.06,140313000.0,95420.5,1470.0,0.0,0.02538958062002661,0.0003198516897655601,0.02506171289904202,0.02368341423164133,49879269147.49639
2025-02-24,2025-02-24 17:00:00+00:00,2025-02-24,0,1429.77,137484000.0,94434.49,1456.0,0.0,0.018252159084274577,-9.176545747024978e-05,0.01834560803485874,0.01005686153531471,124422463165.36884
2025-02-25,2025-02-25 17:00:00+00:00,2025-02-25,0,1433.79,126808000.0,87460.0,1451.0,0.0,0.011233929526102138,-0.0007600993692420399,0.012003152483976098,0.018882790652577475,444809519490.7979
2025-02-26,2025-02-26 17:00:00+00:00,2025-02-26,0,1433.2,126340000.0,86805.99,1455.0,0.0,0.015510407386518876,0.00029519990815041197,0.015210717276025632,0.01666929360507341,177703178299.9136
2025-02-27,2025-02-27 17:00:00+00:00,2025-02-27,0,1447.35,123565000.0,84471.69,1463.0,0.0,0.01067314252919771,-0.00013822772410509998,0.010812864891007745,0.014110888439856417,230240696544.62747
2025-02-28,2025-02-28 17:00:00+00:00,2025-02-28,0,1459.04,124690000.0,84363.69,1479.0,0.0,0.012998633236240398,-0.0006723963238647324,0.013680228095185987,0.011294907451901537,318057123241.22833
2025-03-01,2025-03-01 17:00:00+00:00,2025-02-28,1,1459.04,126766000.0,85274.82,1487.0,0.0,0.018860620846954168,-0.00029697361093483643,0.01916328544796575,0.02095544151354045,165776536711.62006
2025-03-02,2025-03-02 17:00:00+00:00,2025-02-28,2,1459.04,136393000.0,91200.0,1490.0,0.0,0.025014585413528412,0.0037162957729894863,0.021219431955258328,0.03458754688386301,208667627282.11218
2025-03-03,2025-03-03 17:00:00+00:00,2025-03-03,0,1456.49,136044000.0,90154.0,1508.0,0.0,0.03606471908480313,0.0006750017903347505,0.03536584528558384,0.035432099116010196,438922035890.66455
2025-03-04,2025-03-04 17:00:00+00:00,2025-03-04,0,1458.46,126277000.0,83555.37,1511.0,0.0,0.03622810305666846,0.0001967168656709095,0.03602429960369147,0.025324370925669637,309712326138.77856
2025-03-05,2025-03-05 17:00:00+00:00,2025-03-05,0,1445.21,133301000.0,88926.53,1498.0,0.0,0.037220527872186215,0.0006685441162632699,0.036527563468284896,0.03163387229418935,225917798466.32227
2025-03-06,2025-03-06 17:00:00+00:00,2025-03-06,0,1447.34,132887000.0,89316.02,1487.0,0.0,0.027975040415820107,0.0005577639511991084,0.027401992620946114,0.02806485548133586,182610955488.91492
2025-03-07,2025-03-07 17:00:00+00:00,2025-03-07,0,1449.3,130426000.0,87237.37,1495.0,0.0,0.03158096271159727,4.7016226031981745e-05,0.03153246394811293,0.02943697485562402,252405892646.33026
2025-03-08,2025-03-08 17:00:00+00:00,2025-03-07,1,1449.3,128633000.0,86148.09,1493.0,0.0,0.030263830115795587,0.00010808371521942028,0.030152487407714146,0.02871911111785752,132595755824.54863
2025-03-09,2025-03-09 16:00:00+00:00,2025-03-07,2,1449.3,124060000.0,83080.41,1493.0,0.0,0.030326460846045178,0.00016888124860892084,0.030152487407714146,0.03336239232870297,100384397384.7731
2025-03-10,2025-03-10 16:00:00+00:00,2025-03-10,0,1456.74,119530000.0,80043.85,1493.0,0.0,0.02510158393734696,0.0002052788914204129,0.024891195408926814,0.025095407634065037,237194035884.5593
2025-03-11,2025-03-11 16:00:00+00:00,2025-03-11,0,1453.07,120585000.0,81232.24,1485.0,0.0,0.021593972981891252,-0.0003720172923927789,0.021974165043666227,0.02202818535985518,241346675108.68594
2025-03-12,2025-03-12 16:00:00+00:00,2025-03-12,0,1451.7,121579000.0,81738.97,1486.0,0.0,0.024595700904803675,0.0009458808906483984,0.023627471240614373,0.01983537153018511,144078423906.21176
2025-03-13,2025-03-13 16:00:00+00:00,2025-03-13,0,1455.76,120183000.0,81044.72,1482.0,0.0,0.01865830997110507,0.0006221466420619493,0.018024949167445126,0.01730016717310856,93250805853.01584
2025-03-14,2025-03-14 16:00:00+00:00,2025-03-14,0,1451.76,124836000.0,84724.58,1473.0,0.0,0.014928840471086335,0.0002940213457600649,0.014630517440899382,0.015087742033891738,104709278670.06438
2025-03-15,2025-03-15 16:00:00+00:00,2025-03-14,1,1451.76,124250000.0,84346.02,1474.0,0.0,0.014698402519844,-0.0006115652359506285,0.015319336529453942,0.013090796823932882,55313034265.83145
2025-03-16,2025-03-16 16:00:00+00:00,2025-03-14,2,1451.76,122718000.0,83320.83,1473.0,0.0,0.01451822922600754,-0.00011066906914558583,0.014630517440899382,0.014886754678665515,44684872322.31925
2025-03-17,2025-03-17 16:00:00+00:00,2025-03-17,0,1444.71,122328000.0,83531.06,1465.0,0.0,0.013671424381556996,-0.00036775186465565213,0.014044341078832456,0.011789305601776823,68582537809.25548
2025-03-18,2025-03-18 16:00:00+00:00,2025-03-18,0,1451.28,120100000.0,81610.21,1471.0,0.0,0.014021823110979215,0.00042800234160544903,0.013588005071385245,0.010107499894426164,73421579663.30763
2025-03-19,2025-03-19 16:00:00+00:00,2025-03-19,0,1462.15,124347000.0,84733.05,1467.0,0.0,0.00366907765033031,0.0003508806315135615,0.0033170331361351835,0.002490190334251574,67939688973.09431
2025-03-20,2025-03-20 16:00:00+00:00,2025-03-20,0,1467.77,125135000.0,84691.76,1476.0,0.0,0.006652631056008218,0.0010396560196999083,0.005607145533700786,0.004905614684836301,111871292858.39265
2025-03-21,2025-03-21 16:00:00+00:00,2025-03-21,0,1466.49,123783000.0,83565.48,1480.0,0.0,0.01007817207770434,0.0008577963312383918,0.009212473320650005,0.00906318779320392,55809438584.8856
2025-03-22,2025-03-22 16:00:00+00:00,2025-03-21,1,1466.49,124183000.0,84109.09,1477.0,0.0,0.006792814131272307,-0.0003712972272378323,0.0071667723612163226,0.009577876275091324,25155265004.66566
2025-03-23,2025-03-23 16:00:00+00:00,2025-03-21,2,1466.49,125614000.0,85189.41,1477.0,0.0,0.005479751212860373,-0.001675016685072861,0.0071667723612163226,,30461653288.8671
2025-03-24,2025-03-24 16:00:00+00:00,2025-03-24,0,1466.91,130405000.0,88350.01,1476.0,0.0,0.006199671680157337,2.9541899320140175e-06,0.00619669918399901,0.00352993623799458,80686861469.67441
2025-03-25,2025-03-25 16:00:00+00:00,2025-03-25,0,1465.32,129425000.0,87774.37,1475.0,0.0,0.006277994063265124,-0.0003259184672654847,0.006606065569295438,0.006375832938634085,72672397172.47984
2025-03-26,2025-03-26 16:00:00+00:00,2025-03-26,0,1467.25,128251000.0,86752.52,1478.0,0.0,0.007568410161969519,0.0002400201692487336,0.0073266314533992905,0.008120614680264149,67524415380.10872
2025-03-27,2025-03-27 16:00:00+00:00,2025-03-27,0,1463.9,128311000.0,86974.07,1476.0,0.0,0.007772922580453923,-0.0004886305111609923,0.008265591912015813,0.008121136836029885,63269532749.01433
2025-03-28,2025-03-28 16:00:00+00:00,2025-03-28,0,1469.2,125177000.0,84051.16,1488.0,0.0,0.013677735623527143,0.000870516920757014,0.012796079499047153,0.014299853485850944,80679850099.60007
2025-03-29,2025-03-29 16:00:00+00:00,2025-03-28,1,1469.2,122890000.0,82414.23,1491.0,0.0,0.014923758762561468,8.449790339049024e-05,0.014838007078682214,0.015686472911138782,63258261921.76665
2025-03-30,2025-03-30 16:00:00+00:00,2025-03-28,2,1469.2,123719000.0,82729.57,1493.0,0.0,0.017875624660300904,0.001649610014008207,0.016199292131772403,0.016825038299822292,35159605784.12056
2025-03-31,2025-03-31 16:00:00+00:00,2025-03-31,0,1474.44,124290000.0,83418.78,1490.0,0.0,0.010520782499168213,-3.2038558339775314e-05,0.010553159165513692,0.011345872231875553,73279900076.8781
2025-04-01,2025-04-01 16:00:00+00:00,2025-04-01,0,1471.0,126329000.0,85280.87,1482.0,0.0,0.007021547638601966,-0.00045297127099619416,0.007477906186267758,0.010202786786730256,83025427813.28546
2025-04-02,2025-04-02 16:00:00+00:00,2025-04-02,0,1462.06,128174000.0,86757.67,1478.0,0.0,0.0104779995152815,-0.00041984846325282543,0.01090242534506114,0.018287169724889862,86241289955.2782
2025-04-03,2025-04-03 16:00:00+00:00,2025-04-03,0,1450.55,121999000.0,82039.31,1485.0,0.0,0.025183407247551415,0.0014005329178019554,0.023749612216056093,0.02079663267885201,164966626274.7294
2025-04-04,2025-04-04 16:00:00+00:00,2025-04-04,0,1457.76,122532000.0,82860.0,1477.0,0.0,0.01442177740126982,0.001207508615081343,0.01319833168697171,0.009057906302077257,123111047516.40967
2025-04-05,2025-04-05 16:00:00+00:00,2025-04-04,1,1457.76,122321000.0,82618.26,1480.0,0.0,0.015638018237817963,0.00037599828808221325,0.01525628361321485,0.012733460595286461,59405671755.253525
2025-04-06,2025-04-06 16:00:00+00:00,2025-04-04,2,1457.76,122109000.0,82548.36,1479.0,0.0,0.014736298260425107,0.0001636147073140748,0.014570299637800543,0.028005107310319577,35579024436.83163
2025-04-07,2025-04-07 16:00:00+00:00,2025-04-07,0,1470.22,117060000.0,78479.9,1490.0,0.0,0.014536677958979949,0.0010685333347997261,0.013453768823713519,0.01455158889160324,354745665091.5529
2025-04-08,2025-04-08 16:00:00+00:00,2025-04-08,0,1477.97,117475000.0,78497.99,1496.0,0.0,0.012561238869338798,0.0003577100345699691,0.012199165071009599,0.01423511458380644,125292375927.67378
2025-04-09,2025-04-09 16:00:00+00:00,2025-04-09,0,1472.75,115612000.0,77258.0,1498.0,0.0,0.016085892426682902,-0.001041056027104692,0.01714479714819217,-0.0020675763846118578,177416064635.41602
2025-04-10,2025-04-10 16:00:00+00:00,2025-04-10,0,1450.37,116946000.0,78757.0,1485.0,0.0,0.023805360440029233,-6.964267918851963e-05,0.0238766659542049,0.021513592974959694,196990864546.71365
2025-04-11,2025-04-11 16:00:00+00:00,2025-04-11,0,1418.79,120491000.0,82521.74,1462.0,0.0,0.02912496423519162,-0.0012912393931275856,0.030455529007111792,0.02658893081874525,105061552526.48358
2025-04-12,2025-04-12 16:00:00+00:00,2025-04-11,1,1418.79,123005000.0,85008.4,1447.0,0.0,0.01986527387192738,-1.7517680199197194e-05,0.019883139858611898,0.021456209365407375,70898608669.03705
2025-04-13,2025-04-13 16:00:00+00:00,2025-04-11,2,1418.79,121780000.0,83849.66,1453.0,0.0,0.023661913082933417,-0.0004395831638436265,0.024112095518011856,0.0234786273111518,73142505657.06125
2025-04-14,2025-04-14 16:00:00+00:00,2025-04-14,0,1422.56,122190000.0,84101.16,1453.0,0.0,0.0213229379903066,-7.353154336520173e-05,0.02139804296479597,0.019964017549387814,94059862937.08078
2025-04-15,2025-04-15 16:00:00+00:00,2025-04-15,0,1427.16,123454000.0,84918.14,1452.0,0.0,0.018666509017311705,0.0012397348547841247,0.017405196333977857,0.02387168551462171,78986191169.59528
2025-04-16,2025-04-16 16:00:00+00:00,2025-04-16,0,1415.24,122905000.0,84846.58,1448.0,0.0,0.02354069582682139,0.0003837944488609413,0.023148017297419443,0.024190789497746445,76334696051.86977
2025-04-17,2025-04-17 16:00:00+00:00,2025-04-17,0,1416.1,122343000.0,84531.71,1447.0,0.0,0.022034481910472303,0.00020941937347607187,0.021820492903043665,0.019487674520084708,64547565771.424904
2025-04-18,2025-04-18 16:00:00+00:00,2025-04-18,0,1423.49,122241000.0,84374.59,1449.0,0.0,0.01777270108315454,-0.00014543667021416073,0.0179207440867164,0.017015739290028087,35288020646.70524
2025-04-19,2025-04-19 16:00:00+00:00,2025-04-18,1,1423.49,123041000.0,85191.19,1444.0,0.0,0.014613757568539443,0.00020258847731335905,0.01440825014576852,0.014051518500558746,27642444094.8386
2025-04-20,2025-04-20 16:00:00+00:00,2025-04-18,2,1423.49,122002000.0,84344.66,1447.0,0.0,0.01614325265768346,-0.0003664417928916919,0.01651574651033716,0.012059232905780704,32994807175.857212
2025-04-21,2025-04-21 16:00:00+00:00,2025-04-21,0,1420.52,126254000.0,88044.8,1434.0,0.0,0.009471547082403609,-1.7767042192473603e-05,0.009489482724636122,0.014321634930786198,123005359239.86996
2025-04-22,2025-04-22 16:00:00+00:00,2025-04-22,0,1425.0,130425000.0,90934.61,1436.0,0.0,0.006506937121891099,-0.0012030742348921875,0.007719298245614015,0.006449109078034754,136672041074.61694
2025-04-23,2025-04-23 16:00:00+00:00,2025-04-23,0,1425.88,133467000.0,93195.28,1433.0,0.0,0.004377566333961136,-0.0006127813787379921,0.004993407579880316,0.005492556044060404,181584730939.65573
2025-04-24,2025-04-24 16:00:00+00:00,2025-04-24,0,1432.97,133953000.0,93202.51,1438.0,0.0,0.0029695263054327903,-0.0005387746106425562,0.003510192118467259,0.0011049571892414178,94215262033.07513
2025-04-25,2025-04-25 16:00:00+00:00,2025-04-25,0,1440.72,137323000.0,95061.22,1444.0,0.0,0.002675293627689479,0.00039774863939379124,0.0022766394580486793,0.0020767542219497503,103140191051.60628
2025-04-26,2025-04-26 16:00:00+00:00,2025-04-25,1,1440.72,136174000.0,94373.24,1442.0,0.0,0.0015341082746929136,0.0006450904809400804,0.0008884446665555767,0.0014123404732280243,63080829288.637695
2025-04-27,2025-04-27 16:00:00+00:00,2025-04-25,2,1440.72,135639000.0,93901.08,1444.0,0.0,0.002615482821594295,0.0003380736916394067,0.0022766394580486793,0.0004257792096546975,47425447848.07716
2025-04-28,2025-04-28 16:00:00+00:00,2025-04-28,0,1436.31,135515000.0,93833.51,1444.0,0.0,0.005498027837733677,0.0001432634097058294,0.0053539973961054255,0.0032571750978758196,93674998754.0212
2025-04-29,2025-04-29 16:00:00+00:00,2025-04-29,0,1432.01,136681000.0,94843.1,1442.0,0.0,0.006366927792106569,-0.0006050594538319354,0.006976208266701978,0.01007796977575559,67079261643.74125
2025-04-30,2025-04-30 16:00:00+00:00,2025-04-30,0,1425.68,135850000.0,94004.63,1444.0,0.0,0.013650738628205428,0.000790571362506931,0.012850008417035985,0.01264616381755701,85479646572.54536
2025-05-01,2025-05-01 16:00:00+00:00,2025-05-01,0,1437.58,139476000.0,96854.3,1441.0,0.0,0.0017250979853951076,-0.0006523481180815693,0.0023789980383701614,0.002595559674127168,95070509861.55986
2025-05-02,2025-05-02 16:00:00+00:00,2025-05-02,0,1398.89,138723000.0,97330.19,1425.0,0.0,0.0188666229505976,0.000198126441657287,0.01866479851882552,0.0226551160721411,97988408045.85988
2025-05-03,2025-05-03 16:00:00+00:00,2025-05-02,1,1398.89,137917000.0,96418.68,1431.0,0.0,0.022522926982074365,-0.0004213156352522729,0.022953913459957453,0.025888176924522943,37839021525.00099
2025-05-04,2025-05-04 16:00:00+00:00,2025-05-02,2,1398.89,137001000.0,95467.6,1434.0,0.0,0.025850718027217168,0.0007338291081548931,0.02509847093052331,0.029313484399682288,28588699947.18784
2025-05-05,2025-05-05 16:00:00+00:00,2025-05-05,0,1375.11,133607000.0,93770.31,1424.0,0.0,0.036159040066899406,0.0005847314511193691,0.03555351935481532,0.03578565153089719,77993468192.03835
2025-05-06,2025-05-06 16:00:00+00:00,2025-05-06,0,1377.15,134571000.0,94558.95,1423.0,0.0,0.03339794159403309,0.00010117727773928387,0.0332933957811421,0.03058775640182021,48854662701.63274
2025-05-07,2025-05-07 16:00:00+00:00,2025-05-07,0,1391.86,137451000.0,96923.91,1418.0,0.0,0.0188762152113231,9.382856419759555e-05,0.018780624488095032,0.018860230348098472,78024143913.55736
2025-05-08,2025-05-08 16:00:00+00:00,2025-05-08,0,1403.61,141786000.0,100758.08,1409.0,0.0,0.002552244702035189,-0.0012829267663424515,0.0038400980329293954,-0.00024847951502249277,157994627131.8917
2025-05-09,2025-05-09 16:00:00+00:00,2025-05-09,0,1398.51,144186000.0,102895.99,1402.0,0.0,0.001980034082927018,-0.0005141958164663896,0.0024955130817798654,-0.0016482333863588883,181974194342.1519
2025-05-10,2025-05-10 16:00:00+00:00,2025-05-09,1,1398.51,144033000.0,103138.77,1396.0,0.0,-0.0014392704337461426,0.0003561360356028054,-0.0017947672880422871,-0.009518370051015412,60357393762.045425
2025-05-11,2025-05-11 16:00:00+00:00,2025-05-09,2,1398.51,145811000.0,104150.0,1400.0,0.0,0.0010722851722517746,6.858240175544594e-06,0.0010654196251724812,-0.0006666035108673363,95807031163.25548
2025-05-12,2025-05-12 16:00:00+00:00,2025-05-12,0,1417.77,144009000.0,102527.26,1404.0,0.0,-0.009294666537401408,0.00042186654078957275,-0.009712435726528246,-0.004991611507203508,129939195238.57112
2025-05-13,2025-05-13 16:00:00+00:00,2025-05-13,0,1418.65,146232000.0,103682.55,1411.0,0.0,-0.0058280911764723164,-0.000438002514176139,-0.005392450569203233,-0.011319515557606685,110266353160.35048
2025-05-14,2025-05-14 16:00:00+00:00,2025-05-14,0,1398.83,145634000.0,103514.24,1406.0,0.0,0.0057678345429350575,0.000638847790678243,0.005125712202340482,0.0066797236855780096,91414819919.85846
2025-05-15,2025-05-15 16:00:00+00:00,2025-05-15,0,1397.65,146037000.0,103251.35,1416.0,0.0,0.011972556717961824,-0.001141635666059626,0.013129181125460576,0.00691362388346195,91090472405.80879
2025-05-16,2025-05-16 16:00:00+00:00,2025-05-16,0,1401.19,146799000.0,104183.33,1410.0,0.0,0.005605947722848059,-0.0006773064611507174,0.006287512757013669,0.01083251699659904,89410384158.88708
2025-05-17,2025-05-17 16:00:00+00:00,2025-05-16,1,1401.19,146242000.0,102939.53,1419.0,0.0,0.013894827867184212,0.0011693402813390819,0.012710624540569038,0.014691825849568296,59253570931.74538
2025-05-18,2025-05-18 16:00:00+00:00,2025-05-16,2,1401.19,149125000.0,105518.0,1413.0,0.0,0.008618376562081975,0.00018823995401540117,0.008428550018198866,0.00838920115832198,66340466164.217865
2025-05-19,2025-05-19 16:00:00+00:00,2025-05-19,0,1388.48,148291000.0,104786.41,1415.0,0.0,0.01922531942140826,0.00012294806377166623,0.019100023046785042,0.014305314287704318,158116122287.4558
2025-05-20,2025-05-20 16:00:00+00:00,2025-05-20,0,1393.36,149013000.0,105333.68,1415.0,0.0,0.01529807361489377,-0.00022917042258074893,0.01553080323821554,0.010830820095440341,109271375789.79578
2025-05-21,2025-05-21 16:00:00+00:00,2025-05-21,0,1371.64,151603000.0,108973.35,1392.0,0.0,0.014255454348058416,-0.0005794889353656352,0.014843544953486276,0.014162431437830136,169939991678.63757
2025-05-22,2025-05-22 16:00:00+00:00,2025-05-22,0,1381.55,154461000.0,111290.86,1389.0,0.0,0.004598988538669246,-0.0007892493768189013,0.005392493937968368,0.003953636572908703,235946300915.63632
2025-05-23,2025-05-23 16:00:00+00:00,2025-05-23,0,1365.03,151529000.0,108940.0,1390.0,0.0,0.01898124360218234,0.0006762352189113585,0.018292638257034755,0.023682415393545098,167943512865.66254
2025-05-24,2025-05-24 16:00:00+00:00,2025-05-23,1,1365.03,151884000.0,108929.7,1394.0,0.0,0.021465075386462917,0.00023706732767836414,0.021222976784393,0.02475733219186904,84635280279.28676
2025-05-25,2025-05-25 16:00:00+00:00,2025-05-23,2,1365.03,150161000.0,106967.97,1403.0,0.0,0.028397948485562097,0.0005659669431554715,0.027816238470949273,0.022850456098935767,51280739649.21634
2025-05-26,2025-05-26 16:00:00+00:00,2025-05-23,3,1365.03,152688000.0,110009.82,1388.0,0.0,0.016789976261426753,-3.6872265032239504e-05,0.01682746899335541,0.018497763016998015,80696516374.64722
2025-05-27,2025-05-27 16:00:00+00:00,2025-05-27,0,1375.85,152605000.0,110140.11,1386.0,0.0,0.007052632706859185,-0.0003222476841761024,0.007377257695243111,0.009036532428957855,106744060212.98201
2025-05-28,2025-05-28 16:00:00+00:00,2025-05-28,0,1374.6,149544000.0,107107.31,1396.0,0.0,0.015718917739588667,0.00014844149343717916,0.015568165284446378,0.014735501167556286,82841357706.26715
2025-05-29,2025-05-29 16:00:00+00:00,2025-05-29,0,1371.75,149143000.0,107019.89,1392.0,0.0,0.01592911218115134,0.0011499710017917053,0.014762165117550463,0.017641619077478188,91421890931.37125
2025-05-30,2025-05-30 16:00:00+00:00,2025-05-30,0,1381.13,148031000.0,105543.0,1402.0,0.0,0.01552046431317522,0.0004035512673723485,0.01511081505723566,0.02378216315124737,106009199654.39899
2025-05-31,2025-05-31 16:00:00+00:00,2025-05-30,1,1381.13,148393000.0,104556.08,1418.0,0.0,0.02761293828168121,0.0008935525028057612,0.026695531919515014,0.024824458772940927,76605916909.36388
2025-06-01,2025-06-01 16:00:00+00:00,2025-05-30,2,1381.13,148129000.0,104715.1,1415.0,0.0,0.02422700026822211,-0.00028930255798598203,0.024523397507837608,0.02149580389851602,32369950908.38002
2025-06-02,2025-06-02 16:00:00+00:00,2025-06-02,0,1376.42,146876000.0,104438.79,1405.0,0.0,0.021734435048692102,0.0009506840496231739,0.02076401098501912,0.01655361518439391,68181049411.75667
2025-06-03,2025-06-03 16:00:00+00:00,2025-06-03,0,1378.45,148620000.0,106610.66,1395.0,0.0,0.011313040349323567,-0.0006849745738171098,0.012006238891508536,0.013770276759813571,55155384246.87223
2025-06-04,2025-06-04 16:00:00+00:00,2025-06-04,0,1364.16,146199000.0,105298.27,1387.0,0.0,0.017789239696651693,0.0010291054250790577,0.016742904058175023,0.01750927203953223,51604711700.36849
2025-06-05,2025-06-05 16:00:00+00:00,2025-06-05,0,1355.97,144768000.0,104531.49,1384.0,0.0,0.02135178566340956,0.0006664601199519726,0.020671548780577753,0.02878666624475157,58313060435.8912
2025-06-06,2025-06-06 16:00:00+00:00,2025-06-06,0,1360.28,145748000.0,105092.28,1387.0,0.0,0.019538139938786392,-0.0001028543648647906,0.019643014673449644,0.02275826289027938,99637229589.69937
2025-06-07,2025-06-07 16:00:00+00:00,2025-06-06,1,1360.28,146391000.0,105558.11,1387.0,0.0,0.01951697004469155,-0.00012361642942115836,0.019643014673449644,0.02008992744755922,33630664352.077053
2025-06-08,2025-06-08 16:00:00+00:00,2025-06-06,2,1360.28,146352000.0,105984.52,1382.0,0.0,0.015144606995625143,-0.0008097641070848871,0.015967300849825117,0.013718862803417275,29765311638.10719
2025-06-09,2025-06-09 16:00:00+00:00,2025-06-09,0,1354.99,148012000.0,107635.91,1375.0,0.0,0.014854192248973552,8.529596759032643e-05,0.014767636661525252,0.00662433394234041,62209803198.22175
2025-06-10,2025-06-10 16:00:00+00:00,2025-06-10,0,1367.55,149720000.0,109015.42,1373.0,0.0,0.004265797929465354,0.00027945517730554315,0.003985229059266571,-0.0006746563036702513,86122376107.22403
2025-06-11,2025-06-11 16:00:00+00:00,2025-06-11,0,1368.29,150705000.0,109735.7,1373.0,0.0,0.0036945593266313193,0.0002514410641194509,0.0034422527388200397,0.00686790176521801,61570605397.49978
2025-06-12,2025-06-12 16:00:00+00:00,2025-06-12,0,1356.47,147179000.0,107020.95,1375.0,0.0,0.013834002606481155,0.00017120692044625407,0.01366045692127349,0.01715822021563085,82714430474.80367
2025-06-13,2025-06-13 16:00:00+00:00,2025-06-13,0,1364.93,146394000.0,105436.87,1388.0,0.0,0.017232888702805926,0.00032542275008706767,0.01690196566856894,0.017313457357734263,126518226281.88672
2025-06-14,2025-06-14 16:00:00+00:00,2025-06-13,1,1364.93,145489000.0,104841.3,1388.0,0.0,0.01668726142223531,-0.00021113563901176136,0.01690196566856894,0.01734315339240622,35590885162.732635
2025-06-15,2025-06-15 16:00:00+00:00,2025-06-13,2,1364.93,146236000.0,105564.0,1385.0,0.0,0.014911285986533906,0.00020423218888065975,0.01470405075718162,0.012929911912203051,38737279877.43301
2025-06-16,2025-06-16 16:00:00+00:00,2025-06-16,0,1357.55,147450000.0,107424.96,1374.0,0.0,0.011075861567524603,-0.0010290859745321068,0.012117417406356967,0.012016132194773821,57891369967.238716
2025-06-17,2025-06-17 16:00:00+00:00,2025-06-17,0,1370.29,144428000.0,104241.63,1384.0,0.0,0.011108392575481352,0.0010922827039423488,0.010005181384962425,0.015597463909810871,87055652862.76062
2025-06-18,2025-06-18 16:00:00+00:00,2025-06-18,0,1372.11,145328000.0,104801.01,1387.0,0.0,0.01063631416035693,-0.0002132710724100928,0.010851899629038542,0.009893259390607811,57618645255.455414
2025-06-19,2025-06-19 16:00:00+00:00,2025-06-18,1,1372.11,144593000.0,104096.93,1389.0,0.0,0.012326061185271575,1.6351197208885893e-05,0.012309508712858408,0.009713593197199,43188481932.60115
2025-06-20,2025-06-20 16:00:00+00:00,2025-06-20,0,1372.45,144811000.0,104217.99,1389.0,0.0,0.012423758465190282,0.0003606820054358195,0.012058727093883226,0.015423948413294086,61048602534.42549
2025-06-21,2025-06-21 16:00:00+00:00,2025-06-20,1,1372.45,144248000.0,103560.9,1392.0,0.0,0.014886446787325536,0.0006328332566558625,0.01424459907464759,0.01853233595149195,44400552059.76055
2025-06-22,2025-06-22 16:00:00+00:00,2025-06-20,2,1372.45,138005000.0,98906.21,1395.0,0.0,0.016657641973410353,0.0002234987286073853,0.016430471055411733,0.016462234192206937,157673447252.37894
2025-06-23,2025-06-23 16:00:00+00:00,2025-06-23,0,1382.61,141771000.0,101420.7,1398.0,0.0,0.01102316243434398,-0.00010677066284103809,0.01113112157441365,0.003771430172318402,108046918333.0151
2025-06-24,2025-06-24 16:00:00+00:00,2025-06-24,0,1359.0,144977000.0,105244.73,1378.0,0.0,0.013629621783497692,-0.0003464034805709115,0.013980868285504044,0.010426832192158564,127350117291.4728
2025-06-25,2025-06-25 16:00:00+00:00,2025-06-25,0,1362.17,147195000.0,107028.0,1375.0,0.0,0.009634858722642914,0.00021404764088917005,0.009418795010901704,0.007269254285822591,70681632410.54744
2025-06-26,2025-06-26 16:00:00+00:00,2025-06-26,0,1355.64,147328000.0,107313.6,1373.0,0.0,0.01271246207587029,-9.211792532193286e-05,0.012805759641202563,0.013327802171515524,51072487688.8525
2025-06-27,2025-06-27 16:00:00+00:00,2025-06-27,0,1360.72,147413000.0,107308.25,1373.0,0.0,0.009564112499120814,0.0005346534303012351,0.009024634017285038,0.00905661858775364,47141314231.76892
2025-06-28,2025-06-28 16:00:00+00:00,2025-06-27,1,1360.72,147342000.0,107449.28,1372.0,0.0,0.007753424839280321,-0.0005318948634799314,0.008289728967017407,0.007617158537581048,24427872265.864113
2025-06-29,2025-06-29 16:00:00+00:00,2025-06-27,2,1360.72,147725000.0,107750.72,1372.0,0.0,0.007546386240084857,-0.0007372312794400315,0.008289728967017407,0.0044529495678546915,32439606385.27509
2025-06-30,2025-06-30 16:00:00+00:00,2025-06-30,0,1353.5,146900000.0,107580.46,1366.0,0.0,0.008858224285051675,-0.0003736408712903261,0.009235315847802017,0.0043662948411360425,51563776870.95601
2025-07-01,2025-07-01 16:00:00+00:00,2025-07-01,0,1358.06,145388000.0,105955.18,1371.0,0.0,0.010386211572294357,0.0008498165484098763,0.009528297718804701,0.010421245553829284,59024426527.3764
2025-07-02,2025-07-02 16:00:00+00:00,2025-07-02,0,1356.9,148074000.0,108737.74,1364.0,0.0,0.003576916606784941,-0.001646980833030498,0.005232515292210138,-0.0013407237077165401,64832211050.18322
2025-07-03,2025-07-03 16:00:00+00:00,2025-07-03,0,1364.65,148548000.0,109127.84,1362.0,0.0,-0.002506739054882079,-0.0005659482020885509,-0.0019418898618693836,-0.005067843697100227,99813466929.055
2025-07-04,2025-07-04 16:00:00+00:00,2025-07-03,1,1364.65,147032000.0,107573.29,1367.0,0.0,0.0015811306206436893,-0.00014068039395620513,0.001722053273733204,0.002417923507725961,58478563199.306435
2025-07-05,2025-07-05 16:00:00+00:00,2025-07-03,2,1364.65,147952000.0,108058.0,1369.0,0.0,0.003327314587844077,0.00013924021351474636,0.0031876305279741057,0.0031996433230550014,29671567573.47681
2025-07-06,2025-07-06 16:00:00+00:00,2025-07-03,3,1364.65,148258000.0,108905.99,1363.0,0.0,-0.0024260715169833746,-0.0012184435037793095,-0.0012091012347489327,-0.0029459499837399816,28370000067.56234
2025-07-07,2025-07-07 16:00:00+00:00,2025-07-07,0,1369.6,147611000.0,108292.59,1363.0,0.0,-0.0047636395912118434,5.555334987250582e-05,-0.0048189252336448,-0.0014831884834679565,59161643007.39159
2025-07-08,2025-07-08 16:00:00+00:00,2025-07-08,0,1372.74,147982000.0,108268.35,1366.0,0.0,-0.004321600179533869,0.0005911907536946259,-0.004909888252691674,-0.007851180771479838,47720604216.05174
2025-07-09,2025-07-09 16:00:00+00:00,2025-07-09,0,1375.04,148574000.0,109071.32,1363.0,0.0,-0.009357593825235155,-0.0006067981023120117,-0.008756108913195226,-0.013476100897060528,57309659858.25318
2025-07-10,2025-07-10 16:00:00+00:00,2025-07-10,0,1373.37,151395000.0,111408.4,1359.0,0.0,-0.010522236454900136,-5.954663728213738e-05,-0.010463312872714514,-0.018036466003628848,113192308120.58508
2025-07-11,2025-07-11 16:00:00+00:00,2025-07-11,0,1375.37,157500000.0,116902.59,1350.0,0.0,-0.020426838302262773,-0.002018118959839388,-0.018445945454677593,-0.02131856026906276,278582803412.47687
2025-07-12,2025-07-12 16:00:00+00:00,2025-07-11,1,1375.37,159429000.0,117100.01,1361.0,0.0,-0.010101097520504587,0.0003506638524788386,-0.010448097602826834,-0.011269294690292475,104730462942.82063
2025-07-13,2025-07-13 16:00:00+00:00,2025-07-11,2,1375.37,160819000.0,118672.24,1356.0,0.0,-0.014699574921810843,-0.0006248925960257168,-0.014083482990031704,-0.01321946368422644,79576467824.37436
2025-07-14,2025-07-14 16:00:00+00:00,2025-07-14,0,1382.51,163411000.0,119878.23,1363.0,0.0,-0.014009604810880316,0.00010387472700656986,-0.014112013656320754,-0.010819725544571557,218228667440.78687
2025-07-15,2025-07-15 16:00:00+00:00,2025-07-15,0,1385.39,159841000.0,116391.43,1373.0,0.0,-0.00872275852503046,0.00022256195703440618,-0.008943330037029407,-0.013913620552095551,178535811967.2046
2025-07-16,2025-07-16 16:00:00+00:00,2025-07-16,0,1390.84,162799000.0,119095.76,1367.0,0.0,-0.017170326045391482,-3.0121636409918828e-05,-0.017140720715538738,-0.02254568868477147,120411537265.73346
2025-07-17,2025-07-17 16:00:00+00:00,2025-07-17,0,1391.04,161883000.0,118881.99,1362.0,0.0,-0.021083701590596804,-0.00021165364213193705,-0.02087646652864039,-0.02026021115452259,151545816330.3529
2025-07-18,2025-07-18 16:00:00+00:00,2025-07-18,0,1390.29,161210000.0,117860.25,1368.0,0.0,-0.01617190378062794,-0.00014154686196587996,-0.01603262628660207,-0.016411895722370895,202015107129.71283
2025-07-19,2025-07-19 16:00:00+00:00,2025-07-18,1,1390.29,162001000.0,118058.11,1372.0,0.0,-0.013001551315137916,0.00015603004524566977,-0.013155528702644692,-0.013964163054143941,66682924909.00828
2025-07-20,2025-07-20 16:00:00+00:00,2025-07-18,2,1390.29,161743000.0,118671.11,1363.0,0.0,-0.019663685369576855,-3.538160856131345e-05,-0.019628998266548625,-0.017742003984384636,70113379576.87692
2025-07-21,2025-07-21 16:00:00+00:00,2025-07-21,0,1381.22,160760000.0,118313.16,1358.0,0.0,-0.016256025608098468,0.0005646924223730032,-0.016811224859182516,-0.012194683271846252,144830413297.97214
2025-07-22,2025-07-22 16:00:00+00:00,2025-07-22,0,1381.58,161783000.0,118912.04,1361.0,0.0,-0.015238600133018476,-0.00034779219087122115,-0.014895988650675207,-0.018890311287006356,169467987648.1308
2025-07-23,2025-07-23 16:00:00+00:00,2025-07-23,0,1375.38,161630000.0,118567.39,1363.0,0.0,-0.008862271570404756,0.00014013861151651597,-0.009001148773429946,-0.0075649214794377695,117214785064.19931
2025-07-24,2025-07-24 16:00:00+00:00,2025-07-24,0,1371.0,161557000.0,119092.65,1358.0,0.0,-0.010528325695566165,-0.0010562109930936092,-0.009482129832239283,-0.007843036085775301,164298050162.48724
2025-07-25,2025-07-25 16:00:00+00:00,2025-07-25,0,1382.92,159087000.0,115727.08,1375.0,0.0,-0.005962795306683866,-0.0002371410076503766,-0.00572701240852691,-0.014449213109275383,164674288466.37927
2025-07-26,2025-07-26 16:00:00+00:00,2025-07-25,1,1382.92,160969000.0,118130.1,1364.0,0.0,-0.014663395145079638,-0.0009958228841887573,-0.01368119630925868,-0.012877060087022274,67054132253.29779
2025-07-27,2025-07-27 16:00:00+00:00,2025-07-25,2,1382.92,161900000.0,118585.74,1367.0,0.0,-0.012772320970252604,-0.0012751266394891436,-0.011511873427240915,-0.014885069439791954,39343015549.916084
2025-07-28,2025-07-28 16:00:00+00:00,2025-07-28,0,1388.21,161991000.0,118174.9,1371.0,0.0,-0.012560549279762467,-0.00016533925285133755,-0.012397259780580816,-0.008586538510763853,83618831111.85982
2025-07-29,2025-07-29 16:00:00+00:00,2025-07-29,0,1390.63,162380000.0,117400.01,1383.0,0.0,-0.005390028397438074,9.722690504054832e-05,-0.005486721845494591,-0.004413117267379252,89340456597.04938
2025-07-30,2025-07-30 16:00:00+00:00,2025-07-30,0,1391.58,163002000.0,118000.01,1382.0,0.0,-0.007334997419879641,-0.0004538608607498329,-0.006884261055778218,-0.005154183451267502,61476205749.539276
2025-07-31,2025-07-31 16:00:00+00:00,2025-07-31,0,1396.19,163888000.0,118306.18,1385.0,0.0,-0.007809188829783653,0.00020713981786601998,-0.008014668490678223,-0.000678412240774473,78275155055.35548
2025-08-01,2025-08-01 16:00:00+00:00,2025-08-01,0,1388.34,160046000.0,115357.82,1387.0,0.0,-0.0006860554958615372,0.0002793956113018581,-0.0009651814397049208,0.004805917712220387,178876500619.91232
2025-08-02,2025-08-02 16:00:00+00:00,2025-08-01,1,1388.34,158499000.0,112840.71,1404.0,0.0,0.011730587037237727,0.00044589972028385993,0.011279657720731251,0.007125644271790854,104018016482.96191
2025-08-03,2025-08-03 16:00:00+00:00,2025-08-01,2,1388.34,159517000.0,113959.06,1399.0,0.0,0.008236181926315478,0.0005536960797574153,0.007678234438249998,0.01090658153998203,88611479045.40208
2025-08-04,2025-08-04 16:00:00+00:00,2025-08-04,0,1385.71,160423000.0,114826.0,1396.0,0.0,0.008217070243977664,0.0007854415528525394,0.0074257961622561375,0.005664416484041812,76184724852.14552
2025-08-05,2025-08-05 16:00:00+00:00,2025-08-05,0,1386.64,158287000.0,112934.0,1400.0,0.0,0.010780403304664343,0.0011346703131285274,0.009634800669243493,0.010711215190523093,81826901880.86554
2025-08-06,2025-08-06 16:00:00+00:00,2025-08-06,0,1384.64,160777000.0,115413.87,1394.0,0.0,0.006071956183743232,-0.0006833045837458807,0.006759879824358661,0.005219747186202106,69054375013.44536
2025-08-07,2025-08-07 16:00:00+00:00,2025-08-07,0,1386.05,161444000.0,116689.81,1384.0,0.0,-0.0018172062963426328,-0.0003386840946861813,-0.0014790231232638673,-0.005890352608674765,78013323678.70772
2025-08-08,2025-08-08 16:00:00+00:00,2025-08-08,0,1389.7,160316000.0,116207.69,1380.0,0.0,-0.007293323939309038,-0.00031560310033174055,-0.006979923724544923,-0.012149075574228174,105233721258.82695
2025-08-09,2025-08-09 16:00:00+00:00,2025-08-08,1,1389.7,160630000.0,116892.47,1374.0,0.0,-0.01117584632327362,0.00012294495236297998,-0.0112974023170469,-0.010167521412872804,80042712163.48123
2025-08-10,2025-08-10 16:00:00+00:00,2025-08-08,2,1389.7,162855000.0,118815.0,1371.0,0.0,-0.0137006043261797,-0.0002477971058292283,-0.01345614161329789,-0.012479488991290033,126712769066.06512
2025-08-11,2025-08-11 16:00:00+00:00,2025-08-11,0,1392.74,165399000.0,120314.4,1375.0,0.0,-0.012936208373345526,-0.0002012907999223712,-0.012737481511265525,-0.00688897956802359,204287362807.76468
2025-08-12,2025-08-12 16:00:00+00:00,2025-08-12,0,1385.4,164781000.0,119933.0,1374.0,0.0,-0.008270450640701199,-4.212686872440141e-05,-0.008228670420095341,-0.011276284900289202,119238763955.64034
2025-08-13,2025-08-13 16:00:00+00:00,2025-08-13,0,1378.9,165301000.0,120920.62,1367.0,0.0,-0.008614999083957686,1.5199534111998148e-05,-0.008630067445065004,-0.010511470783202914,153141949987.44934
2025-08-14,2025-08-14 16:00:00+00:00,2025-08-14,0,1390.59,163814000.0,118257.25,1385.0,0.0,-0.003851380276317151,0.000169176246610947,-0.004019876455317428,0.0016476039370278972,291726089560.69855
2025-08-15,2025-08-15 16:00:00+00:00,2025-08-15,0,1387.87,163576000.0,117275.22,1393.0,0.0,0.004996477208248029,0.0012953774752411107,0.003696311614200365,0.007396059608887562,108851427468.41946
2025-08-16,2025-08-16 16:00:00+00:00,2025-08-15,1,1387.87,163257000.0,117676.7,1387.0,0.0,-0.0003855109220696207,0.00024150032919023623,-0.0006268598643964785,0.0013989605894613177,59024475286.1956
2025-08-17,2025-08-17 16:00:00+00:00,2025-08-15,2,1387.87,163498000.0,118246.16,1382.0,0.0,-0.003731015581389663,0.0005006044899107387,-0.004229502763226978,0.0011605831335999017,42118742165.23206
2025-08-18,2025-08-18 16:00:00+00:00,2025-08-18,0,1387.34,161564000.0,116145.34,1391.0,0.0,0.002674336114652176,3.609882480315463e-05,0.0026381420560208646,0.0013740734934597487,135519729103.68913
2025-08-19,2025-08-19 16:00:00+00:00,2025-08-19,0,1392.04,158909000.0,113786.38,1396.0,0.0,0.003243833205828439,0.00039795528355379695,0.0028447458406368753,-0.0006596549871179525,103812918151.04263
2025-08-20,2025-08-20 16:00:00+00:00,2025-08-20,0,1397.7,158202000.0,113353.94,1396.0,0.0,-0.0014693863668355789,-0.0002534106912078782,-0.0012162838949703048,-0.0032301660548128552,132480657501.62164
2025-08-21,2025-08-21 16:00:00+00:00,2025-08-21,0,1401.88,158002000.0,112792.08,1400.0,0.0,-0.000752342444446441,0.0005895044099855085,-0.0013410562958313665,0.0002441166306832443,75406498611.98041
2025-08-22,2025-08-22 16:00:00+00:00,2025-08-22,0,1381.71,161757000.0,116370.75,1390.0,0.0,0.006010120263943763,1.0246956758219739e-05,0.0059998118273731915,-0.0026466697867718603,168311926333.31818
2025-08-23,2025-08-23 16:00:00+00:00,2025-08-22,1,1381.71,159165000.0,114812.87,1386.0,0.0,0.003321455712695265,0.00021593692120358554,0.0031048483401003857,0.0007215708946424204,127721866670.80237
2025-08-24,2025-08-24 16:00:00+00:00,2025-08-22,2,1381.71,159003000.0,114400.0,1389.0,0.0,0.0059175685464849526,0.0006381307677203463,0.005276070955555046,0.004985305125526418,57603235020.65245
2025-08-25,2025-08-25 16:00:00+00:00,2025-08-25,0,1389.06,157026000.0,112200.64,1400.0,0.0,0.007523601304921135,-0.00034947597956147547,0.007875829697781223,0.018834995904651874,206740420427.168
2025-08-26,2025-08-26 16:00:00+00:00,2025-08-26,0,1393.52,154409000.0,109666.33,1407.0,0.0,0.010383148307764545,0.0007030027219872004,0.009673345197772631,0.006014459417449158,143582427163.1211
2025-08-27,2025-08-27 16:00:00+00:00,2025-08-27,0,1394.54,156310000.0,112000.0,1396.0,0.0,0.0007780343339021112,-0.0002686246418338589,0.0010469402096748848,0.00249212593908954,104371047772.54881
2025-08-28,2025-08-28 16:00:00+00:00,2025-08-28,0,1384.85,157184000.0,112678.53,1395.0,0.0,0.007312976145758432,-1.6218626915143197e-05,0.007329313644077073,0.005842187654280906,81014977553.68504
2025-08-29,2025-08-29 16:00:00+00:00,2025-08-29,0,1389.76,151990000.0,108386.23,1401.0,0.0,0.009023072114549668,0.0009278406152153362,0.008087727377388942,0.011502064543653656,148509392400.29813
2025-08-30,2025-08-30 16:00:00+00:00,2025-08-29,1,1389.76,151740000.0,108869.98,1394.0,0.0,0.0028872935840547065,-0.00016309531465141802,0.003050886483997317,0.004241375587905161,134679759370.5002
2025-08-31,2025-08-31 16:00:00+00:00,2025-08-29,2,1389.76,151198000.0,108818.69,1390.0,0.0,-0.00022391190463832977,-0.0003965351140936546,0.00017269168777334087,0.001838335249361167,60426125224.341736
2025-09-01,2025-09-01 16:00:00+00:00,2025-08-29,3,1389.76,151673000.0,108784.33,1394.0,0.0,0.0032337362551519977,0.0001822936140316589,0.003050886483997317,0.003946961299660989,115466648615.63084
2025-09-02,2025-09-02 16:00:00+00:00,2025-09-02,0,1394.76,154600000.0,110829.17,1389.0,1.0,0.00012878017081274784,0.0042761824557544514,-0.004129742751441068,-0.0014896017111393212,106772446945.35147
2025-09-03,2025-09-03 16:00:00+00:00,2025-09-03,0,1389.21,155545000.0,112222.74,1385.0,0.0,-0.00228319730818094,0.0007495736227449701,-0.003030499348550597,-0.001499454546225687,80363159244.29955
2025-09-04,2025-09-04 16:00:00+00:00,2025-09-04,0,1394.8,153424000.0,109510.31,1400.0,0.0,0.004445446326780678,0.0007146489547096291,0.0037281330656724343,0.006336023871374108,55370479363.99589
2025-09-05,2025-09-05 16:00:00+00:00,2025-09-05,0,1385.28,155069000.0,110716.82,1400.0,0.0,0.011052758881137548,0.0004222613020445909,0.01062601062601054,0.010789186126993311,119107059958.35623
2025-09-06,2025-09-06 16:00:00+00:00,2025-09-05,1,1385.28,154879000.0,110384.15,1402.0,0.0,0.01285728003875497,0.0007781261712458409,0.012069762069762069,0.011358722413749467,40567909632.18125
2025-09-07,2025-09-07 16:00:00+00:00,2025-09-05,2,1385.28,155249000.0,111329.99,1395.0,0.0,0.006651342962340712,-0.000362743814429356,0.007016632016632052,0.006863411299220301,38622523078.12569
2025-09-08,2025-09-08 16:00:00+00:00,2025-09-08,0,1386.29,156292000.0,112631.75,1387.0,0.0,0.0009717627217884495,0.00045936910136146203,0.0005121583507059491,0.004422726732530524,77340857337.79987
2025-09-09,2025-09-09 16:00:00+00:00,2025-09-09,0,1388.16,154782000.0,110880.76,1393.0,0.0,0.005598771298081839,0.002104802846478959,0.003486629783310269,0.0035827181512921857,100210618217.8388
2025-09-10,2025-09-10 16:00:00+00:00,2025-09-10,0,1386.97,158119000.0,113853.99,1388.0,0.0,0.0013104222600091031,0.000567374900551032,0.0007426260120984018,0.0039029628494431368,112276758631.37576
2025-09-11,2025-09-11 16:00:00+00:00,2025-09-11,0,1388.97,159145000.0,114180.31,1394.0,0.0,0.00348044826480276,-0.0001404316884050516,0.0036213885109108723,0.0009726068163091739,105490984663.26819
2025-09-12,2025-09-12 16:00:00+00:00,2025-09-12,0,1394.06,160295000.0,115121.18,1393.0,0.0,-0.001189090576999341,-0.0004290478174958645,-0.000760368994160876,-0.003882322005729355,109263745971.89949
2025-09-13,2025-09-13 16:00:00+00:00,2025-09-12,1,1394.06,159993000.0,115768.68,1382.0,0.0,-0.008646750924023117,4.276705395156455e-06,-0.008650990631680067,-0.006027655512387375,90276461166.39809
2025-09-14,2025-09-14 16:00:00+00:00,2025-09-12,2,1394.06,160199000.0,115224.01,1389.0,0.0,-0.002678114720789493,0.0009550377194644799,-0.0036296859532587433,-0.0014594639288677547,54447089637.00814
2025-09-15,2025-09-15 16:00:00+00:00,2025-09-15,0,1385.09,160097000.0,114842.9,1394.0,0.0,0.006470498411671688,3.746244262692322e-05,0.006432794980831602,0.006385879085009094,102415033626.8585
2025-09-16,2025-09-16 16:00:00+00:00,2025-09-16,0,1381.49,161352000.0,115905.88,1393.0,0.0,0.007676519084672817,-0.0006496522969957619,0.008331584014361404,0.005461785446402967,60412752947.292694
2025-09-17,2025-09-17 16:00:00+00:00,2025-09-17,0,1375.5,161400000.0,115875.32,1393.0,0.0,0.012632797046153721,-8.87205046775641e-05,0.012722646310432628,0.007525207045037119,89558291494.28607
2025-09-18,2025-09-18 16:00:00+00:00,2025-09-18,0,1388.51,162961000.0,117583.56,1387.0,0.0,-0.0018678046320300679,-0.0007811574690844703,-0.001087496669091359,-0.0005460652041522351,128458740045.09859
2025-09-19,2025-09-19 16:00:00+00:00,2025-09-19,0,1397.43,162193000.0,115884.03,1400.0,0.0,0.001563420022530071,-0.0002751642556541034,0.0018390903301059858,0.0036626645688726533,71799730089.05475
2025-09-20,2025-09-20 16:00:00+00:00,2025-09-19,1,1397.43,162309000.0,115986.69,1399.0,0.0,0.0013926161477737509,0.0002688231475223013,0.0011234909798700787,0.00383780902014097,34916003839.3658
2025-09-21,2025-09-21 16:00:00+00:00,2025-09-19,2,1397.43,161641000.0,115531.61,1399.0,0.0,0.0011995381304157338,7.596180813917996e-05,0.0011234909798700787,0.0033592755780222916,33219977892.52662
2025-09-22,2025-09-22 16:00:00+00:00,2025-09-22,0,1392.4,160599000.0,112815.5,1423.0,0.0,0.02237459600212044,0.0003895906348225786,0.021976443550703717,0.02523831248776376,154263637799.10062
2025-09-23,2025-09-23 16:00:00+00:00,2025-09-23,0,1394.28,160499000.0,112882.19,1421.0,0.0,0.01975749653061243,0.0005823239005646741,0.01916401296726633,0.022658590858108507,86013930334.29619
2025-09-24,2025-09-24 16:00:00+00:00,2025-09-24,0,1404.7,160550000.0,113346.41,1416.0,0.0,0.00836777478384465,0.00032077206134650815,0.008044422296575648,0.009346790659739534,73447232476.82803
2025-09-25,2025-09-25 16:00:00+00:00,2025-09-25,0,1408.67,159864000.0,111580.77,1433.0,0.0,0.017072836704475458,-0.00019539924599187852,0.017271610810196902,0.03011471954043632,77308194103.2343
2025-09-26,2025-09-26 16:00:00+00:00,2025-09-26,0,1410.05,158540000.0,109027.78,1453.0,0.0,0.03125762286877687,0.0007741301625041608,0.0304599127690508,0.023319371588024218,94850671067.34898
2025-09-27,2025-09-27 16:00:00+00:00,2025-09-26,1,1410.05,157473000.0,109402.24,1438.0,0.0,0.02081107730995435,0.0009698606125876363,0.01982199212793878,0.021262219671226434,58581516380.84861
2025-09-28,2025-09-28 16:00:00+00:00,2025-09-26,2,1410.05,158140000.0,110037.93,1437.0,0.0,0.019212660086362687,9.798980847297578e-05,0.019112797418531224,0.015523977778530762,26508913804.3709
2025-09-29,2025-09-29 16:00:00+00:00,2025-09-29,0,1399.76,162285000.0,113815.57,1427.0,0.0,0.01864562276198134,-0.0007993013894107559,0.01946047893924674,0.01789077701773789,95257098690.55582
2025-09-30,2025-09-30 16:00:00+00:00,2025-09-30,0,1404.63,162401000.0,113106.16,1436.0,0.0,0.02221088482119371,-0.00011972482841671184,0.02233328349814534,0.016033126040565504,83572939831.61934
2025-10-01,2025-10-01 16:00:00+00:00,2025-10-01,0,1402.45,166636000.0,117423.73,1420.0,0.0,0.011871988440285586,-0.0006338942337473785,0.012513815109272963,0.012586650257735199,137403187614.34767
2025-10-02,2025-10-02 16:00:00+00:00,2025-10-02,0,1406.72,170069000.0,119910.78,1419.0,0.0,0.008229192638879335,-0.0004960043206735376,0.008729526842584212,0.007720110193179197,168711433040.0407
2025-10-03,2025-10-03 16:00:00+00:00,2025-10-03,0,1406.16,173078000.0,122258.05,1415.0,0.0,0.0067686043179673305,0.00047896865565566493,0.006286624566194332,0.00889149926517252,127940817173.10742
2025-10-04,2025-10-04 16:00:00+00:00,2025-10-03,1,1406.16,174301000.0,121791.31,1430.0,0.0,0.017768106096210934,0.0008005594882853906,0.01695397394322118,0.016837007966442163,144058696019.86182
2025-10-05,2025-10-05 16:00:00+00:00,2025-10-03,2,1406.16,175160000.0,122803.17,1427.0,0.0,0.014356506095628996,-0.0004572217158865799,0.014820504067815765,0.019921659453115526,177598157137.3755
2025-10-06,2025-10-06 16:00:00+00:00,2025-10-06,0,1410.47,177782000.0,125000.0,1422.0,0.0,0.008356079888264256,0.00018002812939532653,0.008174580104504114,0.010993008167480056,135024630555.74858
2025-10-07,2025-10-07 16:00:00+00:00,2025-10-07,0,1413.12,175406000.0,121846.01,1439.0,0.0,0.01871825742906208,0.0003969033621655793,0.018314085144927716,0.023789973407763565,158034883931.07977
2025-10-08,2025-10-08 16:00:00+00:00,2025-10-08,0,1424.17,177400000.0,122189.72,1451.0,0.0,0.019429302311926078,0.0005793449163169484,0.01883904309176576,0.013184391779165638,129439136818.98944
2025-10-09,2025-10-09 16:00:00+00:00,2025-10-09,0,1423.68,177493000.0,121147.14,1465.0,0.0,0.029095501955143543,7.00916201357149e-05,0.029023376039559512,0.0258629274987483,137633471286.8428
2025-10-10,2025-10-10 16:00:00+00:00,2025-10-10,0,1428.39,176150000.0,119018.98,1479.0,0.0,0.03614282128815871,0.0006869807300833308,0.03543149980047455,0.07104300941403308,133403376636.38783
2025-10-11,2025-10-11 16:00:00+00:00,2025-10-10,1,1428.39,170451000.0,111793.2,1524.0,0.0,0.06742498665918273,0.00045877735834021216,0.06693550080860255,0.07881790108889963,597334835853.4797
2025-10-12,2025-10-12 16:00:00+00:00,2025-10-10,2,1428.39,172591000.0,113198.2,1523.0,0.0,0.06741136598242448,0.0011029028599049973,0.06623541189731097,0.059035599481140455,167627301965.98535
2025-10-13,2025-10-13 16:00:00+00:00,2025-10-10,3,1428.39,172000000.0,114312.1,1504.0,0.0,0.053390609936990296,0.00043391843610240954,0.05293372258276796,0.043507306179148,160928767400.895
2025-10-14,2025-10-14 16:00:00+00:00,2025-10-14,0,1429.91,170720000.0,112900.43,1514.0,0.0,0.05749933436558763,-0.001235882957267176,0.05880789700051037,0.05237550296056104,168758038417.4372
2025-10-15,2025-10-15 16:00:00+00:00,2025-10-15,0,1423.12,168329000.0,110798.01,1520.0,0.0,0.06754320610398623,-0.0004986266640101267,0.06807577716566415,0.06959715795259269,109285370382.82764
2025-10-16,2025-10-16 16:00:00+00:00,2025-10-16,0,1416.07,166300000.0,108549.21,1530.0,0.0,0.08188440329483582,0.001322906518770095,0.08045506224974752,0.0790501444704017,120093428559.173
2025-10-17,2025-10-17 16:00:00+00:00,2025-10-17,0,1421.89,163781000.0,106803.53,1534.0,0.0,0.07847954294882986,-0.0003394541567720566,0.07884576162713008,0.08076735629945753,252317515877.98685
2025-10-18,2025-10-18 16:00:00+00:00,2025-10-17,1,1421.89,163462000.0,106948.75,1529.0,0.0,0.07491740612332198,-0.00038305389621295927,0.07532931520722408,0.07279738025795712,82548400467.64137
2025-10-19,2025-10-19 16:00:00+00:00,2025-10-17,2,1421.89,164284000.0,108486.7,1514.0,0.0,0.06500775421838956,0.0002139205056712612,0.06477997594750651,0.06670795870899826,64029752604.21218
2025-10-20,2025-10-20 16:00:00+00:00,2025-10-20,0,1420.39,166489000.0,111144.55,1498.0,0.0,0.054604856335056295,-3.324973981932988e-05,0.0546399228380936,0.0556140022670637,90811613815.58104
2025-10-21,2025-10-21 16:00:00+00:00,2025-10-21,0,1430.58,168595000.0,113422.61,1488.0,0.0,0.03904152595948518,-0.0010537458285481138,0.04013756658138656,0.053447366238856375,109694505675.71758
2025-10-22,2025-10-22 16:00:00+00:00,2025-10-22,0,1429.94,163429000.0,108416.5,1507.0,0.0,0.054182798786073905,0.00027747265836675084,0.05389037302264432,0.059714694489797715,101980037080.20786
2025-10-23,2025-10-23 16:00:00+00:00,2025-10-23,0,1437.25,165002000.0,109908.28,1501.0,0.0,0.04454337659650642,0.00017985876970616488,0.04435554009392928,0.04533937141685085,65936566601.312126
2025-10-24,2025-10-24 16:00:00+00:00,2025-10-24,0,1438.35,164952000.0,110046.91,1500.0,0.0,0.04211382016499465,-0.0007170578437868391,0.042861612264052606,0.03793667255566291,90161545250.12529
2025-10-25,2025-10-25 16:00:00+00:00,2025-10-24,1,1438.35,165879000.0,111385.18,1489.0,0.0,0.03537916133755448,0.000159581403540221,0.03521396044078284,0.03519966265577801,39626388778.250824
2025-10-26,2025-10-26 16:00:00+00:00,2025-10-24,2,1438.35,168472000.0,113694.97,1482.0,0.0,0.030200846712036933,-0.00014211344921832847,0.030347272916884105,0.029806960475599498,68041408923.049774
2025-10-27,2025-10-27 16:00:00+00:00,2025-10-27,0,1432.72,169670000.0,114969.68,1476.0,0.0,0.0300549982255629,-0.00014878248121352744,0.03020827516890945,0.03284527803428405,108363754914.01274
2025-10-28,2025-10-28 16:00:00+00:00,2025-10-28,0,1432.72,169561000.0,114641.38,1478.0,0.0,0.032341153447405624,0.0007143554581643397,0.03160422134122509,0.040612407302019315,74533878864.11577
2025-10-29,2025-10-29 16:00:00+00:00,2025-10-29,0,1420.83,166038000.0,111509.74,1488.0,0.0,0.04797898013978874,0.0006720257742043323,0.04727518422330612,0.05255481766344605,97172746335.13144
2025-10-30,2025-10-30 16:00:00+00:00,2025-10-30,0,1430.45,162895000.0,107711.56,1512.0,0.0,0.05723797957272736,0.00021565335966133858,0.05701003180817232,0.05991938379878281,153474245509.39838
2025-10-31,2025-10-31 16:00:00+00:00,2025-10-31,0,1428.37,164785000.0,110202.9,1495.0,0.0,0.04684873604130946,0.00019219337747489185,0.04664757730840052,0.04906852218321367,94378816080.36398
2025-11-01,2025-11-01 16:00:00+00:00,2025-10-31,1,1428.37,164300000.0,110310.65,1491.0,0.0,0.04274808186549772,-0.0010529324653113514,0.04384718245272601,0.04265001779154454,54550235585.0833
2025-11-02,2025-11-02 17:00:00+00:00,2025-10-31,2,1428.37,164000000.0,110115.34,1489.0,0.0,0.04269022901496444,0.00023333943459014073,0.04244698502488853,0.03883648581236021,34767254069.327934
2025-11-03,2025-11-03 17:00:00+00:00,2025-11-03,0,1430.65,159528000.0,106678.44,1495.0,0.0,0.04526609871556064,0.0002742101186734569,0.044979554747841766,0.0402141404048626,156767824099.20865
2025-11-04,2025-11-04 17:00:00+00:00,2025-11-04,0,1440.22,152547000.0,102257.7,1491.0,0.0,0.03580693249883815,0.0005297520613527507,0.03525850217327897,0.04629054106748254,231404903319.2035
2025-11-05,2025-11-05 17:00:00+00:00,2025-11-05,0,1440.95,155293000.0,103919.2,1495.0,0.0,0.03706785670639401,-0.00042613503606780956,0.03750997605746198,0.04120209668911645,304504824410.952
2025-11-06,2025-11-06 17:00:00+00:00,2025-11-06,0,1449.28,150974000.0,100867.2,1497.0,0.0,0.03276116171039467,-0.0001602562166729271,0.0329266946345772,0.030523203410547373,122844400583.51112
2025-11-07,2025-11-07 17:00:00+00:00,2025-11-07,0,1461.07,151442000.0,101169.2,1497.0,0.0,0.02453546670759632,-5.4753278244668024e-05,0.024591566454721603,0.019262564204318933,111252303510.16608
2025-11-08,2025-11-08 17:00:00+00:00,2025-11-07,1,1461.07,151821000.0,101850.22,1491.0,0.0,0.020231792057909814,-0.00024811239299116217,0.020484987030053414,0.020768668149484748,80713774358.10956
2025-11-09,2025-11-09 17:00:00+00:00,2025-11-07,2,1461.07,154335000.0,103845.04,1487.0,0.0,0.0172030291579488,-0.0005347479409520961,0.01774726741360788,0.016008520036497442,48749913923.438324
2025-11-10,2025-11-10 17:00:00+00:00,2025-11-10,0,1456.34,155998000.0,105242.05,1482.0,0.0,0.01781056198610309,0.00018774213417094288,0.017619511927159826,0.01643746173159033,108962261977.02977
2025-11-11,2025-11-11 17:00:00+00:00,2025-11-10,1,1456.34,153975000.0,103399.43,1489.0,0.0,0.02251406371959752,8.605208690304345e-05,0.0224260818215527,0.027390897631081712,83938777768.93184
2025-11-12,2025-11-12 17:00:00+00:00,2025-11-12,0,1468.6,152367000.0,101442.61,1501.0,0.0,0.02274408919337567,0.000667534569881223,0.022061827590903027,0.026749298074594474,89078341574.36162
2025-11-13,2025-11-13 17:00:00+00:00,2025-11-13,0,1465.32,151071000.0,100633.13,1502.0,0.0,0.0244898166517582,-0.0005290158880463247,0.025032074905140256,0.035591894556332715,101005495745.01923
2025-11-14,2025-11-14 17:00:00+00:00,2025-11-14,0,1453.2,147083000.0,97011.22,1515.0,0.0,0.04331421350894926,0.000755257472742521,0.04252683732452511,0.04485537423700525,306590449858.25433
2025-11-15,2025-11-15 17:00:00+00:00,2025-11-14,1,1453.2,145088000.0,96162.84,1509.0,0.0,0.038242551134112235,-0.00014971815235786945,0.038398018166804215,0.0389110732061313,104072779573.71947
2025-11-16,2025-11-16 17:00:00+00:00,2025-11-14,2,1453.2,141977000.0,94224.47,1508.0,0.0,0.03688096725429357,-0.0007987920331965492,0.03770988164051747,0.025158834586853418,84062378837.2729
2025-11-17,2025-11-17 17:00:00+00:00,2025-11-17,0,1459.71,140809000.0,94306.0,1495.0,0.0,0.022879574387045132,-0.0012658571715628009,0.024176034965849302,0.02312383174393262,169341436785.9054
2025-11-18,2025-11-18 17:00:00+00:00,2025-11-18,0,1461.3,138478000.0,93499.16,1481.0,0.0,0.01352318766496241,4.1481522490949274e-05,0.013481146923971732,0.014129029713867869,290533573304.0281
2025-11-19,2025-11-19 17:00:00+00:00,2025-11-19,0,1467.69,134127000.0,89905.78,1493.0,0.0,0.016469290896830913,-0.0007623485891695703,0.017244786024296577,0.015707622435987112,113455736256.21387
2025-11-20,2025-11-20 17:00:00+00:00,2025-11-20,0,1472.65,131940000.0,87878.1,1500.0,0.0,0.01952124348521922,0.0009319728123386994,0.01857196210912293,0.018823987567782696,125825087595.88852
2025-11-21,2025-11-21 17:00:00+00:00,2025-11-21,0,1470.84,127399000.0,84919.59,1501.0,0.0,0.019982447591855523,-0.0005123362984644775,0.02050528949443864,0.022843133357520973,383038823471.2661
2025-11-22,2025-11-22 17:00:00+00:00,2025-11-21,1,1470.84,127195000.0,84694.66,1502.0,0.0,0.02105368864454671,-0.00012875672040946196,0.02118517309836565,0.02167387018257494,94385353789.66591
2025-11-23,2025-11-23 17:00:00+00:00,2025-11-21,2,1470.84,131624000.0,86685.6,1511.0,0.0,0.03233985210102319,0.0049018848870079346,0.027304125533708756,0.033567150965853054,122125573351.96605
2025-11-24,2025-11-24 17:00:00+00:00,2025-11-24,0,1475.94,131340000.0,87174.5,1506.0,0.0,0.0207957282191773,0.0004204828073124389,0.020366681572421497,0.016477841745792476,114297026689.0777
2025-11-25,2025-11-25 17:00:00+00:00,2025-11-25,0,1468.02,130700000.0,87121.31,1499.0,0.0,0.021925457556580374,0.0008052102749906975,0.02110325472405017,0.01948491177577316,116716708768.93971
2025-11-26,2025-11-26 17:00:00+00:00,2025-11-26,0,1468.39,131208000.0,87820.01,1494.0,0.0,0.01747890789078399,3.7385246150156703e-05,0.017440870613392834,0.01781624267069315,77183779771.67455
2025-11-27,2025-11-27 17:00:00+00:00,2025-11-26,1,1468.39,136688000.0,91467.13,1494.0,0.0,0.01770971087987072,0.0002642318332619631,0.017440870613392834,0.018179636173168756,162036948402.5128
2025-11-28,2025-11-28 17:00:00+00:00,2025-11-28,0,1467.65,136557000.0,90936.23,1501.0,0.0,0.023185843938634987,0.00045216779249690475,0.022723401355909,0.02177179147732966,111118804401.8479
2025-11-29,2025-11-29 17:00:00+00:00,2025-11-28,1,1467.65,136243000.0,91004.03,1497.0,0.0,0.0200725810726039,7.316206493457322e-05,0.019997955915920018,0.020588858330561344,48448518936.69177
2025-11-30,2025-11-30 17:00:00+00:00,2025-11-28,2,1467.65,137290000.0,91825.18,1495.0,0.0,0.018719496264813618,8.272153381505554e-05,0.018635233195925416,0.02250201169754784,50694146704.94104
2025-12-01,2025-12-01 17:00:00+00:00,2025-12-01,0,1467.79,126606000.0,84571.8,1497.0,0.0,0.01991690271672497,1.5918930248215446e-05,0.019900666989147053,0.02078375626898432,222670587810.69217
2025-12-02,2025-12-02 17:00:00+00:00,2025-12-02,0,1469.23,135088000.0,90759.15,1489.0,0.0,0.013063257869897704,-0.00038755516441257853,0.01345602798744916,0.011675649750663819,124023228973.44655
2025-12-03,2025-12-03 17:00:00+00:00,2025-12-03,0,1465.94,137041000.0,92242.24,1485.0,0.0,0.013455031136249351,0.00044731875008330313,0.013001896394122525,0.014064406471979929,173217985041.9295
2025-12-04,2025-12-04 17:00:00+00:00,2025-12-04,0,1473.22,137504000.0,92431.72,1488.0,0.0,0.009779829429974907,-0.00025010731664820707,0.010032445934755163,0.012552487190006012,101055977752.34526
2025-12-05,2025-12-05 17:00:00+00:00,2025-12-05,0,1472.83,133000000.0,88810.89,1497.0,0.0,0.016793583626579123,0.0003768161474511089,0.0164105837061983,0.017071307777174693,100693669937.87517
2025-12-06,2025-12-06 17:00:00+00:00,2025-12-05,1,1472.83,134183000.0,89707.8,1496.0,0.0,0.015581239160235238,-0.00014805048638422136,0.015731618720422613,0.01622436659989268,44948679303.0458
2025-12-07,2025-12-07 17:00:00+00:00,2025-12-05,2,1472.83,134435000.0,89893.38,1496.0,0.0,0.015387983661911742,-0.0003383128497506105,0.015731618720422613,0.01574375840298603,56078681755.08479
2025-12-08,2025-12-08 17:00:00+00:00,2025-12-08,0,1469.19,134020000.0,89978.48,1489.0,0.0,0.013801658929370575,0.00031380744287567985,0.013483620226111048,0.013254328590770692,98931186932.75674
2025-12-09,2025-12-09 17:00:00+00:00,2025-12-09,0,1469.48,139390000.0,94187.81,1481.0,0.0,0.007101492189490077,-0.000732274988107906,0.007839507853118155,0.007433435858419601,83765140705.4054
2025-12-10,2025-12-10 17:00:00+00:00,2025-12-10,0,1470.2,136909000.0,92174.11,1486.0,0.0,0.010291332283653087,-0.00045066169352159235,0.010746837165011458,0.010444948349039418,87044007725.34259
2025-12-11,2025-12-11 17:00:00+00:00,2025-12-11,0,1471.38,133959000.0,89737.11,1493.0,0.0,0.014553537479324197,-0.00013812191806550356,0.014693688917886583,0.00929063490146853,121796409325.67706
2025-12-12,2025-12-12 17:00:00+00:00,2025-12-12,0,1477.72,134684000.0,90046.54,1495.0,0.0,0.012177840062348233,0.00047855372370131377,0.011693690279619862,0.011526603857915818,104906346036.93695
2025-12-13,2025-12-13 17:00:00+00:00,2025-12-12,1,1477.72,134406000.0,90087.28,1491.0,0.0,0.009631822674288415,0.0006392602295435257,0.008986817529707869,0.009895295772636592,37475561975.05267
2025-12-14,2025-12-14 17:00:00+00:00,2025-12-12,2,1477.72,132783000.0,88836.98,1494.0,0.0,0.011478227736829272,0.0004562293783585414,0.01101697209214203,0.011245517309086184,44940552717.54765
2025-12-15,2025-12-15 17:00:00+00:00,2025-12-15,0,1468.62,129061000.0,86400.01,1493.0,0.0,0.017119064962361374,0.0005099806999484535,0.016600618267489375,0.017009522034149516,112174460163.38232
2025-12-16,2025-12-16 17:00:00+00:00,2025-12-16,0,1472.48,130336000.0,87588.26,1488.0,0.0,0.010576243888414938,3.582500054655213e-05,0.010540041290883373,0.009451989937182104,115193813399.99777
2025-12-17,2025-12-17 17:00:00+00:00,2025-12-17,0,1475.05,129721000.0,86986.51,1491.0,0.0,0.01100112584979307,0.0001859226591127694,0.010813192773126312,0.010595911468525232,94097406733.39279
2025-12-18,2025-12-18 17:00:00+00:00,2025-12-18,0,1473.21,130766000.0,88014.0,1486.0,0.0,0.008505851070822024,-0.0001743574320015595,0.00868172222561614,0.010043920945304485,109112607055.77425
2025-12-19,2025-12-19 17:00:00+00:00,2025-12-19,0,1477.26,130937000.0,87983.25,1487.0,0.0,0.007408120841656096,0.0008094960286113562,0.006593287572939088,0.008439432342236763,158533403751.09784
2025-12-20,2025-12-20 17:00:00+00:00,2025-12-19,1,1477.26,131201000.0,88149.72,1488.0,0.0,0.007532976622025567,0.00026086360527788344,0.007270216481864988,0.007760370533444583,53594393619.501114
2025-12-21,2025-12-21 17:00:00+00:00,2025-12-19,2,1477.26,131463000.0,88359.18,1488.0,0.0,0.0071517770325246754,-0.00011758458396005089,0.007270216481864988,0.006610659047318723,43787585717.468834
2025-12-22,2025-12-22 17:00:00+00:00,2025-12-22,0,1480.13,133291000.0,89550.0,1488.0,0.0,0.005623410106623483,0.0003046895168794528,0.005317100524953711,0.007331767719758631,99516954624.55812
2025-12-23,2025-12-23 17:00:00+00:00,2025-12-23,0,1481.45,131190000.0,88003.63,1492.0,0.0,0.006266807364090132,-0.0008485510928073481,0.007121401329778232,0.006186939390300239,87839634873.43777
2025-12-24,2025-12-24 17:00:00+00:00,2025-12-24,0,1443.62,128853000.0,87283.23,1476.0,0.0,0.022611882613629897,0.00017816123217362367,0.02242972527396403,0.021607134630065694,79469524680.33987
2025-12-25,2025-12-25 17:00:00+00:00,2025-12-24,1,1443.62,129502000.0,88086.72,1471.0,0.0,0.018387702943985174,-0.000567739140723611,0.0189662099444452,0.019916239272051994,30472132810.6844
2025-12-26,2025-12-26 17:00:00+00:00,2025-12-26,0,1441.16,127630000.0,86855.82,1468.0,0.0,0.019627745819713383,0.0009855055623557707,0.01862388631380263,0.017229960650818166,74061966242.71472
2025-12-27,2025-12-27 17:00:00+00:00,2025-12-26,1,1441.16,127977000.0,87498.41,1463.0,0.0,0.014891381682003324,-0.0002591499488474591,0.015154458908101853,0.012871968371001685,22897016905.2673
2025-12-28,2025-12-28 17:00:00+00:00,2025-12-26,2,1441.16,128001000.0,87814.04,1457.0,0.0,0.011433199878126521,0.00043724800024769195,0.010991146021260612,0.009262612048026142,20302842698.62285
2025-12-29,2025-12-29 17:00:00+00:00,2025-12-29,0,1433.88,127483000.0,87627.11,1454.0,0.0,0.014614300488812848,0.0005743832083211498,0.0140318576170948,0.016335947194160427,94457092650.25546
2025-12-30,2025-12-30 17:00:00+00:00,2025-12-30,0,1439.42,128811000.0,88742.63,1452.0,0.0,0.00840066563645081,-0.0003360288357988628,0.008739631240360701,0.009258353619889581,56076776680.32413
2025-12-31,2025-12-31 17:00:00+00:00,2025-12-31,0,1444.55,127778000.0,87656.98,1458.0,0.0,0.009106499810741298,-0.00020247304416587397,0.009310858052680837,0.010858064277591062,53845569862.95947
2026-01-01,2026-01-01 17:00:00+00:00,2025-12-31,1,1444.55,128043000.0,87988.76,1456.0,0.0,0.007386357125803489,-0.0005357402568135772,0.007926343844103734,0.004243391524640927,23350692694.58415
2026-01-02,2026-01-02 17:00:00+00:00,2026-01-02,0,1444.45,130799000.0,90376.05,1447.0,0.0,0.0019557788388895325,0.00019006547604294433,0.001765377825469816,0.0014272599837668043,75064007238.7974
2026-01-03,2026-01-03 17:00:00+00:00,2026-01-02,1,1444.45,130520000.0,90105.24,1448.0,0.0,0.002823503526266924,0.0003649238042240377,0.002457682855065979,0.0014084049710909596,57313216384.70624
2026-01-04,2026-01-04 17:00:00+00:00,2026-01-02,2,1444.45,132129000.0,91321.0,1447.0,0.0,0.0016707138061911042,-9.44971960243901e-05,0.001765377825469816,0.0012622445497760815,52291092303.90034
2026-01-05,2026-01-05 17:00:00+00:00,2026-01-05,0,1444.88,136165000.0,93701.31,1453.0,0.0,0.005745384359858496,0.00012483892214198988,0.005619843862465945,0.0036572539387420555,103022190507.19904
2026-01-06,2026-01-06 17:00:00+00:00,2026-01-06,0,1446.93,134842000.0,92692.32,1454.0,0.0,0.005388496883480531,0.0004998471771764379,0.004886207349353411,0.0036067931377852247,101207046789.71877
2026-01-07,2026-01-07 17:00:00+00:00,2026-01-07,0,1447.45,133071000.0,91264.54,1458.0,0.0,0.007343946046841854,5.4866053155855354e-05,0.00728868009257666,0.004650053761762862,78648737221.60886
2026-01-08,2026-01-08 17:00:00+00:00,2026-01-08,0,1452.15,132682000.0,90926.84,1460.0,0.0,0.0048666476968062256,-0.0005362311966320421,0.005405777640050902,0.00682699913284468,75178362049.7289
2026-01-09,2026-01-09 17:00:00+00:00,2026-01-09,0,1458.61,134304000.0,91623.89,1466.0,0.0,0.0049420862026270385,-0.00012375419098664686,0.005066467390186569,0.00946010101180872,61361028914.00153
2026-01-10,2026-01-10 17:00:00+00:00,2026-01-09,1,1458.61,133584000.0,90676.66,1474.0,0.0,0.009996205459846363,-0.0005491416242968672,0.010551141154935273,0.010339584639131205,27075015954.43449
2026-01-11,2026-01-11 17:00:00+00:00,2026-01-09,2,1458.61,133900000.0,91039.15,1470.0,0.0,0.00835439629522261,0.0005413646123637594,0.007808804272561032,0.007604926285880165,17687350294.32601
2026-01-12,2026-01-12 17:00:00+00:00,2026-01-12,0,1467.08,135430000.0,92123.52,1472.0,0.0,0.0020526895697263736,-0.0012965626263898855,0.0033536003489926802,0.005354465981526335,87083162641.90631
2026-01-13,2026-01-13 17:00:00+00:00,2026-01-13,0,1475.78,137418000.0,93389.63,1472.0,0.0,-0.002935282845926146,-0.0003748856782345156,-0.002561357383891849,-0.007194605463882953,81497493831.0368
2026-01-14,2026-01-14 17:00:00+00:00,2026-01-14,0,1464.29,142299000.0,97293.24,1462.0,0.0,-0.0011688330023335025,0.00039568366827169577,-0.0015638978617623644,0.0005950604248683433,133217348262.2702
2026-01-15,2026-01-15 17:00:00+00:00,2026-01-15,0,1469.39,142195000.0,96738.51,1470.0,0.0,0.00034049911407918465,-7.46081678659749e-05,0.0004151382546497828,0.001952316977518409,104676348517.08025
2026-01-16,2026-01-16 17:00:00+00:00,2026-01-16,0,1474.05,140311000.0,94872.55,1478.0,0.0,0.003318755947759433,0.0006373560248948973,0.0026796920050202733,0.0015416523180573627,59307965558.17046
2026-01-17,2026-01-17 17:00:00+00:00,2026-01-16,1,1474.05,140719000.0,95315.23,1475.0,0.0,0.0015628906272777687,0.0009178162231449072,0.0006444828872833597,0.0023417013366464623,28440848976.22328
2026-01-18,2026-01-18 17:00:00+00:00,2026-01-16,2,1474.05,140796000.0,95169.35,1478.0,0.0,0.0036470178016947408,0.0009647405890311767,0.0026796920050202733,0.0072502608354994,23123025175.39233
2026-01-19,2026-01-19 17:00:00+00:00,2026-01-16,3,1474.05,138041000.0,93301.86,1479.0,0.0,0.0037038269173201854,0.000344574758266436,0.003358095044265763,0.0035320405979695213,99505595119.5527
2026-01-20,2026-01-20 17:00:00+00:00,2026-01-20,0,1478.33,134095000.0,90165.51,1486.0,0.0,0.0060064168595892475,0.0008139072920836377,0.0051882867830592705,0.007563476044920359,85254263257.52266
2026-01-21,2026-01-21 17:00:00+00:00,2026-01-21,0,1465.95,130386000.0,87602.4,1488.0,0.0,0.015303304951534091,0.00025798379953068107,0.01504144070398028,0.010087519277205192,113602329117.93712
2026-01-22,2026-01-22 17:00:00+00:00,2026-01-22,0,1464.34,132153000.0,89054.06,1484.0,0.0,0.01340111285132295,-2.440323941621525e-05,0.013425843724818032,0.01410790685692831,82826800206.94221
2026-01-23,2026-01-23 17:00:00+00:00,2026-01-23,0,1462.89,133630000.0,90124.85,1483.0,0.0,0.01355598464409602,-0.00018818990154978454,0.013746761547347885,0.0063145039136509595,56996256766.92777
2026-01-24,2026-01-24 17:00:00+00:00,2026-01-23,1,1462.89,131807000.0,89290.01,1476.0,0.0,0.009076129192953086,0.00011340015926775138,0.008961712774029351,0.008344201240679805,37230555440.9588
2026-01-25,2026-01-25 17:00:00+00:00,2026-01-23,2,1462.89,130374000.0,88077.26,1479.0,0.0,0.0118485727719293,0.0008270173240891854,0.011012447962594596,0.012633544674564678,40485085962.68796
2026-01-26,2026-01-26 17:00:00+00:00,2026-01-26,0,1441.49,128400000.0,87606.99,1465.0,0.0,0.016751052659208288,0.0004344538551004362,0.016309513073278437,0.016831908454097988,100511672472.23509
2026-01-27,2026-01-27 17:00:00+00:00,2026-01-27,0,1437.45,129321000.0,88641.44,1459.0,0.0,0.014937979568225401,-5.3050904492479845e-05,0.014991825802636471,0.011127606630672693,62414301719.97888
2026-01-28,2026-01-28 17:00:00+00:00,2026-01-28,0,1436.06,129996000.0,89629.66,1451.0,0.0,0.009963444141803945,-0.0004354902865066901,0.010403465036279869,0.0063229526853936235,59001252710.75544
2026-01-29,2026-01-29 17:00:00+00:00,2026-01-29,0,1433.84,124946000.0,85270.0,1464.0,0.0,0.02194000983619504,0.0008869287592416786,0.021034425040450833,0.02302961505601453,115720153125.45673
2026-01-30,2026-01-30 17:00:00+00:00,2026-01-30,0,1444.51,122515000.0,83149.0,1473.0,0.0,0.02002703173790832,0.00029819933178942826,0.019722951035299197,0.028269943606941794,165036740802.5737
2026-01-31,2026-01-31 17:00:00+00:00,2026-01-30,1,1444.51,119803000.0,80365.04,1489.0,0.0,0.032000661082614235,0.0011653961990911732,0.030799371413143595,0.03292274158559083,101261872945.28787
2026-02-01,2026-02-01 17:00:00+00:00,2026-01-30,2,1444.51,114385000.0,77494.77,1475.0,0.0,0.021824073514679077,0.0007017575814842747,0.021107503582529663,0.02041395425366499,187141580144.86298
2026-02-02,2026-02-02 17:00:00+00:00,2026-02-02,0,1452.03,116486000.0,78634.76,1480.0,0.0,0.020195908389879946,0.0009155843644306216,0.01926268741003967,0.022104066392367283,183878948297.61783
2026-02-03,2026-02-03 17:00:00+00:00,2026-02-03,0,1447.7,113166000.0,76488.08,1478.0,0.0,0.02198290580244744,0.0010315647700966935,0.020929750638944533,0.02014236450039464,82629379872.54507
2026-02-04,2026-02-04 17:00:00+00:00,2026-02-04,0,1459.24,108932000.0,73636.01,1479.0,0.0,0.013767825189472171,0.0002235031977588786,0.013541295468874281,0.010569740225829793,158778613959.5046
2026-02-05,2026-02-05 17:00:00+00:00,2026-02-05,0,1463.13,100517000.0,68295.15,1473.0,0.0,0.005927636333556752,-0.0008126934496150984,0.006745812060445777,0.007732024464402576,298693021765.22797
2026-02-06,2026-02-06 17:00:00+00:00,2026-02-06,0,1462.75,103690000.0,69954.01,1482.0,0.0,0.013337589345996381,0.00017514090138748273,0.013160143565202453,0.016298952912639164,762913328650.5731
2026-02-07,2026-02-07 17:00:00+00:00,2026-02-06,1,1462.75,102127000.0,68957.16,1480.0,0.0,0.012490835837401626,0.0006898446764589394,0.011792855922064582,0.011217812493097279,209478074887.50107
2026-02-08,2026-02-08 17:00:00+00:00,2026-02-06,2,1462.75,104572000.0,70416.0,1486.0,0.0,0.015252239677197688,-0.000632426926096219,0.015894718851478418,0.015302308374818052,85979004381.2202
2026-02-09,2026-02-09 17:00:00+00:00,2026-02-09,0,1458.12,103554000.0,70093.01,1478.0,0.0,0.01320868065872971,-0.00041959307029304505,0.013633994458618126,0.011541838461280873,175202178539.87762
2026-02-10,2026-02-10 17:00:00+00:00,2026-02-10,0,1456.82,102890000.0,69517.71,1481.0,0.0,0.015948783634103236,-0.0006384152776269802,0.016597795197759613,0.017585432390800904,161461053070.6466
2026-02-11,2026-02-11 17:00:00+00:00,2026-02-11,0,1446.96,97740000.0,66039.09,1481.0,0.0,0.022856546151320156,-0.0006532693996527117,0.02352518383369273,0.020617750489840825,250685326577.2615
2026-02-12,2026-02-12 17:00:00+00:00,2026-02-12,0,1439.8,96961000.0,65863.37,1472.0,0.0,0.022470927696872867,0.00010437615350378238,0.022364217252396124,0.018888647547558035,225547948724.47858
2026-02-13,2026-02-13 17:00:00+00:00,2026-02-13,0,1442.9,100998000.0,68954.69,1464.0,0.0,0.015109121024158956,0.0004787914793438208,0.014623328019959692,0.014037542374857992,209736854049.18304
2026-02-14,2026-02-14 17:00:00+00:00,2026-02-13,1,1442.9,102489000.0,69755.1,1469.0,0.0,0.018274941902299613,0.00018305899988302343,0.01808857162658528,0.02051132520639376,177704931227.13663
2026-02-15,2026-02-15 17:00:00+00:00,2026-02-13,2,1442.9,101955000.0,69017.75,1476.0,0.0,0.02379145049934972,0.000832441683951135,0.02293991267586115,0.027703494270502116,191500205658.14642
2026-02-16,2026-02-16 17:00:00+00:00,2026-02-13,3,1442.9,100666000.0,67888.7,1482.0,0.0,0.027659132976672662,0.0005461288610264514,0.02709820500381177,0.024758468332494177,96696363472.49959
2026-02-17,2026-02-17 17:00:00+00:00,2026-02-17,0,1444.43,99968000.0,67517.36,1481.0,0.0,0.025059443640719437,-0.0002521187184575391,0.025317945487147053,0.02466450513067131,81994849085.85959
2026-02-18,2026-02-18 17:00:00+00:00,2026-02-18,0,1445.15,99480000.0,67145.34,1481.0,0.0,0.02519616302563854,0.0003796320030395872,0.024807113448430895,0.026173738232386334,77340035504.58466
2026-02-19,2026-02-19 17:00:00+00:00,2026-02-19,0,1450.1,97889000.0,66293.53,1477.0,0.0,0.01827432715072197,-0.0002710888278526502,0.018550444796910703,0.017176357598222003,80566664540.44035
2026-02-20,2026-02-20 17:00:00+00:00,2026-02-20,0,1445.97,99803000.0,67795.47,1473.0,0.0,0.018084059393629337,-0.0005980941198870937,0.01869333388659511,0.017986966086543488,85037153751.75227
2026-02-21,2026-02-21 17:00:00+00:00,2026-02-20,1,1445.97,100420000.0,68322.6,1470.0,0.0,0.016474643647139908,-0.00014160511941851972,0.01661860204568555,0.01668354074711198,47323629667.737724
2026-02-22,2026-02-22 17:00:00+00:00,2026-02-20,2,1445.97,99439000.0,67632.76,1469.0,0.0,0.016811278677206998,0.0008703911701029021,0.015927024765382436,0.017581710981060317,38938191631.23239
2026-02-23,2026-02-23 17:00:00+00:00,2026-02-23,0,1442.62,95964000.0,65364.65,1468.0,0.0,0.01768518709940925,9.060259764970269e-05,0.01759299053111718,0.020948292258009982,106581299923.18436
2026-02-24,2026-02-24 17:00:00+00:00,2026-02-24,0,1440.45,94244000.0,64265.52,1467.0,0.0,0.018069664022191123,-0.00035552314876252655,0.018431740081224612,0.015491472209313795,133721905537.38698
2026-02-25,2026-02-25 17:00:00+00:00,2026-02-25,0,1427.12,98385000.0,68297.35,1442.0,0.0,0.00940289155079177,-0.001013138287125015,0.01042659341891361,0.008996542516141792,139966545084.22586
2026-02-26,2026-02-26 17:00:00+00:00,2026-02-26,0,1433.32,96485000.0,66643.55,1449.0,0.0,0.010086384534182313,-0.0008440188540138616,0.010939636647782747,0.007476044811441485,178976199505.67758
2026-02-27,2026-02-27 17:00:00+00:00,2026-02-27,0,1439.82,95529000.0,65475.21,1458.0,0.0,0.013328201894053926,0.0006928749321650773,0.012626578322290305,0.01485632689397276,97722241553.08844
2026-02-28,2026-02-28 17:00:00+00:00,2026-02-27,1,1439.82,95192000.0,65094.3,1462.0,0.0,0.015662197504673125,0.0002535876957443506,0.015404703365698547,0.013093105146122053,104154550100.20926
2026-03-01,2026-03-01 17:00:00+00:00,2026-02-27,2,1439.82,96197000.0,66135.45,1455.0,0.0,0.010227097573007438,-0.0003125913212594922,0.010542984539734235,0.012520003971402849,90675059417.8965
2026-03-02,2026-03-02 17:00:00+00:00,2026-03-02,0,1439.8,101300000.0,69428.62,1460.0,0.0,0.013371633008810946,-0.0006489882150095827,0.014029726350882177,0.014414305718088327,124208745776.38559
2026-03-03,2026-03-03 17:00:00+00:00,2026-03-03,0,1485.6,100384000.0,68175.9,1472.0,0.0,-0.008867478941472884,0.00028972369874180615,-0.00915455035002688,-0.012213327233588367,112138243358.30554
2026-03-04,2026-03-04 17:00:00+00:00,2026-03-04,0,1462.7,106429000.0,73294.84,1452.0,0.0,-0.00726960518805253,4.597003542383682e-05,-0.0073152389416831776,-0.008727888162875175,173545832677.43045
2026-03-05,2026-03-05 17:00:00+00:00,2026-03-05,0,1483.36,104582000.0,71305.92,1467.0,0.0,-0.011253881538284438,-0.0002273740413291092,-0.011029015208715243,-0.012756785834801887,124525843679.14197
2026-03-06,2026-03-06 17:00:00+00:00,2026-03-06,0,1482.98,101149000.0,68446.52,1477.0,0.0,-0.0035054515519081786,0.0005291032210910096,-0.004032421205950154,-0.0030563715867075736,84687679667.80948
2026-03-07,2026-03-07 17:00:00+00:00,2026-03-06,1,1482.98,100200000.0,67783.63,1477.0,0.0,-0.0032009745254848454,0.0008348129981019525,-0.004032421205950154,-0.0028927475964930505,40746636122.26664
2026-03-08,2026-03-08 16:00:00+00:00,2026-03-06,2,1482.98,99439000.0,67218.23,1479.0,0.0,-0.0024506687492185097,0.00023374392040853564,-0.0026837853511173515,0.0001842900167248196,39341977589.88136
2026-03-09,2026-03-09 16:00:00+00:00,2026-03-09,0,1478.15,101228000.0,68863.66,1470.0,0.0,-0.005529172811151728,-1.5610061771309525e-05,-0.005513648817779049,-0.007533116410875507,91617628471.44081
2026-03-10,2026-03-10 16:00:00+00:00,2026-03-10,0,1465.29,103831000.0,71346.16,1456.0,0.0,-0.006808835096456578,-0.00047178432588390606,-0.006340041902967997,-0.0007612862221948458,88880771421.84619
2026-03-11,2026-03-11 16:00:00+00:00,2026-03-11,0,1474.94,102849000.0,70227.91,1465.0,0.0,-0.007076074065995197,-0.00033910217262722586,-0.006739257190123027,-0.00830476290638027,65276213183.31485
2026-03-12,2026-03-12 16:00:00+00:00,2026-03-12,0,1491.81,103093000.0,70334.88,1467.0,0.0,-0.017472051609963235,-0.0008554746504836341,-0.016630804190882142,-0.019644515984917454,61930194582.98698
2026-03-13,2026-03-13 16:00:00+00:00,2026-03-13,0,1498.88,105400000.0,71831.46,1467.0,0.0,-0.021053287122885234,0.00022061963002717455,-0.02126921434671225,-0.01702063580564339,114388804527.5925
2026-03-14,2026-03-14 16:00:00+00:00,2026-03-13,1,1498.88,104358000.0,70580.09,1477.0,0.0,-0.013546371087383435,0.0010667673016537815,-0.014597566182749877,-0.014991522261809331,43874144447.6164
2026-03-15,2026-03-15 16:00:00+00:00,2026-03-13,2,1498.88,105370000.0,71481.24,1475.0,0.0,-0.016536972446587805,-0.0006148727191468417,-0.01593189581554233,-0.01998608036254368,34682841981.24905
2026-03-16,2026-03-16 16:00:00+00:00,2026-03-16,0,1493.01,107800000.0,73274.76,1471.0,0.0,-0.01462477300923093,0.00011901267810210392,-0.014742031198719308,-0.01498665283435463,120970165029.06012
2026-03-17,2026-03-17 16:00:00+00:00,2026-03-17,0,1488.68,109262000.0,73914.39,1477.0,0.0,-0.007023901390218246,0.000828475611651891,-0.007845876884219671,-0.009337548420732977,142514408186.80792
2026-03-18,2026-03-18 16:00:00+00:00,2026-03-18,0,1500.19,106233000.0,71467.82,1485.0,0.0,-0.009162020759986067,0.0009732175596475212,-0.010125384118011782,-0.00863882793602766,86186289136.06892
2026-03-19,2026-03-19 16:00:00+00:00,2026-03-19,0,1495.88,103501000.0,69412.51,1489.0,0.0,-0.003195382434690197,0.0014104038439193278,-0.004599299409043578,-0.005208915094734867,96873303315.46371
2026-03-20,2026-03-20 16:00:00+00:00,2026-03-20,0,1504.15,104504000.0,69860.09,1495.0,0.0,-0.005482052487834288,0.0006047964885780299,-0.006083169896619389,-0.006380565071923305,59050478662.70806
2026-03-21,2026-03-21 16:00:00+00:00,2026-03-20,1,1504.15,105900000.0,70630.02,1497.0,0.0,-0.0031828924001571224,0.0015781245132289179,-0.004753515274407483,0.001011060934935637,33906767151.36102
2026-03-22,2026-03-22 16:00:00+00:00,2026-03-20,2,1504.15,103374000.0,68847.96,1500.0,0.0,-0.0017734954199738473,0.0009882645760308506,-0.002759033341089734,-0.0007751029781466467,55503495715.84142
2026-03-23,2026-03-23 16:00:00+00:00,2026-03-23,0,1492.07,104286000.0,70131.48,1487.0,0.0,-0.003393288491919777,4.69135162162182e-06,-0.0033979639024978026,-0.004578438711155375,112717309524.61905
2026-03-24,2026-03-24 16:00:00+00:00,2026-03-24,0,1496.95,104370000.0,69873.04,1492.0,0.0,-0.0021649609905620704,0.0011455507005215804,-0.003306723671465339,-0.004079836226643985,57561820040.51931
2026-03-25,2026-03-25 16:00:00+00:00,2026-03-25,0,1500.32,105739000.0,70832.99,1491.0,0.0,-0.0050168510657756515,0.0012026277726326917,-0.006212008104937605,-0.0048083165510691694,72898499303.1083
2026-03-26,2026-03-26 16:00:00+00:00,2026-03-26,0,1504.57,104180000.0,69082.64,1507.0,0.0,0.002312229205648997,0.0006960256774672935,0.0016150793914539996,0.002694734210797689,64701379910.13963
2026-03-27,2026-03-27 16:00:00+00:00,2026-03-27,0,1509.86,100358000.0,66112.82,1517.0,0.0,0.005378598130689749,0.0006466250320389388,0.004728915263666922,0.008570271342639657,143618355819.83527
2026-03-28,2026-03-28 16:00:00+00:00,2026-03-27,1,1509.86,101567000.0,67014.91,1515.0,0.0,0.0037937942793884183,0.00038818365061210613,0.003404289139390393,0.005318073882052854,49968181426.44726
2026-03-29,2026-03-29 16:00:00+00:00,2026-03-27,2,1509.86,101093000.0,66523.0,1519.0,0.0,0.006497217364493935,0.00044100632650057037,0.006053541387943229,0.00732173443837314,26359695980.415283
2026-03-30,2026-03-30 16:00:00+00:00,2026-03-30,0,1518.7,102455000.0,67629.4,1515.0,0.0,-0.0024707703202323517,-3.456032035420442e-05,-0.0024362941989860554,0.00037295203467380134,62041281722.2376
2026-03-31,2026-03-31 16:00:00+00:00,2026-03-31,0,1523.5,101735000.0,66736.8,1524.0,0.0,0.0006047317250805762,0.00027644933278225814,0.0003281916639317206,-0.0077323311920564075,78391443329.72757
2026-04-01,2026-04-01 16:00:00+00:00,2026-04-01,0,1511.31,104015000.0,68918.52,1509.0,0.0,-0.0013657087077620922,0.00016301575405708313,-0.0015284752962660964,0.0023775849673521865,60156085061.98545
2026-04-02,2026-04-02 16:00:00+00:00,2026-04-02,0,1509.54,101555000.0,66852.91,1517.0,0.0,0.0063206134009234916,0.0013719306217732097,0.004941902831326228,0.007552834196754565,68401697443.762726
2026-04-03,2026-04-03 16:00:00+00:00,2026-04-03,0,1510.17,101411000.0,66827.15,1517.0,0.0,0.004861683990460719,0.00033748801046407095,0.004522669633220122,0.004642883252395924,31616795507.65357
2026-04-04,2026-04-04 16:00:00+00:00,2026-04-03,1,1510.17,102292000.0,67383.66,1517.0,0.0,0.005220264312907341,0.0006944538941486833,0.004522669633220122,0.003954586814903349,12202384038.90024
2026-04-05,2026-04-05 16:00:00+00:00,2026-04-03,2,1510.17,102257000.0,67306.64,1520.0,0.0,0.0060262154947117175,-0.00047986193838889246,0.006509200950886251,0.00021728212972704775,18527139170.67247
2026-04-06,2026-04-06 16:00:00+00:00,2026-04-06,0,1507.55,105117000.0,69968.87,1505.0,0.0,-0.0034562432907365714,-0.0017677472245515302,-0.0016914861861960784,0.0009601593951724663,65993946395.907936
2026-04-07,2026-04-07 16:00:00+00:00,2026-04-07,0,1501.86,102949000.0,68168.1,1510.0,0.0,0.005568111167740142,0.00014736651548497015,0.005419945933708981,-0.007184857116247723,52556981848.69057
2026-04-08,2026-04-08 16:00:00+00:00,2026-04-08,0,1477.1,106004000.0,71310.0,1486.0,0.0,0.006379818038394713,0.0003523749828484579,0.006025319883555591,0.007883663030631372,108732880167.67603
2026-04-09,2026-04-09 16:00:00+00:00,2026-04-09,0,1472.92,106999000.0,72141.99,1483.0,0.0,0.006960515766428088,0.00011617186964762993,0.006843548868913363,0.008947245014212735,46895993208.3684
2026-04-10,2026-04-10 16:00:00+00:00,2026-04-10,0,1483.9,107647000.0,72460.51,1486.0,0.0,0.0011425266798066325,-0.0002722776984083186,0.0014151897028100713,0.0008372588323126706,74741407805.6762
2026-04-11,2026-04-11 16:00:00+00:00,2026-04-10,1,1483.9,108446000.0,72858.17,1488.0,0.0,0.0030686202087391035,0.00030478866112093606,0.002762989419772266,0.0012294161709089924,36389715541.06139
2026-04-12,2026-04-12 16:00:00+00:00,2026-04-10,2,1483.9,105814000.0,70892.03,1492.0,0.0,0.005868214315652764,0.00040740162399255375,0.005458588853696211,0.006796632495423616,61905145915.78928
2026-04-13,2026-04-13 16:00:00+00:00,2026-04-13,0,1486.94,106985000.0,71866.59,1489.0,0.0,0.001157506570761857,-0.00022757365995385026,0.0013853955102425264,-0.008025713794971079,44114538945.71151
2026-04-14,2026-04-14 16:00:00+00:00,2026-04-14,0,1471.51,111162000.0,75317.07,1475.0,0.0,0.002997192626294831,0.0006239992688266138,0.002371713410034504,0.006203244187560353,107068467417.91351
2026-04-15,2026-04-15 16:00:00+00:00,2026-04-15,0,1474.41,109284000.0,73844.08,1480.0,0.0,0.0037432337959857342,-4.793152625726105e-05,0.0037913470472934474,0.0012819753246098298,66369766831.52804
2026-04-16,2026-04-16 16:00:00+00:00,2026-04-16,0,1478.19,110380000.0,74697.19,1478.0,0.0,-0.0003318275790396008,-0.00020331813874197024,-0.00012853557391134807,-0.0015061341341844336,72626643960.33565
2026-04-17,2026-04-17 16:00:00+00:00,2026-04-17,0,1461.66,114207000.0,77785.02,1468.0,0.0,0.004501046932902986,0.00016280671658530643,0.004337534036643165,0.008965051497963783,108486480917.52405
2026-04-18,2026-04-18 16:00:00+00:00,2026-04-17,1,1461.66,112840000.0,76167.34,1481.0,0.0,0.013556414188124366,0.00032064035260925827,0.013231531272662522,0.015703641476754404,72067728844.29218
2026-04-19,2026-04-19 16:00:00+00:00,2026-04-17,2,1461.66,112681000.0,75846.63,1486.0,0.0,0.016407921893363486,-0.0002403747546071422,0.016652299440362173,0.019716455243080855,44990717712.56515
2026-04-20,2026-04-20 16:00:00+00:00,2026-04-20,0,1470.31,112094000.0,75716.77,1480.0,0.0,0.0068884910798567844,0.00029609278352982216,0.006590446912555947,0.007553272252054821,69239106889.24352
2026-04-21,2026-04-21 16:00:00+00:00,2026-04-21,0,1478.52,112327000.0,75834.65,1481.0,0.0,0.0018190130215867129,0.00014142277695894379,0.0016773530287044203,0.0017230879487155626,60647156207.368774
2026-04-22,2026-04-22 16:00:00+00:00,2026-04-22,0,1480.61,117225000.0,79272.9,1479.0,0.0,-0.0012545424571880348,-0.00016733475830787992,-0.0010873896569656427,0.0013523014514600362,105781376498.12122
2026-04-23,2026-04-23 16:00:00+00:00,2026-04-23,0,1479.19,116373000.0,78376.76,1485.0,0.0,0.0037856014866191057,-0.00014166743232857382,0.003927825363881476,0.0053587645237314074,83028206381.5479
2026-04-24,2026-04-24 16:00:00+00:00,2026-04-24,0,1476.47,115998000.0,78038.62,1486.0,0.0,0.006737609797338617,0.00028121045590601135,0.006454584244854233,0.008846049409946932,61856909953.05029
2026-04-25,2026-04-25 16:00:00+00:00,2026-04-24,1,1476.47,115481000.0,77330.26,1492.0,0.0,0.011431414670365792,0.0009035796369671889,0.010518330883797056,0.009458223064942484,25897083634.68996
2026-04-26,2026-04-26 16:00:00+00:00,2026-04-24,2,1476.47,115904000.0,78049.0,1485.0,0.0,0.005788010181714931,1.065548349954426e-05,0.005777293138363726,0.004748652138983678,27956488470.31771
2026-04-27,2026-04-27 16:00:00+00:00,2026-04-27,0,1473.4,114624000.0,76793.09,1491.0,0.0,0.013054362845224876,0.0010961087968843763,0.01194516085245012,0.01145710247126841,91611341943.99118
2026-04-28,2026-04-28 16:00:00+00:00,2026-04-28,0,1472.37,113130000.0,76066.38,1487.0,0.0,0.010108622795445443,0.0001705668764828694,0.009936361104885494,0.00945863250288137,58519076171.16487
2026-04-29,2026-04-29 16:00:00+00:00,2026-04-29,0,1487.69,113315000.0,75924.25,1493.0,0.0,0.003215997322717712,-0.0003520381399639838,0.0035692919895946584,0.0057820497538538795,49208574183.74635
2026-04-30,2026-04-30 16:00:00+00:00,2026-04-30,0,1477.93,113888000.0,76473.6,1489.0,0.0,0.007656629207870802,0.00016518603437787327,0.007490205896084401,0.008402665450635505,47803735063.58215
2026-05-01,2026-05-01 16:00:00+00:00,2026-05-01,0,1477.22,116243000.0,78445.89,1482.0,0.0,0.0031166434844280833,-0.00011877996756626263,0.003235807801139856,0.0036032675918244994,47170343907.498474
2026-05-02,2026-05-02 16:00:00+00:00,2026-05-01,1,1477.22,116350000.0,78487.67,1483.0,0.0,0.0035055343914911496,-0.0004056335038445935,0.003912755039872096,0.003090315528704757,24438295671.9842
2026-05-03,2026-05-03 16:00:00+00:00,2026-05-01,2,1477.22,116552000.0,78668.36,1482.0,0.0,0.0029388507491057148,-0.0002959992553347446,0.003235807801139856,0.0036784917927805694,25877578845.879078
2026-05-04,2026-05-04 16:00:00+00:00,2026-05-04,0,1476.01,118433000.0,80028.85,1481.0,0.0,0.0026211331230858725,-0.0007570434159311912,0.003380735902873244,0.006094139321723313,101529519362.96703
2026-05-05,2026-05-05 16:00:00+00:00,2026-05-05,0,1478.41,120689000.0,81525.19,1480.0,0.0,0.0013386458946982316,0.0002628834305276051,0.001075479738367413,0.0005891587282944588,91148771928.4862
2026-05-06,2026-05-06 16:00:00+00:00,2026-05-06,0,1447.01,120017000.0,81704.25,1468.0,0.0,0.015141509337652126,0.0006266453860190868,0.014505773975300729,0.013494267919335723,89283154678.08813
2026-05-07,2026-05-07 16:00:00+00:00,2026-05-07,0,1453.85,117762000.0,79890.63,1474.0,0.0,0.013887400491524815,2.7270830802672563e-05,0.013859751693778621,0.01372353740250798,61039181851.89183
2026-05-08,2026-05-08 16:00:00+00:00,2026-05-08,0,1461.06,118290000.0,80142.14,1476.0,0.0,0.010227172419922548,1.7022600622418338e-06,0.010225452753480413,0.007971244267295452,49344263889.56318
2026-05-09,2026-05-09 16:00:00+00:00,2026-05-08,1,1461.06,118693000.0,80527.92,1475.0,0.0,0.008812777271310024,-0.0007213583999863271,0.009541018164894055,0.008347899801877556,28362068853.896862
2026-05-10,2026-05-10 16:00:00+00:00,2026-05-08,2,1461.06,119627000.0,81418.01,1470.0,0.0,0.005635688330156263,-0.0004802185090760913,0.006118845221962266,0.00371443546967698,24158659860.52454
2026-05-11,2026-05-11 16:00:00+00:00,2026-05-11,0,1469.91,119746000.0,81445.9,1471.0,0.0,0.0002326893011570519,-0.0005084756419688752,0.0007415419991698702,0.0007344584533492959,85968377914.34438
2026-05-12,2026-05-12 16:00:00+00:00,2026-05-12,0,1490.32,119160000.0,80336.01,1482.0,0.0,-0.004730473821613734,0.0008570042200894967,-0.005582693649685888,-0.005329517180631127,59605409796.36818
2026-05-13,2026-05-13 16:00:00+00:00,2026-05-13,0,1490.11,117407000.0,78827.21,1487.0,0.0,-0.00046154718909463543,0.00162894681779302,-0.002087094241364662,-0.002851466226230448,67967677756.80954
2026-05-14,2026-05-14 16:00:00+00:00,2026-05-14,0,1491.75,120146000.0,81301.23,1479.0,0.0,-0.00935932936201267,-0.0008193235806507326,-0.008547008547008517,-0.009151271021440421,63277347382.64631
2026-05-15,2026-05-15 16:00:00+00:00,2026-05-15,0,1499.61,117925000.0,79150.27,1488.0,0.0,-0.0064833346005162,0.0012684990589513223,-0.007742012923359964,-0.007079974757832286,92616807822.06235
2026-05-16,2026-05-16 16:00:00+00:00,2026-05-15,1,1499.61,116660000.0,78238.67,1491.0,0.0,-0.005689134812176144,5.266032482387217e-05,-0.005741492788124858,-0.0040497550301753504,49201925343.57624
2026-05-17,2026-05-17 16:00:00+00:00,2026-05-15,2,1499.61,116367000.0,78051.41,1491.0,0.0,-0.005806871065664798,-6.575581407208819e-05,-0.005741492788124858,-0.004875297557869085,25359464243.21915
2026-05-18,2026-05-18 16:00:00+00:00,2026-05-18,0,1494.67,113772000.0,76409.46,1489.0,0.0,-0.0038082416489333415,-1.4818364950430762e-05,-0.00379347949714659,-0.006711000320996141,118770563319.63968
2026-05-19,2026-05-19 16:00:00+00:00,2026-05-19,0,1508.49,114069000.0,76521.23,1490.0,0.0,-0.011803624849360927,0.0004592952691191421,-0.012257290402985732,-0.012345263311507093,82529846885.50829
2026-05-20,2026-05-20 16:00:00+00:00,2026-05-20,0,1498.77,114891000.0,77455.46,1483.0,0.0,-0.010310459403743422,0.00021375101783660533,-0.010521961341633412,-0.010358127342265822,43389996618.30397
2026-05-21,2026-05-21 16:00:00+00:00,2026-05-21,0,1508.47,114791000.0,77259.46,1485.0,0.0,-0.015037959721995064,0.0005290834331057592,-0.015558811245831916,-0.01666101868255443,39496816340.537025
2026-05-22,2026-05-22 16:00:00+00:00,2026-05-22,0,1517.33,114624000.0,76790.59,1492.0,0.0,-0.01624373568947768,0.0004577027656065269,-0.016693797657727716,-0.01095243074161234,31781977953.83992
2026-05-23,2026-05-23 16:00:00+00:00,2026-05-22,1,1517.33,113148000.0,75520.0,1498.0,0.0,-0.012573323769998646,0.00016830350071272981,-0.012739483171096522,-0.014590027954314633,56076082641.93339
2026-05-24,2026-05-24 16:00:00+00:00,2026-05-22,2,1517.33,114313000.0,76371.59,1496.0,0.0,-0.013530310790824562,0.0005347951388756655,-0.014057587999973586,-0.013451943274509048,37620127828.93309
2026-05-25,2026-05-25 16:00:00+00:00,2026-05-22,3,1517.33,115509000.0,77628.82,1489.0,0.0,-0.019352795271407652,-0.0006948131962156712,-0.018670954901043202,-0.020141023702665017,26451762146.56549
2026-05-26,2026-05-26 16:00:00+00:00,2026-05-26,0,1506.75,113575000.0,76518.1,1484.0,0.0,-0.014906694489344563,0.00019497175079519202,-0.015098722415795574,-0.016341077917978786,48625661970.06259
2026-05-27,2026-05-27 16:00:00+00:00,2026-05-27,0,1498.28,111113000.0,75326.01,1475.0,0.0,-0.015474594257148144,6.422028230534949e-05,-0.015537816696478579,-0.016781407930912873,74215605575.36176
2026-05-28,2026-05-28 16:00:00+00:00,2026-05-28,0,1495.94,107747000.0,72928.73,1477.0,0.0,-0.012374348536576263,0.00029026205158722007,-0.012660935599021372,-0.014395856321070877,86422738504.10587
2026-05-29,2026-05-29 16:00:00+00:00,2026-05-29,0,1503.96,109130000.0,73808.26,1478.0,0.0,-0.01688821468156365,0.0003794321025141212,-0.0172610973696109,-0.015414941234558999,55117856731.67377
2026-05-30,2026-05-30 16:00:00+00:00,2026-05-29,1,1503.96,109512000.0,73930.14,1482.0,0.0,-0.015073333057866067,-0.0004788731347558084,-0.01460145216628106,-0.01517427115177028,23026724828.02567
2026-05-31,2026-05-31 16:00:00+00:00,2026-05-29,2,1503.96,108690000.0,73655.21,1477.0,0.0,-0.01881741580152929,-0.0009076781779743248,-0.01792600867044336,-0.02036342653855694,21075983839.02137
2026-06-01,2026-06-01 16:00:00+00:00,2026-06-01,0,1511.71,104436000.0,71129.62,1469.0,0.0,-0.02874950070387361,-0.0005111693050051658,-0.028252773349385807,-0.034678683521725984,93244350681.06406
2026-06-02,2026-06-02 16:00:00+00:00,2026-06-02,0,1517.4,99238000.0,67304.28,1474.0,0.0,-0.028293202737174394,0.0003174315920024817,-0.028601555291946856,-0.026533138551173896,126584083480.89258
2026-06-03,2026-06-03 16:00:00+00:00,2026-06-03,0,1518.03,97866000.0,66076.01,1480.0,0.0,-0.02431939158095653,0.0007516445934867555,-0.025052205819384277,-0.024623637114350116,109174693697.38043
2026-06-04,2026-06-04 16:00:00+00:00,2026-06-04,0,1531.91,95348000.0,63896.17,1492.0,0.0,-0.025900075359996944,0.00015644474213627468,-0.026052444334197178,-0.025254397478835733,159259316045.28296
2026-06-05,2026-06-05 16:00:00+00:00,2026-06-05,0,1555.96,91985000.0,60438.01,1520.0,0.0,-0.02184331273703033,0.0012978152063751747,-0.02311113396231268,-0.021151525462965837,107067710743.76973
2026-06-06,2026-06-06 16:00:00+00:00,2026-06-05,1,1555.96,92364000.0,60784.0,1519.0,0.0,-0.023403804079491164,0.0003585365401415075,-0.02375382400575854,-0.023191595014499078,96069839148.30568
2026-06-07,2026-06-07 16:00:00+00:00,2026-06-05,2,1555.96,94171000.0,62093.99,1516.0,0.0,-0.025303993488921317,0.00038786166951054746,-0.025681894136096117,-0.03173339208110593,57196612363.05641
2026-06-08,2026-06-08 16:00:00+00:00,2026-06-08,0,1528.23,95450000.0,63774.48,1496.0,0.0,-0.020644682558971117,0.00045466361825097223,-0.021089757431800193,-0.017735755906824857,69293888123.0527
2026-06-09,2026-06-09 16:00:00+00:00,2026-06-09,0,1529.94,92067000.0,61131.84,1505.0,0.0,-0.015621488226692182,0.0006910699684083976,-0.016301292861158,-0.01965410188013106,52746097574.81589
2026-06-10,2026-06-10 16:00:00+00:00,2026-06-10,0,1519.26,94123000.0,62639.23,1504.0,0.0,-0.010952278051076125,-0.0009171262977910599,-0.010044363703381909,-0.009108355899529075,49122983050.63217
2026-06-11,2026-06-11 16:00:00+00:00,2026-06-11,0,1530.97,94400000.0,62749.44,1504.0,0.0,-0.017357691003735964,0.00026322859309191315,-0.017616282487573298,-0.017929280353921384,38793354751.98181
2026-06-12,2026-06-12 16:00:00+00:00,2026-06-12,0,1518.87,95859000.0,63593.02,1507.0,0.0,-0.0075632450559218745,0.0002537584485147182,-0.007815020376990667,-0.006780276996959489,42997041347.28293
2026-06-13,2026-06-13 16:00:00+00:00,2026-06-12,1,1518.87,96864000.0,64296.15,1507.0,0.0,-0.00812526845894046,-0.00031269177453929764,-0.007815020376990667,-0.004814316447425582,20280752249.32504
2026-06-14,2026-06-14 16:00:00+00:00,2026-06-12,2,1518.87,96613000.0,64025.07,1508.0,0.0,-0.006506793545057898,0.0006545268489508427,-0.007156636183478393,-0.007683838629879092,28410632662.66392
2026-06-15,2026-06-15 16:00:00+00:00,2026-06-15,0,1514.87,100975000.0,67292.14,1501.0,0.0,-0.009455121157233792,-0.00030198493501598644,-0.009155901166436609,-0.010046021167690933,73740712044.0961
2026-06-16,2026-06-16 16:00:00+00:00,2026-06-16,0,1508.12,98948000.0,65859.76,1503.0,0.0,-0.003789815701497945,-0.00039620549284291595,-0.003394955308596015,-0.0034105039745760957,54593870067.02575
2026-06-17,2026-06-17 16:00:00+00:00,2026-06-17,0,1514.24,98757000.0,65752.0,1502.0,0.0,-0.008108412465518966,-2.5354521829057397e-05,-0.008083262890955178,-0.004603822296163407,37781537467.007675
2026-06-18,2026-06-18 16:00:00+00:00,2026-06-18,0,1540.64,94563000.0,62369.44,1515.0,0.0,-0.015879615349969844,0.0007757289816650026,-0.01664243431301282,-0.02090432896002259,64523592587.176414
2026-06-19,2026-06-19 16:00:00+00:00,2026-06-18,1,1540.64,95420000.0,63214.01,1510.0,0.0,-0.020228275096863757,-0.0003473442021405537,-0.019887838820230597,-0.018379172011538603,48519422576.12065
2026-06-20,2026-06-20 16:00:00+00:00,2026-06-18,2,1540.64,96889000.0,64160.04,1510.0,0.0,-0.019813587086842666,7.57584043222792e-05,-0.019887838820230597,-0.01854516988866639,26571524865.634388
2026-06-21,2026-06-21 16:00:00+00:00,2026-06-18,3,1540.64,96770000.0,64224.0,1507.0,0.0,-0.021992419769978455,-0.00016085042761748714,-0.02183508152456126,-0.021847065512714536,18573172067.58857
2026-06-22,2026-06-22 16:00:00+00:00,2026-06-22,0,1537.86,97696000.0,64836.95,1507.0,0.0,-0.02020006878010372,-0.00013595074596572942,-0.0200668461368394,-0.01833156615605036,42705754055.43237
2026-06-23,2026-06-23 16:00:00+00:00,2026-06-23,0,1532.43,94314000.0,62487.79,1509.0,0.0,-0.015081367153740532,0.00021130585327622242,-0.01528944225837403,-0.016230461364407756,41465308595.783134
2026-06-24,2026-06-24 16:00:00+00:00,2026-06-24,0,1542.53,91662000.0,60250.0,1520.0,0.0,-0.013723560740716567,0.0008953920069885157,-0.014605874764186066,-0.01697859326296869,39433794006.16352
2026-06-25,2026-06-25 16:00:00+00:00,2026-06-25,0,1541.44,90726000.0,59557.99,1523.0,0.0,-0.01175390561617784,0.00021146403611216336,-0.011962839941872527,-0.014211560306259141,87266270127.76292
2026-06-26,2026-06-26 16:00:00+00:00,2026-06-26,0,1533.44,91313000.0,60328.32,1515.0,0.0,-0.012937637495814447,-0.000923492304674256,-0.012025250417362354,-0.011237061926012482,67370884188.69786
2026-06-27,2026-06-27 16:00:00+00:00,2026-06-26,1,1533.44,92097000.0,60840.06,1516.0,0.0,-0.012836561199796925,-0.0014802746742852424,-0.01137312186978301,-0.009906150396812974,20866733152.70311
2026-06-28,2026-06-28 16:00:00+00:00,2026-06-26,2,1533.44,90722000.0,59890.0,1515.0,0.0,-0.012148837978140925,-0.0001250918212543084,-0.012025250417362354,-0.011545489912074824,14865336870.21094
2026-06-29,2026-06-29 16:00:00+00:00,2026-06-29,0,1542.07,90717000.0,59824.01,1517.0,0.0,-0.0166478515112517,-0.0003969363084744826,-0.016257368342552536,-0.018858792803694513,52293220037.79557
2026-06-30,2026-06-30 16:00:00+00:00,2026-06-30,0,1548.78,89140000.0,58381.99,1524.0,0.0,-0.014165519923633463,0.001863993472883907,-0.015999690078642548,-0.017652370302772113,46675860316.49382
2026-07-01,2026-07-01 16:00:00+00:00,2026-07-01,0,1550.59,91286000.0,60147.15,1518.0,0.0,-0.021204092154638587,-0.00019028541110743813,-0.021017806125410265,-0.020431511214791476,46407003793.173164
2026-07-02,2026-07-02 16:00:00+00:00,2026-07-02,0,1538.05,92980000.0,61612.93,1510.0,0.0,-0.01882330180852887,-0.000596807514309905,-0.018237378498748402,-0.018645057403407717,52759158915.514244
2026-07-03,2026-07-03 16:00:00+00:00,2026-07-02,1,1538.05,93315000.0,61922.72,1507.0,0.0,-0.020214559583093594,-2.7208604364448163e-05,-0.020187900263320402,-0.020011005860678277,28306385304.55983
2026-07-04,2026-07-04 16:00:00+00:00,2026-07-02,2,1538.05,94930000.0,62943.29,1509.0,0.0,-0.019418743915768477,-0.0005414175478115624,-0.018887552420272402,-0.019220249505776166,23826272138.82293
2026-07-05,2026-07-05 16:00:00+00:00,2026-07-02,3,1538.05,94456000.0,62740.01,1505.0,0.0,-0.02115367958226866,0.00034191569334995897,-0.0214882481063684,-0.0220934767764438,23091370911.54527
2026-07-06,2026-07-06 16:00:00+00:00,2026-07-06,0,1530.98,95490000.0,63545.98,1504.0,0.0,-0.01847742166971822,-0.0008700552047241628,-0.017622699186142232,-0.019572763737086496,48811826947.96312
2026-07-07,2026-07-07 16:00:00+00:00,2026-07-07,0,1514.43,95620000.0,63930.51,1497.0,0.0,-0.012376611434715912,-0.0008774292953084295,-0.011509280719478654,-0.01048691061421736,43711292447.285324
2026-07-08,2026-07-08 16:00:00+00:00,2026-07-08,0,1511.17,92360000.0,61704.01,1496.0,0.0,-0.009493768349286724,0.0005503356173852669,-0.010038579378891854,-0.012055347979043174,40746619549.80994
2026-07-09,2026-07-09 16:00:00+00:00,2026-07-09,0,1508.76,94029000.0,62868.05,1495.0,0.0,-0.008685026964519671,0.000439049309037598,-0.009120072112198119,-0.010900491061034745,28680268202.922382
2026-07-10,2026-07-10 16:00:00+00:00,2026-07-10,0,1501.06,95347000.0,64040.0,1489.0,0.0,-0.008123370457185808,-8.976928036497078e-05,-0.008034322412162065,-0.00717046186712178,30531430758.65792
2026-07-11,2026-07-11 16:00:00+00:00,2026-07-10,1,1501.06,95589000.0,64175.75,1491.0,0.0,-0.007709317602433208,-0.0010141839572825884,-0.006701930635684028,-0.005575883272669557,11321414294.213741
2026-07-12,2026-07-12 16:00:00+00:00,2026-07-10,2,1501.06,95625000.0,64176.0,1491.0,0.0,-0.007339475616238933,-0.0006418465918923699,-0.006701930635684028,-0.006858399974125962,11785119627.86788
2026-07-13,2026-07-13 16:00:00+00:00,2026-07-13,0,1492.63,92863000.0,62618.01,1483.0,0.0,-0.006446444256484329,5.289217426929227e-06,-0.00645169934947043,-0.007215793777574975,36781562696.94996
2026-07-14,2026-07-14 16:00:00+00:00,2026-07-14,0,1490.26,95366000.0,64743.99,1474.0,0.0,-0.01160153542814879,-0.0006983067755447214,-0.010910847771529841,-0.015200706904209604,28522779231.82999
2026-07-15,2026-07-15 16:00:00+00:00,2026-07-15,0,1488.39,96264000.0,65427.61,1472.0,0.0,-0.011478535442544513,-0.0004718324506308713,-0.011011898763093053,-0.013234749785094424,33988658184.303688
2026-07-16,2026-07-16 16:00:00+00:00,2026-07-16,0,1478.2,95037000.0,64704.73,1469.0,0.0,-0.006372754704023209,-0.00014990197650577297,-0.006223785685292915,-0.0037921274371663927,25031265142.006702
2026-07-17,2026-07-17 16:00:00+00:00,2026-07-17,0,1489.44,93653000.0,63452.0,1477.0,0.0,-0.009046296192272263,-0.0007000104269585528,-0.008352132345042507,-0.009865186104747847,23480613252.54355
2026-07-18,2026-07-18 16:00:00+00:00,2026-07-17,1,1489.44,94668000.0,64123.12,1478.0,0.0,-0.008790299217150244,-0.0011181483531745862,-0.007680739069717557,-0.011077119248027345,11419294509.57933
2026-07-19,2026-07-19 16:00:00+00:00,2026-07-17,2,1489.44,94942000.0,64585.32,1472.0,0.0,-0.013035464624131188,-0.0013420804550039467,-0.011709098721667255,-0.0134889563449897,14458051650.82806
2026-07-20,2026-07-20 16:00:00+00:00,2026-07-20,0,1478.31,95950000.0,65598.75,1463.0,0.0,-0.010572674053936026,-0.00021851659649640975,-0.010356420507200759,-0.012075242793460284,31697514428.96087
2026-07-21,2026-07-21 16:00:00+00:00,2026-07-21,0,1479.77,97487000.0,66676.54,1462.0,0.0,-0.011948840226265967,6.0509369615768804e-05,-0.012008622961676485,-0.013309351665590774,36259639210.917984
2026-07-22,2026-07-22 16:00:00+00:00,2026-07-22,0,1476.63,96262000.0,66047.39,1458.0,0.0,-0.012976409213937279,-0.0003644411094487765,-0.012616566099835524,-0.011151048276778486,24006121744.315998
2026-07-23,2026-07-23 16:00:00+00:00,2026-07-23,0,1474.88,95101000.0,64958.36,1464.0,0.0,-0.007356403263823141,2.0620187330955275e-05,-0.007376871338685254,-0.00703204447390815,22840514988.18795
2026-07-24,2026-07-24 16:00:00+00:00,2026-07-24,0,1460.76,93684000.0,64093.85,1461.0,0.0,0.000622346790272621,0.00045797350948562077,0.0001642980366385327,0.0027415905807177676,26797731032.36537
2026-07-25,2026-07-25 16:00:00+00:00,2026-07-24,1,1460.76,93888000.0,64182.0,1463.0,0.0,0.0014239495959367243,-0.00010933109243993488,0.0015334483419588985,0.0016118753982832246,13441753749.555069
2026-07-26,2026-07-26 16:00:00+00:00,2026-07-24,2,1460.76,94500000.0,64768.0,1459.0,0.0,-0.0011679853261721274,3.691141531225739e-05,-0.001204852268682055,-0.005136296897155446,11279230695.867931
2026-07-27,2026-07-27 16:00:00+00:00,2026-07-27,0,1467.54,94170000.0,64554.01,1459.0,0.0,-0.005970214831007681,-0.0001518362392715078,-0.005819262166618988,-0.004897967578501583,21369566777.910072
2026-07-28,2026-07-28 16:00:00+00:00,2026-07-28,0,1453.26,92780000.0,63928.47,1452.0,0.0,-0.0013421100104333838,-0.00047550605631019316,-0.0008670162255893787,-0.002994160111528532,35003276374.51983
2026-07-29,2026-07-29 16:00:00+00:00,2026-07-29,0,1446.32,91792000.0,63964.01,1433.0,0.0,-0.007787353191396784,0.0014354468473265491,-0.009209580175894683,-0.01109492653681421,27782444841.57801
2026-07-30,2026-07-30 16:00:00+00:00,2026-07-30,0,1424.05,91758000.0,64730.3,1416.0,0.0,-0.004569184690355055,0.0010898676141948282,-0.0056528914012849985,-0.007197697247782853,26355210564.40882
2026-07-31,2026-07-31 16:00:00+00:00,2026-07-31,0,1436.81,90089000.0,62716.57,1433.0,0.0,-0.0002529629080715301,0.002405122375473523,-0.002651707602257747,0.00028846539310123376,31371587346.23528
2026-08-01,2026-08-01 16:00:00+00:00,2026-07-31,1,1436.81,90609000.0,63007.06,1437.0,0.0,0.0008817723390148746,0.00074943584858711,0.00013223738698919796,0.0031392435686938835,9773171095.96302
2026-08-02,2026-08-02 16:00:00+00:00,2026-07-31,2,1436.81,90581000.0,63109.14,1434.0,0.0,-0.001045961524021477,0.0009115425541634803,-0.0019557213549460384,-0.004379465816639838,13545534029.43495
2026-08-03,2026-08-03 16:00:00+00:00,2026-08-03,0,1430.49,90605000.0,63694.91,1423.0,0.0,-0.005596577814340087,-0.00036250779875990347,-0.005235968094848609,-0.004432135802825865,24570671938.78935
2026-08-04,2026-08-04 16:00:00+00:00,2026-08-04,0,1427.48,91148000.0,64125.14,1421.0,0.0,-0.0042535077384521225,0.00028726444300808396,-0.004539468153669457,-0.003833778582293612,14651512987.23495
2026-08-05,2026-08-05 16:00:00+00:00,2026-08-05,0,1424.0,91532000.0,64388.01,1420.0,0.0,-0.0017071518805994446,0.0011049406493144343,-0.002808988764044895,-0.004336156220674514,17858289594.44986
2026-08-06,2026-08-06 16:00:00+00:00,2026-08-06,0,1423.61,91651000.0,64631.87,1418.0,0.0,-0.00390799041339196,3.2824941883724534e-05,-0.0039406860024865376,-0.0034042647988844488,13365322427.20437
2026-08-07,2026-08-07 16:00:00+00:00,2026-08-07,0,1409.94,91304000.0,64912.72,1406.0,0.0,-0.002393281907535183,0.00040228741628012266,-0.002794445153694536,-0.002991141376529005,15999923663.64361
2026-08-08,2026-08-08 16:00:00+00:00,2026-08-07,1,1409.94,91430000.0,65080.82,1405.0,0.0,-0.0035968958816099406,-9.352838385545681e-05,-0.0035036951927033266,-0.002667968748010452,4697008924.65911
2026-08-09,2026-08-09 16:00:00+00:00,2026-08-07,2,1409.94,91530000.0,65228.68,1403.0,0.0,-0.004768208241051619,0.0001547487331514663,-0.004922195270720797,-0.003850486469702763,4595892406.729751
2026-08-10,2026-08-10 16:00:00+00:00,2026-08-10,0,1417.54,90610000.0,64299.99,1409.0,0.0,-0.005900392312615188,0.00012488139189170688,-0.006024521353894752,-0.003639697847199419,16147311605.0307
2026-08-11,2026-08-11 16:00:00+00:00,2026-08-11,0,1412.93,89608000.0,63609.87,1408.0,0.0,-0.00298514333754174,0.0005058248750617889,-0.003489203286787035,-0.002374164538856749,16094585187.701809
2026-08-12,2026-08-12 16:00:00+00:00,2026-08-12,0,1416.3,89535000.0,63441.47,1411.0,0.0,-0.0035297313088081816,0.00021321158563769593,-0.003742145025771304,-0.002888659116442427,19845775847.865902
2026-08-13,2026-08-13 16:00:00+00:00,2026-08-13,0,1418.0,89593000.0,63420.01,1412.0,0.0,-0.00374264176238992,0.0004907464454186883,-0.004231311706629048,-0.004554474066304159,14692969034.45747
2026-08-14,2026-08-14 16:00:00+00:00,2026-08-14,0,1414.29,88960000.0,62990.95,1412.0,0.0,-0.001430848519252459,0.00018864394313489186,-0.0016191870125645824,0.0001359721001807923,27939701067.01122
2026-08-15,2026-08-15 16:00:00+00:00,2026-08-14,1,1414.29,89209000.0,63100.55,1414.0,0.0,-0.0003751224829036115,-0.00017010747973533746,-0.00020504988368719168,0.0004156704986311155,9767441532.85433
2026-08-16,2026-08-16 16:00:00+00:00,2026-08-14,2,1414.29,89322000.0,63146.39,1415.0,0.0,0.00016451158637864616,-0.00033733774452315846,0.0005020186807513927,0.0022050534583741843,4822228022.721419
2026-08-17,2026-08-17 16:00:00+00:00,2026-08-17,0,1412.8,90438000.0,64200.0,1409.0,0.0,-0.002907992083064359,-0.0002188865968441034,-0.0026896942242354838,-0.002204110827630723,14515989064.75053
2026-08-18,2026-08-18 16:00:00+00:00,2026-08-18,0,1411.6,91060000.0,64855.06,1405.0,0.0,-0.005345777051381839,-0.0006733799898439585,-0.00467554548030602,-0.004557505372990933,23101716061.49853
2026-08-19,2026-08-19 16:00:00+00:00,2026-08-19,0,1388.39,94500000.0,68554.0,1380.0,0.0,-0.0071411040932550796,-0.0011048097913292088,-0.006042970635052214,-0.010468419389588868,41548534994.25126
2026-08-20,2026-08-20 16:00:00+00:00,2026-08-20,0,1393.35,99672000.0,72470.83,1375.0,0.0,-0.012925992996897007,0.0002469582965625161,-0.013169698927046225,-0.01122945774612849,112766129966.25465
2026-08-21,2026-08-21 16:00:00+00:00,2026-08-21,0,1385.01,106163000.0,77221.98,1374.0,0.0,-0.007388412992988647,0.0005654833483119681,-0.007949401087356756,-0.008598745775010741,339831457878.80505
2026-08-22,2026-08-22 16:00:00+00:00,2026-08-21,1,1385.01,105346000.0,76978.83,1369.0,0.0,-0.011916072483982298,-0.00036075935065016385,-0.011559483325030095,-0.011133993657758467,282512414500.10486
2026-08-23,2026-08-23 16:00:00+00:00,2026-08-21,2,1385.01,105667000.0,77156.13,1370.0,0.0,-0.011182754219963065,-0.0003490703811613871,-0.010837466877495427,-0.008743699058995635,128355872399.04529
2026-08-24,2026-08-24 16:00:00+00:00,2026-08-24,0,1383.15,108633000.0,79100.01,1373.0,0.0,-0.007076124617858226,0.000264135640793528,-0.007338321946282145,-0.006093989934375599,162041005450.89438
2026-08-25,2026-08-25 16:00:00+00:00,2026-08-25,0,1383.63,110136000.0,79502.01,1386.0,0.0,0.0012239293790416994,-0.00048812019716903965,0.0017128856703019224,0.005041816578762459,180497870829.88617
2026-08-26,2026-08-26 16:00:00+00:00,2026-08-26,0,1386.17,108539000.0,78011.65,1391.0,0.0,0.003713711320231239,0.00022849404799796247,0.003484421102750712,0.002516410241806044,126633917012.05635
2026-08-27,2026-08-27 16:00:00+00:00,2026-08-27,0,1381.25,110922000.0,80302.32,1381.0,0.0,3.985391693461793e-05,0.0002208893720245797,-0.00018099547511307712,0.0009767502945807749,131306052507.5922
2026-08-28,2026-08-28 16:00:00+00:00,2026-08-28,0,1379.41,108851000.0,78331.13,1390.0,0.0,0.007406297604515943,-0.00026883382831266456,0.007677195322637775,0.004177898427630611,146481689718.49887
2026-08-29,2026-08-29 16:00:00+00:00,2026-08-28,1,1379.41,108201000.0,77865.36,1389.0,0.0,0.0073806594592351615,0.0004254538982457756,0.006952247700103609,0.008143319129533921,86298725789.19145
2026-08-30,2026-08-30 16:00:00+00:00,2026-08-28,2,1379.41,109365000.0,78823.63,1388.0,0.0,0.005839197439405419,-0.0003857007637678711,0.006227300077569442,0.008060004100428841,45400398679.500885
2026-08-31,2026-08-31 16:00:00+00:00,2026-08-31,0,1368.25,108341000.0,78580.42,1379.0,0.0,0.007657721880901747,-0.00019747790896029738,0.007856751324684774,0.006939712963867084,112026928155.24568
2026-09-01,2026-09-01 16:00:00+00:00,2026-09-01,0,1371.76,107621000.0,77919.06,1381.0,0.0,0.00687413260497749,0.00013733536727289497,0.006735872164226997,0.00787249636174625,92982904726.62817
2026-09-02,2026-09-02 16:00:00+00:00,2026-09-02,0,1358.85,106247000.0,77288.98,1375.0,0.0,0.011643700561885462,-0.00023851453925960442,0.01188504985833605,0.01215610617894658,125691676067.98846
2026-09-03,2026-09-03 16:00:00+00:00,2026-09-03,0,1356.89,111304000.0,81348.0,1368.0,0.0,0.00836845327259117,0.00017914514696371064,0.00818784131359207,0.0052237397380625605,126127685482.31346
2026-09-04,2026-09-04 16:00:00+00:00,2026-09-04,0,1346.51,108730000.0,79429.33,1369.0,0.0,0.0166206001498721,-8.049356624961757e-05,0.016702438154933885,0.017862247996499825,161204497104.8368
2026-09-05,2026-09-05 16:00:00+00:00,2026-09-04,1,1346.51,109007000.0,79806.01,1366.0,0.0,0.014399919703198316,-7.347300179105787e-05,0.014474456186734708,0.013868186547322026,43913779729.42905
2026-09-06,2026-09-06 16:00:00+00:00,2026-09-04,2,1346.51,108707000.0,79716.5,1363.0,0.0,0.012744061003841178,0.0004915668248586247,0.012246474218535308,0.010509439477160099,37495352691.35765
2026-09-07,2026-09-07 16:00:00+00:00,2026-09-04,3,1346.51,107522000.0,78821.99,1364.0,0.0,0.013072101599743702,8.190287761800086e-05,0.012989134874601849,0.011676940626617949,24038503290.04768
2026-09-08,2026-09-08 16:00:00+00:00,2026-09-08,0,1341.22,106909000.0,78904.0,1356.0,0.0,0.010218287915492619,-0.0007927934232914158,0.011019817777843999,0.010867148993645825,26767416127.757698
2026-09-09,2026-09-09 16:00:00+00:00,2026-09-09,0,1339.81,106549000.0,78596.7,1356.0,0.0,0.011816718791537228,-0.00026389527722037176,0.012083802927280729,0.014452188498293994,23348678075.157173
2026-09-10,2026-09-10 16:00:00+00:00,2026-09-10,0,1345.63,105399000.0,77250.0,1365.0,0.0,0.013940198653837221,-0.00044809559372671615,0.014394744469133247,0.01637175057829965,28079556315.02314
2026-09-11,2026-09-11 16:00:00+00:00,2026-09-11,0,1340.3,105541000.0,77732.25,1358.0,0.0,0.013019833790412827,-0.00018373841731200713,0.013205998657017215,0.016051249385031996,38998576636.036766
2026-09-12,2026-09-12 16:00:00+00:00,2026-09-11,1,1340.3,105202000.0,77380.37,1359.0,0.0,0.014357808398953065,0.00040012553135881923,0.013952100276057644,0.014871283323129703,13017860575.55819
2026-09-13,2026-09-13 16:00:00+00:00,2026-09-11,2,1340.3,105127000.0,77134.83,1363.0,0.0,0.016861318095496403,-7.393643184605558e-05,0.016936506752219582,0.015561054974010391,12905644235.127981
2026-09-14,2026-09-14 16:00:00+00:00,2026-09-14,0,1346.6,106564000.0,78578.02,1357.0,0.0,0.007095887276307833,-0.0006224599806365916,0.007723154611614547,0.003394540840824023,25780392789.78558
2026-09-15,2026-09-15 16:00:00+00:00,2026-09-15,0,1361.84,104767000.0,76512.0,1369.0,0.0,0.005469421976461941,0.00021072142032507735,0.005257592668742372,0.00019726469861347518,30570370271.28168
2026-09-16,2026-09-16 16:00:00+00:00,2026-09-16,0,1367.65,103868000.0,75788.41,1369.0,0.0,0.0020837130401898385,0.0010955369900771394,0.000987094651409226,0.006091261164910655,47645205565.77947
2026-09-17,2026-09-17 16:00:00+00:00,2026-09-17,0,1380.46,105920000.0,76780.01,1379.0,0.0,-0.0006767754695320427,0.0003812462185133203,-0.0010576184750010764,-0.0007168942657437283,37724274080.96373
2026-09-18,2026-09-18 16:00:00+00:00,2026-09-18,0,1387.97,110499000.0,80725.6,1370.0,0.0,-0.013795484122035462,-0.0008596482458844701,-0.012946965712515413,-0.015012642194948467,58010087175.2761
2026-09-19,2026-09-19 16:00:00+00:00,2026-09-18,1,1387.97,111448000.0,81636.01,1366.0,0.0,-0.01641832294001344,-0.0005989309597734804,-0.01582887238196795,-0.015939593831050813,43965921326.25662
2026-09-20,2026-09-20 16:00:00+00:00,2026-09-18,2,1387.97,110784000.0,80912.0,1370.0,0.0,-0.013529672766008582,-0.0005903502985671327,-0.012946965712515413,-0.013922002873772321,27150752684.038063
2026-09-21,2026-09-21 16:00:00+00:00,2026-09-21,0,1374.81,116000000.0,85927.71,1350.0,0.0,-0.01806651782786317,-2.076249994420465e-05,-0.01804613001069233,-0.016736152811701932,82231053951.23515
2026-09-22,2026-09-22 16:00:00+00:00,2026-09-22,0,1359.06,116448000.0,86413.12,1347.0,0.0,-0.008452057819370418,0.000425498366745547,-0.008873780407046006,-0.013081012891087096,61524711882.94258
2026-09-23,2026-09-23 16:00:00+00:00,2026-09-23,0,1366.99,114787000.0,83996.01,1366.0,0.0,-0.0003022573971133147,0.00042226732117134347,-0.0007242189043079605,0.0042846657093773555,46100634486.66262
2026-09-24,2026-09-24 16:00:00+00:00,2026-09-24,0,1369.44,115266000.0,84418.0,1366.0,0.0,-0.002935727581367731,-0.00042481901832225333,-0.002511975698095581,-0.0037956657304074604,36897714332.68682
2026-09-25,2026-09-25 16:00:00+00:00,2026-09-25,0,1356.51,113635000.0,83796.01,1356.0,0.0,-0.0003090128117456681,6.697716131198739e-05,-0.0003759647920029696,-0.003317577277509365,40795574078.00046
2026-09-26,2026-09-26 16:00:00+00:00,2026-09-25,1,1356.51,114090000.0,84155.99,1355.0,0.0,-0.0005995351171931285,0.0005141879100931668,-0.0011131506586755657,0.0027472590900643468,18150856689.963
2026-09-27,2026-09-27 16:00:00+00:00,2026-09-25,2,1356.51,114900000.0,84463.37,1361.0,0.0,0.0028330160243146274,-0.0004753750425104952,0.0033099645413599,-0.0013885743014470098,23309343899.99256
2026-09-28,2026-09-28 16:00:00+00:00,2026-09-25,3,1356.51,113434000.0,83370.0,1361.0,0.0,0.0030219695350321985,-0.0002870448978936624,0.0033099645413599,0.002705087189049049,45358341327.62354
2026-09-29,2026-09-29 16:00:00+00:00,2026-09-25,4,1356.51,112556000.0,83068.0,1355.0,0.0,-0.0011232675735887154,-1.0128189113500774e-05,-0.0011131506586755657,0.0004001087035427897,29985517829.22853
