date,sample_ts_utc,fx_date,fx_age_days,usdkrw,coin_krw,coin_usdt,usdt_krw,price_age_h,kp,crypto_prem,usdt_prem,kp_utc0,upbit_value_24h_krw
2017-09-25,2017-09-25 16:00:00+00:00,2017-09-25,0,1134.59,4301000.0,3910.01,,0.0,-0.03048926333921287,,,-0.028424264713515113,508394697.53914005
2017-09-26,2017-09-26 16:00:00+00:00,2017-09-26,0,1136.29,4371000.0,3920.0,,0.0,-0.018691513250874925,,,-0.020509120333869757,122848735.86283001
2017-09-27,2017-09-27 16:00:00+00:00,2017-09-27,0,1141.62,4503000.0,4090.0,,0.0,-0.035600291594379496,,,-0.027118809366564856,110997266.78204
2017-09-28,2017-09-28 16:00:00+00:00,2017-09-28,0,1145.08,4560000.0,4168.0,,0.0,-0.04456465571775747,,,-0.04061316274640414,324110942.12976
2017-09-29,2017-09-29 16:00:00+00:00,2017-09-29,0,1142.57,4656000.0,4143.02,,0.0,-0.016412218685343594,,,-0.023664255395909994,348688221.02976
2017-09-30,2017-09-30 16:00:00+00:00,2017-09-29,1,1142.57,4804000.0,4353.98,,0.0,-0.034318854290972256,,,-0.0215389697401267,83592589.50819999
2017-10-01,2017-10-01 16:00:00+00:00,2017-09-29,2,1142.57,4889000.0,4299.99,,0.0,-0.004893014586275668,,,-0.00813955097747776,159628056.16447
2017-10-02,2017-10-02 16:00:00+00:00,2017-10-02,0,1146.18,4999000.0,4409.09,,0.0,-0.010806288536740816,,,0.0009424994089957117,149796037.47759998
2017-10-03,2017-10-03 16:00:00+00:00,2017-10-03,0,1140.5,4920000.0,4258.57,,0.0,0.012992016901252956,,,0.009855448672632106,79125382.52164999
2017-10-04,2017-10-04 16:00:00+00:00,2017-10-04,0,1140.44,4865000.0,4211.01,,0.0,0.013034253764245607,,,0.019867226164773877,37660236.95053
2017-10-05,2017-10-05 16:00:00+00:00,2017-10-05,0,1139.03,4938000.0,4314.49,,0.0,0.0048158015903345675,,,0.007525445443377965,25892275.2354
2017-10-06,2017-10-06 16:00:00+00:00,2017-10-06,0,1143.46,4961000.0,4382.07,,0.0,-0.009923073872329491,,,0.00624993101673299,124963868.64116001
2017-10-07,2017-10-07 16:00:00+00:00,2017-10-06,1,1143.46,4976000.0,4343.01,,0.0,0.00200194701116696,,,-0.0020807772486944875,16599315.771130001
2017-10-08,2017-10-08 16:00:00+00:00,2017-10-06,2,1143.46,5140000.0,4590.0,,0.0,-0.020669102495057046,,,-0.016709418540340693,710714837.9381
2017-10-09,2017-10-09 16:00:00+00:00,2017-10-06,3,1143.46,5353000.0,4664.31,,0.0,0.0036651848971991363,,,0.0006054700785973477,52907454.68868
2017-10-10,2017-10-10 16:00:00+00:00,2017-10-10,0,1132.08,5537000.0,4831.99,,0.0,0.012211760098480351,,,0.01314791846172425,58757591.0616
2017-10-11,2017-10-11 16:00:00+00:00,2017-10-11,0,1131.04,5576000.0,4825.01,,0.0,0.021754556226168065,,,0.019029054200494055,51335687.26668
2017-10-12,2017-10-12 16:00:00+00:00,2017-10-12,0,1129.71,6101000.0,5305.01,,0.0,0.018000157122125326,,,0.032224358887521065,39644211.301240005
2017-10-13,2017-10-13 16:00:00+00:00,2017-10-13,0,1125.01,6526000.0,5762.25,,0.0,0.006696572673944523,,,0.012855939130877791,232643512.67799
2017-10-14,2017-10-14 16:00:00+00:00,2017-10-13,1,1125.01,6534000.0,5752.04,,0.0,0.009719747044915072,,,0.00911635321293991,44131023.16029
2017-10-15,2017-10-15 16:00:00+00:00,2017-10-13,2,1125.01,6257000.0,5544.14,,0.0,0.0031724199231137895,,,-0.006662081252265528,39915937.58807
2017-10-16,2017-10-16 16:00:00+00:00,2017-10-16,0,1127.72,6412000.0,5681.22,,0.0,0.0008076670210395154,,,-0.0007219794321032813,155065980.65463
2017-10-17,2017-10-17 16:00:00+00:00,2017-10-17,0,1129.86,6428000.0,5603.01,,0.0,0.015382880257561293,,,0.0214240087034121,30368599.64045
2017-10-18,2017-10-18 16:00:00+00:00,2017-10-18,0,1130.94,6133000.0,5322.28,,0.0,0.018909663645191976,,,0.025215860826110603,196427634.01422
2017-10-19,2017-10-19 16:00:00+00:00,2017-10-19,0,1129.06,6471000.0,5625.01,,0.0,0.018898867064709002,,,0.014575206662152285,98714319.38929
2017-10-20,2017-10-20 16:00:00+00:00,2017-10-20,0,1130.69,6792000.0,5889.99,,0.0,0.01985767505319691,,,0.019504467405217607,139889197.52624
2017-10-21,2017-10-21 16:00:00+00:00,2017-10-20,1,1130.69,7132000.0,6149.99,,0.0,0.025636277318371592,,,0.00904628500539495,27128259.21810999
2017-10-22,2017-10-22 16:00:00+00:00,2017-10-20,2,1130.69,6929000.0,5970.27,,0.0,0.02643874730301854,,,0.04628256510809514,32989316.145119995
2017-10-23,2017-10-23 16:00:00+00:00,2017-10-23,0,1129.73,6881000.0,5762.04,,0.0,0.0570624055779545,,,0.043031428050721576,98380670.32970999
2017-10-24,2017-10-24 16:00:00+00:00,2017-10-24,0,1128.36,6561000.0,5637.96,,0.0,0.03133644572960259,,,0.04837143218968021,452231529.79922
2017-10-25,2017-10-25 16:00:00+00:00,2017-10-25,0,1126.49,6431000.0,5456.11,,0.0,0.046328491473479394,,,0.0363952372470695,760145186.08547
2017-10-26,2017-10-26 16:00:00+00:00,2017-10-26,0,1123.0,6775000.0,5918.99,,0.0,0.01925285600329496,,,0.03467117480893145,1881735071.33625
2017-10-27,2017-10-27 16:00:00+00:00,2017-10-27,0,1124.79,6725000.0,5771.01,,0.0,0.03602208936752227,,,0.03410189159222288,3453026877.82446
2017-10-28,2017-10-28 16:00:00+00:00,2017-10-27,1,1124.79,6691000.0,5669.97,,0.0,0.04915298902884602,,,0.043772560773567726,2644142060.05376
2017-10-29,2017-10-29 16:00:00+00:00,2017-10-27,2,1124.79,6778000.0,5949.01,,0.0,0.012943959547540906,,,0.0030357929147446505,4157092539.5651903
2017-10-30,2017-10-30 16:00:00+00:00,2017-10-30,0,1124.79,6890000.0,6070.98,,0.0,0.008994904861617359,,,0.011580417630176587,3718416283.65953
2017-10-31,2017-10-31 16:00:00+00:00,2017-10-31,0,1115.68,7180000.0,6371.28,,0.0,0.010085425779708057,,,0.02931226142061738,7581198801.85791
2017-11-01,2017-11-01 16:00:00+00:00,2017-11-01,0,1110.03,7498000.0,6596.99,,0.0,0.023917331015950394,,,0.04013268612058396,8693800133.960539
2017-11-02,2017-11-02 16:00:00+00:00,2017-11-02,0,1111.54,8249000.0,7019.98,,0.0,0.05715905218168582,,,0.05305805937409547,14781941550.88282
2017-11-03,2017-11-03 16:00:00+00:00,2017-11-03,0,1114.86,8308000.0,7284.98,,0.0,0.02293441581035327,,,0.026565713568596605,8610630891.82451
2017-11-04,2017-11-04 16:00:00+00:00,2017-11-03,1,1114.86,8215000.0,7300.0,,0.0,0.009402495159414492,,,0.017541141634734414,7117831525.87277
2017-11-05,2017-11-05 17:00:00+00:00,2017-11-03,2,1114.86,8531000.0,7500.0,,0.0,0.020277583433495394,,,0.03228149915253753,5798793597.43947
2017-11-06,2017-11-06 17:00:00+00:00,2017-11-06,0,1110.09,8203000.0,7160.0,,0.0,0.032051807566460866,,,0.04318209428585673,15230805516.58165
2017-11-07,2017-11-07 17:00:00+00:00,2017-11-07,0,1113.1,8135000.0,7000.0,,0.0,0.044059704557413815,,,0.048329886974583625,16198165846.313429
2017-11-08,2017-11-08 17:00:00+00:00,2017-11-08,0,1111.14,8383000.0,7414.81,,0.0,0.017491188971812344,,,0.027646839993607397,14320236737.20717
2017-11-09,2017-11-09 17:00:00+00:00,2017-11-09,0,1118.13,8078000.0,7115.7,,0.0,0.015298907918037452,,,0.029262324703007492,24763030640.13629
2017-11-10,2017-11-10 17:00:00+00:00,2017-11-09,1,1118.13,7796000.0,6825.01,,0.0,0.021589071589421804,,,0.036471032705914785,24115959995.632988
2017-11-11,2017-11-11 17:00:00+00:00,2017-11-09,2,1118.13,7325000.0,6277.45,,0.0,0.04359518537943918,,,0.03554777943046217,27235002653.52251
2017-11-12,2017-11-12 17:00:00+00:00,2017-11-09,3,1118.13,7239000.0,6080.11,,0.0,0.06481666664599306,,,0.09765514400395081,59326120861.6709
2017-11-13,2017-11-13 17:00:00+00:00,2017-11-13,0,1119.96,7431000.0,6346.94,,0.0,0.04539485089549866,,,0.03388037728495408,57680927319.16212
2017-11-14,2017-11-14 17:00:00+00:00,2017-11-14,0,1113.65,7488000.0,6490.01,,0.0,0.03602860930272822,,,0.0367049528691179,57604432031.81491
2017-11-15,2017-11-15 17:00:00+00:00,2017-11-15,0,1103.9,8229000.0,7146.99,,0.0,0.04302364665754932,,,0.0447552852141051,58870086665.05749
2017-11-16,2017-11-16 17:00:00+00:00,2017-11-16,0,1094.49,8345000.0,7445.32,,0.0,0.024073609885457037,,,0.011894511535345043,60876474293.497215
2017-11-17,2017-11-17 17:00:00+00:00,2017-11-17,0,1093.15,8666000.0,7842.98,,0.0,0.010782741609054236,,,0.014808101139310414,75068155965.96817
2017-11-18,2017-11-18 17:00:00+00:00,2017-11-17,1,1093.15,8480000.0,7639.98,,0.0,0.015368933457227785,,,0.01567894428924732,71595732275.34726
2017-11-19,2017-11-19 17:00:00+00:00,2017-11-17,2,1093.15,8526000.0,7790.0,,0.0,0.0012167613737947836,,,-0.0019051093547247655,56745878770.98333
2017-11-20,2017-11-20 17:00:00+00:00,2017-11-20,0,1093.15,8998000.0,8248.04,,0.0,-0.0020346300136655504,,,0.005352843869717017,76301467810.08217
2017-11-21,2017-11-21 17:00:00+00:00,2017-11-21,0,1088.1,9155000.0,8287.89,,0.0,0.015185859890681774,,,0.012355762350408916,145328159164.9065
2017-11-22,2017-11-22 17:00:00+00:00,2017-11-22,0,1085.66,9090000.0,8186.11,,0.0,0.022804123131212606,,,0.01966147224035475,116278277989.17267
2017-11-23,2017-11-23 17:00:00+00:00,2017-11-22,1,1085.66,9044000.0,8176.11,,0.0,0.018872852839069143,,,0.027106711291186247,133513653886.8973
2017-11-24,2017-11-24 17:00:00+00:00,2017-11-24,0,1082.59,9032000.0,8146.2,,0.0,0.024153018599095688,,,0.043686430231482776,203378441330.46494
2017-11-25,2017-11-25 17:00:00+00:00,2017-11-24,1,1082.59,9581000.0,8560.06,,0.0,0.03387972879773815,,,0.04888825519225115,115561411282.00517
2017-11-26,2017-11-26 17:00:00+00:00,2017-11-24,2,1082.59,10534000.0,9208.0,,0.0,0.05672989114843485,,,0.046761926338105164,204199314888.0806
2017-11-27,2017-11-27 17:00:00+00:00,2017-11-27,0,1088.36,10999000.0,9498.99,,0.0,0.06390585658613901,,,0.07724946999211846,254720706820.19513
2017-11-28,2017-11-28 17:00:00+00:00,2017-11-28,0,1079.87,11854000.0,9861.07,,0.0,0.11319027866594711,,,0.12732383351811305,315790170859.8734
2017-11-29,2017-11-29 17:00:00+00:00,2017-11-29,0,1079.33,12896000.0,10676.5,,0.0,0.11910766832347042,,,0.061931378932970516,504011686058.3092
2017-11-30,2017-11-30 17:00:00+00:00,2017-11-30,0,1084.79,10614000.0,9118.96,,0.0,0.07297128517530038,,,0.11822077174910728,522792399164.6082
2017-12-01,2017-12-01 17:00:00+00:00,2017-12-01,0,1082.36,12394000.0,10536.11,,0.0,0.08682460424801963,,,0.07376550933899462,418180567373.5334
2017-12-02,2017-12-02 17:00:00+00:00,2017-12-01,1,1082.36,12810000.0,10808.32,,0.0,0.09501281425333907,,,0.10045793625977217,366093323516.65576
2017-12-03,2017-12-03 17:00:00+00:00,2017-12-01,2,1082.36,13323000.0,11657.91,,0.0,0.05586792150423814,,,0.08630595135099584,343544570441.1594
2017-12-04,2017-12-04 17:00:00+00:00,2017-12-04,0,1082.36,13425000.0,11239.02,,0.0,0.10360616109049015,,,0.09186835083173395,319599479867.1713
2017-12-05,2017-12-05 17:00:00+00:00,2017-12-05,0,1086.85,14329000.0,11607.03,,0.0,0.13586094196869203,,,0.15168649910053067,362010495697.6029
2017-12-06,2017-12-06 17:00:00+00:00,2017-12-06,0,1094.55,16158000.0,12546.55,,0.0,0.17659683768508083,,,0.2399530070553726,516871992186.71747
2017-12-07,2017-12-07 17:00:00+00:00,2017-12-07,0,1090.68,21209000.0,14790.0,,0.0,0.3147847818382179,,,0.31411515128139356,1153335986645.562
2017-12-08,2017-12-08 17:00:00+00:00,2017-12-08,0,1092.03,19311000.0,15215.01,,0.0,0.16224571140112531,,,0.16829999157393916,2133658253195.389
2017-12-09,2017-12-09 17:00:00+00:00,2017-12-08,1,1092.03,16698000.0,13986.98,,0.0,0.09321588467244202,,,0.11022470566090048,932480828559.3826
2017-12-10,2017-12-10 17:00:00+00:00,2017-12-08,2,1092.03,16835000.0,15079.19,,0.0,0.022352204826876276,,,0.08541304216401424,1466588058290.168
2017-12-11,2017-12-11 17:00:00+00:00,2017-12-11,0,1092.03,18950000.0,16335.0,,0.0,0.062320362572686694,,,0.06582765813968994,1004180367495.8729
2017-12-12,2017-12-12 17:00:00+00:00,2017-12-12,0,1090.09,19056000.0,16192.71,,0.0,0.07956762096420311,,,0.0626741777657529,748733112284.5277
2017-12-13,2017-12-13 17:00:00+00:00,2017-12-13,0,1088.01,18280000.0,15682.26,,0.0,0.07135809279870964,,,0.052373323374296676,758062939050.3864
2017-12-14,2017-12-14 17:00:00+00:00,2017-12-14,0,1088.09,18544000.0,16147.91,,0.0,0.05541261155401367,,,0.049852322595620224,685680494715.2697
2017-12-15,2017-12-15 17:00:00+00:00,2017-12-15,0,1086.39,19974000.0,17573.01,,0.0,0.04624436037713231,,,0.053523954480161784,1095787372408.4977
2017-12-16,2017-12-16 17:00:00+00:00,2017-12-15,1,1086.39,21350000.0,18669.0,,0.0,0.052667135300269896,,,0.06996894352051575,804654122659.7767
2017-12-17,2017-12-17 17:00:00+00:00,2017-12-15,2,1086.39,21579000.0,18950.0,,0.0,0.04818114050647404,,,0.06792132236976012,856165017937.7429
2017-12-18,2017-12-18 17:00:00+00:00,2017-12-18,0,1084.28,22003000.0,18469.4,,0.0,0.09872160521918016,,,0.08028900653334703,842069236418.3633
2017-12-19,2017-12-19 17:00:00+00:00,2017-12-19,0,1084.29,22580000.0,17772.61,,0.0,0.1717292576863383,,,0.1927150429686848,999130062963.6383
2017-12-20,2017-12-20 17:00:00+00:00,2017-12-20,0,1078.14,21861000.0,16200.02,,0.0,0.2516396557642844,,,0.2734124901247983,963073730557.9196
2017-12-21,2017-12-21 17:00:00+00:00,2017-12-21,0,1078.08,21831000.0,15250.0,,0.0,0.3278615535086056,,,0.3291578353875664,1004270612168.3335
2017-12-22,2017-12-22 17:00:00+00:00,2017-12-22,0,1076.87,17650000.0,12567.08,,0.0,0.3042085760376836,,,0.33014875178213976,1372662481706.8718
2017-12-23,2017-12-23 17:00:00+00:00,2017-12-22,1,1076.87,20570000.0,14730.0,,0.0,0.29678586045218647,,,0.43307277824321155,1274300982230.1052
2017-12-24,2017-12-24 17:00:00+00:00,2017-12-22,2,1076.87,19189000.0,12700.72,,0.0,0.40300985901592234,,,0.34766430419573346,1016563877037.5701
2017-12-25,2017-12-25 17:00:00+00:00,2017-12-22,3,1076.87,19622000.0,13645.42,,0.0,0.3353437726743771,,,0.3436450268226823,714629523641.9795
2017-12-26,2017-12-26 17:00:00+00:00,2017-12-26,0,1073.75,22565000.0,15935.0,,0.0,0.3188035065328332,,,0.30196503739043545,1148460134341.8555
2017-12-27,2017-12-27 17:00:00+00:00,2017-12-27,0,1073.13,21228000.0,14571.0,,0.0,0.3575861064576469,,,0.32424551964246295,834065640244.6562
2017-12-28,2017-12-28 17:00:00+00:00,2017-12-28,0,1068.64,19535000.0,13799.97,,0.0,0.3246582455259146,,,0.29094451483878747,926576463565.0872
2017-12-29,2017-12-29 17:00:00+00:00,2017-12-29,0,1067.42,19171000.0,14596.0,,0.0,0.23048288294651686,,,0.2568146328355172,666784761554.0665
2017-12-30,2017-12-30 17:00:00+00:00,2017-12-29,1,1067.42,18069000.0,11874.75,,0.0,0.4255232564113638,,,0.3868058273994641,820720953859.3152
2017-12-31,2017-12-31 17:00:00+00:00,2017-12-29,2,1067.42,19235000.0,13836.0,,0.0,0.30240573969308926,,,0.31683941953255235,588179753057.4785
2018-01-01,2018-01-01 17:00:00+00:00,2017-12-29,3,1067.42,18621000.0,13018.0,,0.0,0.34005738689791154,,,0.32053598132865746,506409850900.8789
2018-01-02,2018-01-02 17:00:00+00:00,2018-01-02,0,1059.39,19198000.0,13590.02,,0.0,0.33346009119665476,,,0.30336636718941556,596118760870.6981
2018-01-03,2018-01-03 17:00:00+00:00,2018-01-03,0,1063.11,20909000.0,15010.06,,0.0,0.31030570239527133,,,0.3176908278746191,1036358530685.7562
2018-01-04,2018-01-04 17:00:00+00:00,2018-01-04,0,1061.5,21355000.0,14469.97,,0.0,0.39031096054647074,,,0.4639332338699067,909365577746.2108
2018-01-05,2018-01-05 17:00:00+00:00,2018-01-05,0,1060.07,26189000.0,16449.0,,0.0,0.5019133268374449,,,0.5264304887019533,1222255955241.1958
2018-01-06,2018-01-06 17:00:00+00:00,2018-01-05,1,1060.07,26231000.0,16892.24,,0.0,0.46484967880173467,,,0.48791067448814984,1504810367193.3486
2018-01-07,2018-01-07 17:00:00+00:00,2018-01-05,2,1060.07,25120000.0,15999.99,,0.0,0.48103519696870345,,,0.5104412880962041,875251961248.8612
2018-01-08,2018-01-08 17:00:00+00:00,2018-01-08,0,1066.26,24681000.0,14839.78,,0.0,0.5598116949029992,,,0.5877928321773451,1095258831379.2203
2018-01-09,2018-01-09 17:00:00+00:00,2018-01-09,0,1068.8,24349000.0,14951.01,,0.0,0.5237515225725222,,,0.5604208250166334,1043452426169.8701
2018-01-10,2018-01-10 17:00:00+00:00,2018-01-10,0,1067.55,22030000.0,14412.19,,0.0,0.43184594311255364,,,0.33950699798839845,967056713707.2421
2018-01-11,2018-01-11 17:00:00+00:00,2018-01-11,0,1062.67,19805000.0,13949.26,,0.0,0.33605783225114894,,,0.37818978032925155,1181648326637.1345
2018-01-12,2018-01-12 17:00:00+00:00,2018-01-12,0,1062.09,19583000.0,13365.03,,0.0,0.37958341952208174,,,0.4215595934975065,847330380489.3241
2018-01-13,2018-01-13 17:00:00+00:00,2018-01-12,1,1062.09,21263000.0,14209.0,,0.0,0.40896337839655184,,,0.400383078816442,714077420658.5842
2018-01-14,2018-01-14 17:00:00+00:00,2018-01-12,2,1062.09,18732000.0,13065.02,,0.0,0.34993466711635657,,,0.3419834290793222,585486654862.2528
2018-01-15,2018-01-15 17:00:00+00:00,2018-01-12,3,1062.09,19501000.0,14069.97,,0.0,0.30497559883158964,,,0.32859322814753367,577629074719.4403
2018-01-16,2018-01-16 17:00:00+00:00,2018-01-16,0,1064.19,15564000.0,11611.01,,0.0,0.25959825240039414,,,0.2309831890921734,749382206040.4498
2018-01-17,2018-01-17 17:00:00+00:00,2018-01-17,0,1066.72,13029000.0,10287.97,,0.0,0.18721932472199976,,,0.275469065012131,820477270815.3756
2018-01-18,2018-01-18 17:00:00+00:00,2018-01-18,0,1069.35,14642000.0,11273.98,,0.0,0.21451607868999933,,,0.26938817479664,828830589522.2618
2018-01-19,2018-01-19 17:00:00+00:00,2018-01-19,0,1065.81,15330000.0,11551.82,,0.0,0.24512212703799507,,,0.2568939848282614,442992620614.2053
2018-01-20,2018-01-20 17:00:00+00:00,2018-01-19,1,1065.81,16581000.0,12889.0,,0.0,0.20701232536912584,,,0.23571501826115648,828377777723.348
2018-01-21,2018-01-21 17:00:00+00:00,2018-01-19,2,1065.81,13949000.0,11180.0,,0.0,0.17063493362292648,,,0.19132972684298544,685255020547.0142
2018-01-22,2018-01-22 17:00:00+00:00,2018-01-22,0,1068.06,13240000.0,10466.73,,0.0,0.18435340584486282,,,0.2133258045492603,393289383954.916
2018-01-23,2018-01-23 17:00:00+00:00,2018-01-23,0,1072.59,13422000.0,11334.96,,0.0,0.10398582962993674,,,0.1344984102476141,392194257698.1693
2018-01-24,2018-01-24 17:00:00+00:00,2018-01-24,0,1065.39,13129000.0,11089.0,,0.0,0.1112982968904559,,,0.11229040117225408,328772462923.7133
2018-01-25,2018-01-25 17:00:00+00:00,2018-01-25,0,1057.57,12892000.0,10960.01,,0.0,0.11224438951367333,,,0.0976737301526227,264260260214.60263
2018-01-26,2018-01-26 17:00:00+00:00,2018-01-26,0,1064.12,12790000.0,11094.01,,0.0,0.08340637237535886,,,0.09118397349250751,368182842251.6989
2018-01-27,2018-01-27 17:00:00+00:00,2018-01-26,1,1064.12,13029000.0,11610.0,,0.0,0.054601193683252225,,,0.05497284216942555,228445621703.2551
2018-01-28,2018-01-28 17:00:00+00:00,2018-01-26,2,1064.12,13247000.0,11878.0,,0.0,0.048053878744949596,,,0.05618769891419961,285130692351.6834
2018-01-29,2018-01-29 17:00:00+00:00,2018-01-29,0,1071.28,12882000.0,11396.01,,0.0,0.05518224784693615,,,0.07102221519605245,212373793869.61728
2018-01-30,2018-01-30 17:00:00+00:00,2018-01-30,0,1073.61,11890000.0,10435.97,,0.0,0.06121281212277574,,,0.057856564626660445,204178316914.19046
2018-01-31,2018-01-31 17:00:00+00:00,2018-01-31,0,1068.33,11092000.0,10072.58,,0.0,0.030774607496201645,,,0.04014596824420269,318787045423.98846
2018-02-01,2018-02-01 17:00:00+00:00,2018-02-01,0,1069.33,10175000.0,9066.66,,0.0,0.04948282778735025,,,0.02087822990795485,212508545014.92078
2018-02-02,2018-02-02 17:00:00+00:00,2018-02-02,0,1086.21,9567000.0,9180.0,,0.0,-0.04055674064398418,,,-0.02365371791621529,468235262525.1549
2018-02-03,2018-02-03 17:00:00+00:00,2018-02-02,1,1086.21,9580000.0,9325.0,,0.0,-0.05419224228830388,,,-0.04734157504531,254125101791.9527
2018-02-04,2018-02-04 17:00:00+00:00,2018-02-02,2,1086.21,9092000.0,8500.0,,0.0,-0.015248378468685209,,,0.001077286251830012,175458090059.4008
2018-02-05,2018-02-05 17:00:00+00:00,2018-02-05,0,1086.79,8256000.0,7295.01,,0.0,0.04135344735099644,,,0.038408418822983625,158389606029.47623
2018-02-06,2018-02-06 17:00:00+00:00,2018-02-06,0,1081.2,7826000.0,7111.78,,0.0,0.017783704231974395,,,0.04454058253180748,319061577298.51794
2018-02-07,2018-02-07 17:00:00+00:00,2018-02-07,0,1082.56,8688000.0,7919.94,,0.0,0.01331843723132864,,,0.019525804556716153,315005713775.0643
2018-02-08,2018-02-08 17:00:00+00:00,2018-02-08,0,1093.04,9306000.0,,,,,,,,346298729095.62726
2018-02-09,2018-02-09 17:00:00+00:00,2018-02-09,0,1087.99,9545000.0,8383.11,,0.0,0.04651597985783651,,,0.050908229964240714,276259969720.1619
2018-02-10,2018-02-10 17:00:00+00:00,2018-02-09,1,1087.99,9717000.0,8185.98,,0.0,0.09102981734995308,,,0.07260349557865586,362044640142.50134
2018-02-11,2018-02-11 17:00:00+00:00,2018-02-09,2,1087.99,9570000.0,8309.94,,0.0,0.05849581685051297,,,0.062299439544178714,169623732509.67252
2018-02-12,2018-02-12 17:00:00+00:00,2018-02-12,0,1082.27,9839000.0,8665.15,,0.0,0.04915403518375361,,,0.05236394770863306,138921674148.63324
2018-02-13,2018-02-13 17:00:00+00:00,2018-02-13,0,1083.07,9813000.0,8542.98,,0.0,0.060561561617055615,,,0.07099886834763103,143995990034.75177
2018-02-14,2018-02-14 17:00:00+00:00,2018-02-14,0,1076.71,10348000.0,9267.04,,0.0,0.037090451763911236,,,0.02929771341469034,169545956793.24683
2018-02-15,2018-02-15 17:00:00+00:00,2018-02-15,0,1065.69,11036000.0,9889.96,,0.0,0.04709543487358481,,,0.06568493538645459,260767863071.89212
2018-02-16,2018-02-16 17:00:00+00:00,2018-02-16,0,1065.27,11381000.0,10084.22,,0.0,0.059444998109631,,,0.0590290039807051,260208804585.15845
2018-02-17,2018-02-17 17:00:00+00:00,2018-02-16,1,1065.27,11979000.0,10790.0,,0.0,0.04217205464572937,,,0.045909346512232,380289638163.97974
2018-02-18,2018-02-18 17:00:00+00:00,2018-02-16,2,1065.27,12102000.0,10570.0,,0.0,0.07478714805017117,,,0.08180369980798208,545337622578.78296
2018-02-19,2018-02-19 17:00:00+00:00,2018-02-16,3,1065.27,12449000.0,11075.91,,0.0,0.055104200865883524,,,0.0646449385015877,279237563238.35693
2018-02-20,2018-02-20 17:00:00+00:00,2018-02-20,0,1072.85,13509000.0,11579.99,,0.0,0.08736665730651438,,,0.12740452328382879,420175963068.02563
2018-02-21,2018-02-21 17:00:00+00:00,2018-02-21,0,1076.11,12825000.0,10428.06,,0.0,0.14287092767169685,,,0.14093602702910868,592909826955.2758
2018-02-22,2018-02-22 17:00:00+00:00,2018-02-22,0,1077.61,11891000.0,9896.96,,0.0,0.11494886873704879,,,0.11260610278101324,483560711684.2626
2018-02-23,2018-02-23 17:00:00+00:00,2018-02-23,0,1075.77,11909000.0,10064.76,,0.0,0.099898077553505,,,0.10701592183559105,377125541618.99896
2018-02-24,2018-02-24 17:00:00+00:00,2018-02-23,1,1075.77,11514000.0,9777.39,,0.0,0.0946716165667012,,,0.10776969847182127,267253386980.8249
2018-02-25,2018-02-25 17:00:00+00:00,2018-02-23,2,1075.77,10944000.0,9379.99,,0.0,0.08456174064182842,,,0.08853330198977782,171212091149.23065
2018-02-26,2018-02-26 17:00:00+00:00,2018-02-26,0,1069.0,11556000.0,10170.11,,0.0,0.06292880803712597,,,0.06674703135708926,274660802574.5024
2018-02-27,2018-02-27 17:00:00+00:00,2018-02-27,0,1077.43,11931000.0,10629.97,,0.0,0.04173137131851945,,,0.049493228904648356,260434705573.24313
2018-02-28,2018-02-28 17:00:00+00:00,2018-02-28,0,1082.12,11868000.0,10415.0,,0.0,0.05303508081494135,,,0.06131714799802834,247749664089.97107
2018-03-01,2018-03-01 17:00:00+00:00,2018-03-01,0,1081.33,11965000.0,10762.69,,0.0,0.028095881787872035,,,0.03437264156008668,234420573902.2835
2018-03-02,2018-03-02 17:00:00+00:00,2018-03-02,0,1080.25,12249000.0,10864.0,,0.0,0.04372624157324623,,,0.04529355945916347,308977710165.5663
2018-03-03,2018-03-03 17:00:00+00:00,2018-03-02,1,1080.25,12766000.0,11499.0,,0.0,0.02770978404710811,,,0.03605275279918918,227109111722.0014
2018-03-04,2018-03-04 17:00:00+00:00,2018-03-02,2,1080.25,12378000.0,11164.55,,0.0,0.02632517119973743,,,0.012293615393342616,185955431459.5635
2018-03-05,2018-03-05 17:00:00+00:00,2018-03-05,0,1076.75,12629000.0,11510.24,,0.0,0.01898948756255603,,,0.03347947264978801,179845651181.44888
2018-03-06,2018-03-06 17:00:00+00:00,2018-03-06,0,1061.53,12270000.0,10966.99,,0.0,0.05396173311354202,,,0.05688666178623181,190251017495.30252
2018-03-07,2018-03-07 17:00:00+00:00,2018-03-07,0,1067.93,11274000.0,9910.02,,0.0,0.06527249239399135,,,0.058282419161420185,273593368485.18027
2018-03-08,2018-03-08 17:00:00+00:00,2018-03-08,0,1074.21,10814000.0,9507.0,,0.0,0.05889690847116125,,,0.05595673006735735,284735826010.5512
2018-03-09,2018-03-09 17:00:00+00:00,2018-03-09,0,1066.59,9820000.0,8665.26,,0.0,0.06250842407288415,,,0.05858643595969237,369181569211.78064
2018-03-10,2018-03-10 17:00:00+00:00,2018-03-09,1,1066.59,10361000.0,9401.93,,0.0,0.03320655477159362,,,0.054389416052392114,177290350747.17258
2018-03-11,2018-03-11 16:00:00+00:00,2018-03-09,2,1066.59,10033000.0,9036.04,,0.0,0.041010619735251996,,,0.034576650524514196,198730251192.26993
2018-03-12,2018-03-12 16:00:00+00:00,2018-03-12,0,1063.7,10314000.0,9170.01,,0.0,0.05739720609250898,,,0.05147671313817126,244654524830.56476
2018-03-13,2018-03-13 16:00:00+00:00,2018-03-13,0,1062.14,10030000.0,9051.0,,0.0,0.04333218188156307,,,0.04624327358078295,199826115666.19833
2018-03-14,2018-03-14 16:00:00+00:00,2018-03-14,0,1063.38,9666000.0,8725.83,,0.0,0.04172132652344418,,,0.05354458185606292,144577251603.55356
2018-03-15,2018-03-15 16:00:00+00:00,2018-03-15,0,1065.89,8907000.0,8099.0,,0.0,0.031781331221973685,,,0.03768472795704758,291633706743.5643
2018-03-16,2018-03-16 16:00:00+00:00,2018-03-16,0,1068.4,9294000.0,8539.0,,0.0,0.018736285588851542,,,0.030596769353916198,138890543771.45862
2018-03-17,2018-03-17 16:00:00+00:00,2018-03-16,1,1068.4,8647000.0,7887.11,,0.0,0.026156692071005683,,,0.0367204642011989,88070624021.4587
2018-03-18,2018-03-18 16:00:00+00:00,2018-03-16,2,1068.4,8139000.0,7385.0,,0.0,0.03154141615338846,,,0.03060674423778109,130712938046.43678
2018-03-19,2018-03-19 16:00:00+00:00,2018-03-19,0,1072.29,9453000.0,8550.0,,0.0,0.03107744648156685,,,0.05381939587238538,245177265747.49915
2018-03-20,2018-03-20 16:00:00+00:00,2018-03-20,0,1070.61,9450000.0,8513.97,,0.0,0.03673652034655417,,,0.03038922919754583,197909837673.38174
2018-03-21,2018-03-21 16:00:00+00:00,2018-03-21,0,1070.51,10023000.0,9039.99,,0.0,0.03571210407710357,,,0.04284491920914091,188960636283.88132
2018-03-22,2018-03-22 16:00:00+00:00,2018-03-22,0,1079.51,9649000.0,8611.51,,0.0,0.03794974466739687,,,0.038925701107845434,144815787715.81598
2018-03-23,2018-03-23 16:00:00+00:00,2018-03-23,0,1081.29,9588000.0,8613.0,,0.0,0.029511948940562416,,,0.023452958385355993,113981315246.12523
2018-03-24,2018-03-24 16:00:00+00:00,2018-03-23,1,1081.29,9890000.0,8950.0,,0.0,0.021953345504807986,,,0.03661319431917209,186034306718.63278
2018-03-25,2018-03-25 16:00:00+00:00,2018-03-23,2,1081.29,9488000.0,8480.0,,0.0,0.034752864197673095,,,0.03475514062148832,115638229155.67929
2018-03-26,2018-03-26 16:00:00+00:00,2018-03-26,0,1076.87,9035000.0,8057.16,,0.0,0.041316837082024715,,,0.03339134243783026,114466864488.81798
2018-03-27,2018-03-27 16:00:00+00:00,2018-03-27,0,1071.21,8861000.0,8066.87,,0.0,0.025423013549531692,,,0.035969956186818974,130398752342.08147
2018-03-28,2018-03-28 16:00:00+00:00,2018-03-28,0,1063.03,8632000.0,7860.01,,0.0,0.033101071741477694,,,0.03309399102064692,102263746442.73373
2018-03-29,2018-03-29 16:00:00+00:00,2018-03-29,0,1060.31,8389000.0,7474.01,,0.0,0.05857994627289753,,,0.0528421202916427,108179679292.34406
2018-03-30,2018-03-30 16:00:00+00:00,2018-03-30,0,1060.99,7639000.0,6839.98,,0.0,0.052617019049490565,,,0.047480313926736795,199218508136.60788
2018-03-31,2018-03-31 16:00:00+00:00,2018-03-30,1,1060.99,7732000.0,7064.98,,0.0,0.03150091599718685,,,0.047752683552922726,102274187858.5912
2018-04-01,2018-04-01 16:00:00+00:00,2018-03-30,2,1060.99,7100000.0,6445.0,,0.0,0.03830306590933619,,,0.035064436054135006,105289744990.15007
2018-04-02,2018-04-02 16:00:00+00:00,2018-04-02,0,1056.03,7684000.0,7020.72,,0.0,0.03640487559783723,,,0.03471215290278873,140749116306.67294
2018-04-03,2018-04-03 16:00:00+00:00,2018-04-03,0,1054.63,8062000.0,7370.01,,0.0,0.037228868214796984,,,0.036139842936216526,160506291431.58905
2018-04-04,2018-04-04 16:00:00+00:00,2018-04-04,0,1059.5,7520000.0,6785.0,,0.0,0.046085127263836956,,,0.040487931065646965,133980653378.47417
2018-04-05,2018-04-05 16:00:00+00:00,2018-04-05,0,1061.56,7363000.0,6749.53,,0.0,0.027629877854586482,,,0.030668511914131003,248646523144.35382
2018-04-06,2018-04-06 16:00:00+00:00,2018-04-06,0,1068.73,7207000.0,6580.01,,0.0,0.024849203474542225,,,0.031877131808748516,76071267322.18733
2018-04-07,2018-04-07 16:00:00+00:00,2018-04-06,1,1068.73,7614000.0,7010.0,,0.0,0.016311533148394286,,,0.02215159305329939,80948762530.46509
2018-04-08,2018-04-08 16:00:00+00:00,2018-04-06,2,1068.73,7598000.0,7049.93,,0.0,0.008431687545337851,,,0.016219630602324342,92525031805.78403
2018-04-09,2018-04-09 16:00:00+00:00,2018-04-09,0,1067.11,7383000.0,6738.98,,0.0,0.026666783511535064,,,0.029302893993742307,120422585995.22318
2018-04-10,2018-04-10 16:00:00+00:00,2018-04-10,0,1064.53,7376000.0,6837.54,,0.0,0.013358519521831536,,,0.019554239529730566,94593521742.51135
2018-04-11,2018-04-11 16:00:00+00:00,2018-04-11,0,1066.76,7429000.0,6927.06,,0.0,0.005343990547573396,,,0.0014795015613748852,82617357504.47546
2018-04-12,2018-04-12 16:00:00+00:00,2018-04-12,0,1069.84,7895000.0,7614.21,,0.0,-0.030811053844453706,,,-0.04192165754815791,296114043249.4347
2018-04-13,2018-04-13 16:00:00+00:00,2018-04-13,0,1070.55,8420000.0,8125.0,,0.0,-0.03198571546616946,,,-0.0068967346407768915,262496300098.94427
2018-04-14,2018-04-14 16:00:00+00:00,2018-04-13,1,1070.55,8295000.0,7955.01,,0.0,-0.025978138306175014,,,-0.024913194107205716,171939919740.93994
2018-04-15,2018-04-15 16:00:00+00:00,2018-04-13,2,1070.55,8541000.0,8269.99,,0.0,-0.035289997145978025,,,-0.03146592573754081,132728723391.3139
2018-04-16,2018-04-16 16:00:00+00:00,2018-04-16,0,1071.59,8542000.0,7971.99,,0.0,-8.24989414313082e-05,,,0.002396631320781051,141227587978.1012
2018-04-17,2018-04-17 16:00:00+00:00,2018-04-17,0,1066.56,8595000.0,8088.63,,0.0,-0.003710348744325853,,,0.004774530277243727,178546371316.9928
2018-04-18,2018-04-18 16:00:00+00:00,2018-04-18,0,1064.51,8530000.0,7994.0,,0.0,0.0023863446240870445,,,-0.005544700919137724,199986794553.17517
2018-04-19,2018-04-19 16:00:00+00:00,2018-04-19,0,1065.68,8841000.0,8239.02,,0.0,0.0069293924578186505,,,0.01953149378807173,249916379317.77466
2018-04-20,2018-04-20 16:00:00+00:00,2018-04-20,0,1071.0,9099000.0,8459.99,,0.0,0.004232666862222345,,,0.006976137126063486,212533502887.6933
2018-04-21,2018-04-21 16:00:00+00:00,2018-04-20,1,1071.0,9523000.0,8828.2,,0.0,0.0071917275704069805,,,0.01955353816544081,218495700419.67728
2018-04-22,2018-04-22 16:00:00+00:00,2018-04-20,2,1071.0,9630000.0,8940.67,,0.0,0.005696065133313555,,,0.020306411935535396,108673573909.54831
2018-04-23,2018-04-23 16:00:00+00:00,2018-04-23,0,1077.72,9697000.0,8898.0,,0.0,0.011204635391246942,,,0.01367197794968078,130068656105.59906
2018-04-24,2018-04-24 16:00:00+00:00,2018-04-24,0,1074.8,10102000.0,9347.77,,0.0,0.005475952624455882,,,0.016000164800739736,197914733600.97845
2018-04-25,2018-04-25 16:00:00+00:00,2018-04-25,0,1082.99,9923000.0,8972.09,,0.0,0.02123319603965812,,,0.023202890555315436,290285373514.8592
2018-04-26,2018-04-26 16:00:00+00:00,2018-04-26,0,1078.2,9735000.0,8806.1,,0.0,0.02530485883852296,,,0.013952994140132402,218054391981.6081
2018-04-27,2018-04-27 16:00:00+00:00,2018-04-27,0,1067.59,10055000.0,9241.21,,0.0,0.019174944527054816,,,0.03163095593593068,180275942431.67923
2018-04-28,2018-04-28 16:00:00+00:00,2018-04-27,1,1067.59,10055000.0,9360.0,,0.0,0.006240351400946809,,,0.006329634036339682,131836949462.78853
2018-04-29,2018-04-29 16:00:00+00:00,2018-04-27,2,1067.59,10134000.0,9337.06,,0.0,0.016637799715202295,,,0.013064302013548357,152633530559.07455
2018-04-30,2018-04-30 16:00:00+00:00,2018-04-30,0,1069.07,10161000.0,9318.06,,0.0,0.020010884504527482,,,0.025632526490514396,135050977023.56252
2018-05-01,2018-05-01 16:00:00+00:00,2018-05-01,0,1071.91,9846000.0,8915.09,,0.0,0.030328651864536482,,,0.017708066175153192,167648443033.75543
2018-05-02,2018-05-02 16:00:00+00:00,2018-05-02,0,1076.52,9989000.0,9155.0,,0.0,0.01354156057152256,,,0.0076857416164659575,113956353322.68878
2018-05-03,2018-05-03 16:00:00+00:00,2018-05-03,0,1078.33,10313000.0,9442.28,,0.0,0.01287640691143932,,,0.016101107909737955,185386712115.31573
2018-05-04,2018-05-04 16:00:00+00:00,2018-05-04,0,1074.09,10574000.0,9614.67,,0.0,0.023915812903295697,,,0.020251731470049883,163412145922.2629
2018-05-05,2018-05-05 16:00:00+00:00,2018-05-04,1,1074.09,10810000.0,9929.99,,0.0,0.013529069903159607,,,0.02125342007576725,102938033049.54613
2018-05-06,2018-05-06 16:00:00+00:00,2018-05-04,2,1074.09,10532000.0,9513.93,,0.0,0.03064766929883045,,,0.029818265373319885,100890405976.10553
2018-05-07,2018-05-07 16:00:00+00:00,2018-05-07,0,1079.72,10440000.0,9365.28,,0.0,0.032448948608390094,,,0.030699679727529627,80573421427.5887
2018-05-08,2018-05-08 16:00:00+00:00,2018-05-08,0,1078.35,10222000.0,9199.6,,0.0,0.030403177772270862,,,0.032863768392067616,82884815214.13141
2018-05-09,2018-05-09 16:00:00+00:00,2018-05-09,0,1078.22,10291000.0,9290.0,,0.0,0.0273879812158615,,,0.036537503700105,97444828872.75014
2018-05-10,2018-05-10 16:00:00+00:00,2018-05-10,0,1065.41,10300000.0,9350.0,,0.0,0.033972159145180036,,,0.04013812295249242,80849385423.59193
2018-05-11,2018-05-11 16:00:00+00:00,2018-05-11,0,1067.14,9390000.0,8577.42,,0.0,0.025858631846344737,,,0.03257750801653203,208568678047.44946
2018-05-12,2018-05-12 16:00:00+00:00,2018-05-11,1,1067.14,9338000.0,8313.13,,0.0,0.052610986378015534,,,0.049439873816891966,108600361345.59685
2018-05-13,2018-05-13 16:00:00+00:00,2018-05-11,2,1067.14,9684000.0,8625.5,,0.0,0.05208081753267524,,,0.05835749209676311,68854388452.79688
2018-05-14,2018-05-14 16:00:00+00:00,2018-05-14,0,1068.83,9864000.0,8789.12,,0.0,0.05002353759331801,,,0.058032757399639534,130186281481.93822
2018-05-15,2018-05-15 16:00:00+00:00,2018-05-15,0,1076.46,9557000.0,8517.01,,0.0,0.04240511141857106,,,0.04292406257363468,81804091537.40163
2018-05-16,2018-05-16 16:00:00+00:00,2018-05-16,0,1076.66,9249000.0,8265.0,,0.0,0.03937757634073202,,,0.03661920622464798,115907746656.95648
2018-05-17,2018-05-17 16:00:00+00:00,2018-05-17,0,1082.37,9268000.0,8302.0,,0.0,0.031401003553176654,,,0.04436721710936564,61441559630.06748
2018-05-18,2018-05-18 16:00:00+00:00,2018-05-18,0,1080.91,9077000.0,8109.99,,0.0,0.0354579861265818,,,0.029024552325301878,60935735896.88969
2018-05-19,2018-05-19 16:00:00+00:00,2018-05-18,1,1080.91,9162000.0,8310.0,,0.0,0.019998959961767593,,,0.023859145643143398,62302067393.262764
2018-05-20,2018-05-20 16:00:00+00:00,2018-05-18,2,1080.91,9229000.0,8389.0,,0.0,0.017782353841736764,,,0.01661101696044054,32448469827.677658
2018-05-21,2018-05-21 16:00:00+00:00,2018-05-21,0,1079.33,9347000.0,8396.01,,0.0,0.03144255882276692,,,0.03303914896871163,54911964033.8658
2018-05-22,2018-05-22 16:00:00+00:00,2018-05-22,0,1073.3,9195000.0,8232.0,,0.0,0.04069925210903724,,,0.04416903179137943,37830335009.815956
2018-05-23,2018-05-23 16:00:00+00:00,2018-05-23,0,1078.88,8780000.0,7691.0,,0.0,0.058128866038918536,,,0.04809864468111891,66852596016.81459
2018-05-24,2018-05-24 16:00:00+00:00,2018-05-24,0,1082.77,8461000.0,7576.06,,0.0,0.031435500658414384,,,0.02597007913772731,80780137689.92378
2018-05-25,2018-05-25 16:00:00+00:00,2018-05-25,0,1076.35,8330000.0,7500.02,,0.0,0.0318796905251888,,,0.036213016067674575,42650113012.287094
2018-05-26,2018-05-26 16:00:00+00:00,2018-05-25,1,1076.35,8307000.0,7542.77,,0.0,0.02319834789785613,,,0.0339619057164251,24545919000.24714
2018-05-27,2018-05-27 16:00:00+00:00,2018-05-25,2,1076.35,8149000.0,7342.0,,0.0,0.03118460941595691,,,0.03578511137558538,22893441465.67315
2018-05-28,2018-05-28 16:00:00+00:00,2018-05-25,3,1076.35,8028000.0,7220.12,,0.0,0.033021672436192695,,,0.0342875348007885,45066979357.118324
2018-05-29,2018-05-29 16:00:00+00:00,2018-05-29,0,1082.59,8241000.0,7430.53,,0.0,0.024462606582657642,,,0.027419568797619975,51939188813.079056
2018-05-30,2018-05-30 16:00:00+00:00,2018-05-30,0,1077.62,8154000.0,7324.81,,0.0,0.03301992940173504,,,0.0325241957276412,59404163762.20892
2018-05-31,2018-05-31 16:00:00+00:00,2018-05-31,0,1080.75,8351000.0,7558.63,,0.0,0.02228067869848349,,,0.023805827118006384,39787906003.97562
2018-06-01,2018-06-01 16:00:00+00:00,2018-06-01,0,1071.27,8216000.0,7447.3,,0.0,0.02982312222200112,,,0.027921895632819993,34953048684.11019
2018-06-02,2018-06-02 16:00:00+00:00,2018-06-01,1,1071.27,8313000.0,7623.1,,0.0,0.017951813878069434,,,0.01887279644698525,27583707323.29718
2018-06-03,2018-06-03 16:00:00+00:00,2018-06-01,2,1071.27,8397000.0,7730.01,,0.0,0.014016809459682422,,,0.01874923194291278,31996492171.285267
2018-06-04,2018-06-04 16:00:00+00:00,2018-06-04,0,1070.13,8257000.0,7496.99,,0.0,0.029197716141583063,,,0.02944768168588019,31620183732.14653
2018-06-05,2018-06-05 16:00:00+00:00,2018-06-05,0,1071.86,8331000.0,7577.09,,0.0,0.025785662477079363,,,0.02288866327967365,27687155180.86748
2018-06-06,2018-06-06 16:00:00+00:00,2018-06-06,0,1065.9,8346000.0,7650.5,,0.0,0.023462886677071637,,,0.023940842293241893,27094323784.05804
2018-06-07,2018-06-07 16:00:00+00:00,2018-06-07,0,1071.11,8368000.0,7691.43,,0.0,0.015735206195440554,,,0.016631151083680518,31798553141.770668
2018-06-08,2018-06-08 16:00:00+00:00,2018-06-08,0,1075.0,8334000.0,7627.51,,0.0,0.016394359304004125,,,0.020468336363785422,23324003127.26742
2018-06-09,2018-06-09 16:00:00+00:00,2018-06-08,1,1075.0,8319000.0,7610.0,,0.0,0.01689942853650339,,,0.022274514853417138,14819120800.27885
2018-06-10,2018-06-10 16:00:00+00:00,2018-06-08,2,1075.0,8006000.0,7228.78,,0.0,0.030248791699998723,,,0.041751999702160036,31656756534.4147
2018-06-11,2018-06-11 16:00:00+00:00,2018-06-11,0,1075.08,7415000.0,6682.0,,0.0,0.032200110969237805,,,0.03343962100792641,55541724146.657234
2018-06-12,2018-06-12 16:00:00+00:00,2018-06-12,0,1077.14,7517000.0,6760.0,,0.0,0.032347000873340415,,,0.04496562432743656,32656072349.499012
2018-06-13,2018-06-13 16:00:00+00:00,2018-06-13,0,1082.59,7110000.0,6366.31,,0.0,0.03161537776437928,,,0.033394389198862395,35334044154.12981
2018-06-14,2018-06-14 16:00:00+00:00,2018-06-14,0,1084.06,7064000.0,6344.35,,0.0,0.027094105513166156,,,0.022408116777085096,47225561165.73356
2018-06-15,2018-06-15 16:00:00+00:00,2018-06-15,0,1101.89,7303000.0,6538.9,,0.0,0.013580771959773363,,,0.019905918449000914,31121627019.46043
2018-06-16,2018-06-16 16:00:00+00:00,2018-06-15,1,1101.89,7132000.0,6358.96,,0.0,0.01785754358401226,,,0.01852681347617846,15896878379.10999
2018-06-17,2018-06-17 16:00:00+00:00,2018-06-15,2,1101.89,7272000.0,6516.59,,0.0,0.01273362755970986,,,0.01565259346856185,11701767108.54676
2018-06-18,2018-06-18 16:00:00+00:00,2018-06-18,0,1105.07,7242000.0,6460.57,,0.0,0.014373500228426428,,,0.005832212838427608,14546218240.39555
2018-06-19,2018-06-19 16:00:00+00:00,2018-06-19,0,1110.64,7558000.0,6739.04,,0.0,0.009800410175785368,,,0.008807535647411768,34529891771.22501
2018-06-20,2018-06-20 16:00:00+00:00,2018-06-20,0,1107.42,7503000.0,6750.62,,0.0,0.003642219299281768,,,0.006700016746084669,43029594943.40153
2018-06-21,2018-06-21 16:00:00+00:00,2018-06-21,0,1110.01,7489000.0,6713.96,,0.0,0.00488922558228011,,,0.00710921918886287,24208085209.284428
2018-06-22,2018-06-22 16:00:00+00:00,2018-06-22,0,1114.49,7048000.0,6150.0,,0.0,0.028287611519709932,,,0.0333835352598455,44189734439.540344
2018-06-23,2018-06-23 16:00:00+00:00,2018-06-22,1,1114.49,6956000.0,6091.64,,0.0,0.024587769838612772,,,0.0256647868266211,27529858456.15939
2018-06-24,2018-06-24 16:00:00+00:00,2018-06-22,2,1114.49,6622000.0,5767.02,,0.0,0.03029488287446247,,,0.02228324606054044,27978138336.81333
2018-06-25,2018-06-25 16:00:00+00:00,2018-06-25,0,1114.4,7075000.0,6290.0,,0.0,0.009333517462396967,,,0.00987066766057687,37237923397.9037
2018-06-26,2018-06-26 16:00:00+00:00,2018-06-26,0,1118.08,6979000.0,6188.01,,0.0,0.008716935904817369,,,0.016556957466868694,22094794365.08504
2018-06-27,2018-06-27 16:00:00+00:00,2018-06-27,0,1121.57,6903000.0,6110.09,,0.0,0.007311708210094858,,,0.006627379396874744,21790707987.96143
2018-06-28,2018-06-28 16:00:00+00:00,2018-06-28,0,1121.96,6899000.0,6107.0,,0.0,0.006887272403705902,,,0.017367507703583307,16093465848.51368
2018-06-29,2018-06-29 16:00:00+00:00,2018-06-29,0,1111.79,6684000.0,5900.05,,0.0,0.01896199401335452,,,0.009754261459204994,22907210216.1282
2018-06-30,2018-06-30 16:00:00+00:00,2018-06-29,1,1111.79,7160000.0,6382.27,,0.0,0.009055574303743041,,,0.008386906865603505,39573416345.75731
2018-07-01,2018-07-01 16:00:00+00:00,2018-06-29,2,1111.79,7046000.0,6316.58,,0.0,0.0033163152421413766,,,0.005880803105107857,22970563902.98094
2018-07-02,2018-07-02 16:00:00+00:00,2018-07-02,0,1119.31,7295000.0,6630.08,,0.0,-0.016994056477695918,,,-0.014526217124298801,34297162834.53438
2018-07-03,2018-07-03 16:00:00+00:00,2018-07-03,0,1114.41,7326000.0,6585.02,,0.0,-0.0016913929016592055,,,0.005357305996025685,42914025541.722496
2018-07-04,2018-07-04 16:00:00+00:00,2018-07-03,1,1114.41,7409000.0,6683.76,,0.0,-0.005296267947521915,,,-0.0015797601716328602,39137875174.84103
2018-07-05,2018-07-05 16:00:00+00:00,2018-07-05,0,1118.2,7402000.0,6611.36,,0.0,0.0012413726539726166,,,0.010416253364369688,31671478364.24282
2018-07-06,2018-07-06 16:00:00+00:00,2018-07-06,0,1114.98,7431000.0,6565.01,,0.0,0.01518406477732781,,,0.014956702602989536,33558495671.253807
2018-07-07,2018-07-07 16:00:00+00:00,2018-07-06,1,1114.98,7389000.0,6558.03,,0.0,0.010520644156037484,,,0.0021373319017023995,21687187240.216232
2018-07-08,2018-07-08 16:00:00+00:00,2018-07-06,2,1114.98,7522000.0,6740.93,,0.0,0.0007980131584772732,,,0.004294943221377023,23492826898.90852
2018-07-09,2018-07-09 16:00:00+00:00,2018-07-09,0,1111.38,7516000.0,6726.0,,0.0,0.005465865485351662,,,0.00943431770086578,22103408634.95252
2018-07-10,2018-07-10 16:00:00+00:00,2018-07-10,0,1113.81,7235000.0,6383.7,,0.0,0.01754811340217821,,,0.018027741828028132,41141833048.20228
2018-07-11,2018-07-11 16:00:00+00:00,2018-07-11,0,1122.1,7205000.0,6359.99,,0.0,0.009592207870878555,,,0.00966456242739766,31196695279.30492
2018-07-12,2018-07-12 16:00:00+00:00,2018-07-12,0,1121.38,7008000.0,6167.36,,0.0,0.013309203779134027,,,0.011518443484316965,24285495550.94383
2018-07-13,2018-07-13 16:00:00+00:00,2018-07-13,0,1130.3,7092000.0,6265.0,,0.0,0.0015068498083588011,,,0.00422410898386949,23620217892.25536
2018-07-14,2018-07-14 16:00:00+00:00,2018-07-13,1,1130.3,7093000.0,6242.01,,0.0,0.005337244720840406,,,0.005996597699129191,18611958338.05453
2018-07-15,2018-07-15 16:00:00+00:00,2018-07-13,2,1130.3,7200000.0,6385.46,,0.0,-0.002422649570990365,,,-0.0003909313981896867,16076317771.830109
2018-07-16,2018-07-16 16:00:00+00:00,2018-07-16,0,1127.81,7390000.0,6632.78,,0.0,-0.012100183529757946,,,-0.01696783719227213,40129937813.86482
2018-07-17,2018-07-17 16:00:00+00:00,2018-07-17,0,1125.63,7549000.0,6778.31,,0.0,-0.010599013481870423,,,-0.019028180776055725,44071898929.736275
2018-07-18,2018-07-18 16:00:00+00:00,2018-07-18,0,1130.76,8311000.0,7428.73,,0.0,-0.010608280963586791,,,-0.0054098949714238564,94851960408.51167
2018-07-19,2018-07-19 16:00:00+00:00,2018-07-19,0,1136.38,8326000.0,7392.35,,0.0,-0.008870725216300834,,,-0.004885609721046125,56428741919.72531
2018-07-20,2018-07-20 16:00:00+00:00,2018-07-20,0,1128.16,8475000.0,7467.93,,0.0,0.00593234102008422,,,0.008829786048646815,50825688115.06055
2018-07-21,2018-07-21 16:00:00+00:00,2018-07-20,1,1128.16,8337000.0,7391.63,,0.0,-0.00023279943220300137,,,0.002395152376846621,45507243191.00698
2018-07-22,2018-07-22 16:00:00+00:00,2018-07-20,2,1128.16,8477000.0,7527.38,,0.0,-0.0017768326218722263,,,0.0007783888171095654,27413192311.80144
2018-07-23,2018-07-23 16:00:00+00:00,2018-07-23,0,1134.45,8730000.0,7733.74,,0.0,-0.004962801370365644,,,-0.0008105621201460744,80462641258.03899
2018-07-24,2018-07-24 16:00:00+00:00,2018-07-24,0,1127.39,9198000.0,8180.27,,0.0,-0.0026408218257422122,,,-0.001580697144515475,146464198293.48645
2018-07-25,2018-07-25 16:00:00+00:00,2018-07-25,0,1122.59,9104000.0,8114.96,,0.0,-0.0006337091422549124,,,-0.002167350436650617,108155762441.91783
2018-07-26,2018-07-26 16:00:00+00:00,2018-07-26,0,1121.72,9188000.0,8205.63,,0.0,-0.0017838478554811354,,,0.007426545885341307,61734960636.016785
2018-07-27,2018-07-27 16:00:00+00:00,2018-07-27,0,1115.77,9149000.0,8152.56,,0.0,0.005784511858126118,,,-0.0015936794271030896,96352047822.89555
2018-07-28,2018-07-28 16:00:00+00:00,2018-07-27,1,1115.77,9083000.0,8116.11,,0.0,0.003013340655618313,,,0.005202768172585914,47511735893.19777
2018-07-29,2018-07-29 16:00:00+00:00,2018-07-27,2,1115.77,9238000.0,8227.12,,0.0,0.006364818195426558,,,0.008340533804890748,37293283808.02003
2018-07-30,2018-07-30 16:00:00+00:00,2018-07-30,0,1116.98,9183000.0,8122.9,,0.0,0.01211085009853985,,,0.015322368792462404,38906680972.1648
2018-07-31,2018-07-31 16:00:00+00:00,2018-07-31,0,1112.75,8822000.0,7758.44,,0.0,0.021868577134799283,,,0.022947459823304817,83965132575.18686
2018-08-01,2018-08-01 16:00:00+00:00,2018-08-01,0,1118.15,8678000.0,7601.79,,0.0,0.020948204377748247,,,0.02621866051181221,59033610038.76148
2018-08-02,2018-08-02 16:00:00+00:00,2018-08-02,0,1126.91,8687000.0,7524.79,,0.0,0.024439238167556665,,,0.02950219403237342,56591485977.622604
2018-08-03,2018-08-03 16:00:00+00:00,2018-08-03,0,1122.68,8585000.0,7480.0,,0.0,0.02231025111988516,,,0.021501486039300133,50182857798.82829
2018-08-04,2018-08-04 16:00:00+00:00,2018-08-03,1,1122.68,8073000.0,6981.44,,0.0,0.029992249097682944,,,0.02594635730685435,44211157639.761566
2018-08-05,2018-08-05 16:00:00+00:00,2018-08-03,2,1122.68,8072000.0,6999.44,,0.0,0.02721622898077225,,,0.024230835241349613,31653543324.10989
2018-08-06,2018-08-06 16:00:00+00:00,2018-08-06,0,1125.9,8020000.0,6972.94,,0.0,0.02154763078695532,,,0.022296117197496024,29160262021.74606
2018-08-07,2018-08-07 16:00:00+00:00,2018-08-07,0,1118.0,8134000.0,7115.06,,0.0,0.02254822164683845,,,0.03287262475832842,36768648690.36226
2018-08-08,2018-08-08 16:00:00+00:00,2018-08-08,0,1119.01,7527000.0,6473.77,,0.0,0.03903620972304167,,,0.039104651808337554,59617160921.56633
2018-08-09,2018-08-09 16:00:00+00:00,2018-08-09,0,1119.0,7476000.0,6446.0,,0.0,0.03645131049535877,,,0.03232110615290873,54570370819.76235
2018-08-10,2018-08-10 16:00:00+00:00,2018-08-10,0,1130.19,7468000.0,6452.02,,0.0,0.02413484797651888,,,0.041201830848971,38952756355.97936
2018-08-11,2018-08-11 16:00:00+00:00,2018-08-10,1,1130.19,7200000.0,6107.57,,0.0,0.04306790611874489,,,0.03993054366223725,36472286768.09569
2018-08-12,2018-08-12 16:00:00+00:00,2018-08-10,2,1130.19,7392000.0,6318.86,,0.0,0.03507486974079099,,,0.03722341924857542,28506346501.029938
2018-08-13,2018-08-13 16:00:00+00:00,2018-08-13,0,1133.19,7405000.0,6288.56,,0.0,0.03913296055654025,,,0.043611966763257515,36028549631.92586
2018-08-14,2018-08-14 16:00:00+00:00,2018-08-14,0,1128.9,7111000.0,6025.03,,0.0,0.04548063240902023,,,0.035397405519303815,59548285629.49902
2018-08-15,2018-08-15 16:00:00+00:00,2018-08-15,0,1135.3,7453000.0,6434.95,,0.0,0.02017647975843828,,,0.030483485305539126,45752180566.50836
2018-08-16,2018-08-16 16:00:00+00:00,2018-08-16,0,1125.35,7414000.0,6403.82,,0.0,0.028787906052049284,,,0.03295431715360464,46994744057.17921
2018-08-17,2018-08-17 16:00:00+00:00,2018-08-17,0,1123.2,7443000.0,6473.01,,0.0,0.02372815183393251,,,0.013562048661198478,43843454768.212456
2018-08-18,2018-08-18 16:00:00+00:00,2018-08-17,1,1123.2,7351000.0,6356.92,,0.0,0.029538476525382107,,,0.030110750193530933,43125640156.067314
2018-08-19,2018-08-19 16:00:00+00:00,2018-08-17,2,1123.2,7365000.0,6409.46,,0.0,0.02304376962460486,,,0.021364440368288884,20292439778.93253
2018-08-20,2018-08-20 16:00:00+00:00,2018-08-20,0,1121.3,7408000.0,6426.37,,0.0,0.0280480767809963,,,0.03442590927290712,29047996967.54917
2018-08-21,2018-08-21 16:00:00+00:00,2018-08-21,0,1117.41,7367000.0,6416.75,,0.0,0.027455442368804928,,,,29662649062.487232
2018-08-22,2018-08-22 16:00:00+00:00,2018-08-22,0,1117.0,7415000.0,6459.36,,0.0,0.027705054420607,,,0.02588077638662778,43815043585.5031
2018-08-23,2018-08-23 16:00:00+00:00,2018-08-23,0,1123.37,7361000.0,6435.01,,0.0,0.018274269635190077,,,0.014870328664013943,35459201545.83052
2018-08-24,2018-08-24 16:00:00+00:00,2018-08-24,0,1113.3,7407000.0,6504.08,,0.0,0.022926103211757365,,,0.016445169780578084,25655420741.03758
2018-08-25,2018-08-25 16:00:00+00:00,2018-08-24,1,1113.3,7600000.0,6737.99,,0.0,0.013143636776615342,,,0.014331715848818316,30784527951.71103
2018-08-26,2018-08-26 16:00:00+00:00,2018-08-24,2,1113.3,7536000.0,6676.0,,0.0,0.013940224994627659,,,0.011782907076045346,22019439877.747883
2018-08-27,2018-08-27 16:00:00+00:00,2018-08-27,0,1107.69,7573000.0,6747.8,,0.0,0.013182126669583516,,,0.0046217511806114775,25145419212.00615
2018-08-28,2018-08-28 16:00:00+00:00,2018-08-28,0,1105.14,7814000.0,7049.79,,2.0,0.0029514908069430135,,,0.0024178480385363965,38012416210.3076
2018-08-29,2018-08-29 16:00:00+00:00,2018-08-29,0,1109.2,7794000.0,6977.97,,0.0,0.006981385667689244,,,0.0033300011134820284,44242474982.88756
2018-08-30,2018-08-30 16:00:00+00:00,2018-08-30,0,1113.13,7733000.0,6863.69,,0.0,0.012149027825969494,,,0.010413464547619933,35008476068.81693
2018-08-31,2018-08-31 16:00:00+00:00,2018-08-31,0,1116.5,7799000.0,6960.0,,0.0,0.003623803861616093,,,0.004724573271868593,36745601321.96008
2018-09-01,2018-09-01 16:00:00+00:00,2018-08-31,1,1116.5,7973000.0,7166.53,,0.0,-0.003553207658238633,,,-0.0047035767135101825,36400524848.029785
2018-09-02,2018-09-02 16:00:00+00:00,2018-08-31,2,1116.5,8045000.0,7214.24,,0.0,-0.0012041368706844358,,,-0.0048688401891008315,37296192311.68152
2018-09-03,2018-09-03 16:00:00+00:00,2018-08-31,3,1116.5,8126000.0,7288.02,,0.0,-0.0013609719600533587,,,0.0019531204743512554,26581627940.04506
2018-09-04,2018-09-04 16:00:00+00:00,2018-09-04,0,1117.5,8252000.0,7377.89,,0.0,0.0008742397545544733,,,0.005745609069527147,30181465415.24944
2018-09-05,2018-09-05 16:00:00+00:00,2018-09-05,0,1121.0,7960000.0,6990.02,,0.0,0.015848717828291115,,,0.02507089885097269,54140902421.55024
2018-09-06,2018-09-06 16:00:00+00:00,2018-09-06,0,1122.4,7379000.0,6422.51,,0.0,0.023634850017276943,,,0.028635862754726293,64642140834.16737
2018-09-07,2018-09-07 16:00:00+00:00,2018-09-07,0,1123.5,7361000.0,6375.69,,0.0,0.027629465514649176,,,0.027362583264609386,34369336957.00743
2018-09-08,2018-09-08 16:00:00+00:00,2018-09-07,1,1123.5,7385000.0,6429.4,,0.0,0.022367362855232775,,,0.03699811323114943,16050471133.530281
2018-09-09,2018-09-09 16:00:00+00:00,2018-09-07,2,1123.5,7350000.0,6369.05,,0.0,0.027163560462919234,,,0.029790882670809316,29029257993.57088
2018-09-10,2018-09-10 16:00:00+00:00,2018-09-10,0,1127.9,7269000.0,6295.74,,0.0,0.023663664099894177,,,0.021728975559523578,22094738573.2543
2018-09-11,2018-09-11 16:00:00+00:00,2018-09-11,0,1126.17,7186000.0,6250.63,,0.0,0.02084420280518917,,,0.021139550182321054,24788293935.21361
2018-09-12,2018-09-12 16:00:00+00:00,2018-09-12,0,1121.62,7250000.0,6269.39,,0.0,0.031019727123914542,,,0.017508493357895283,28462215198.44855
2018-09-13,2018-09-13 16:00:00+00:00,2018-09-13,0,1120.9,7354000.0,6480.0,,0.0,0.012469036675775147,,,0.011454778031111168,28033530630.86622
2018-09-14,2018-09-14 16:00:00+00:00,2018-09-14,0,1119.0,7337000.0,6480.0,,0.0,0.011843687595847197,,,0.015405775334149663,34486414390.81923
2018-09-15,2018-09-15 16:00:00+00:00,2018-09-14,1,1119.0,7369000.0,6542.22,,0.0,0.00659165500303005,,,0.009980433786088705,17503672413.48556
2018-09-16,2018-09-16 16:00:00+00:00,2018-09-14,2,1119.0,7355000.0,6482.0,,0.0,0.014013095727523739,,,0.010565187018441113,20142677021.75028
2018-09-17,2018-09-17 16:00:00+00:00,2018-09-17,0,1124.71,7160000.0,6265.06,,0.0,0.016125221436438464,,,0.023198164800866783,30944490543.99591
2018-09-18,2018-09-18 16:00:00+00:00,2018-09-18,0,1122.18,7229000.0,6360.01,,0.0,0.012879781288474446,,,0.017349012613371295,31781077746.35713
2018-09-19,2018-09-19 16:00:00+00:00,2018-09-19,0,1120.61,7193000.0,6327.95,,0.0,0.01436096384022889,,,0.011473720501515627,23793636824.40325
2018-09-20,2018-09-20 16:00:00+00:00,2018-09-20,0,1119.58,7252000.0,6417.92,,0.0,0.00927232434939329,,,0.00587297738632464,30788782146.80738
2018-09-21,2018-09-21 16:00:00+00:00,2018-09-21,0,1114.3,7501000.0,6681.65,,0.0,0.007472759625886338,,,0.0007201698568908288,70511514426.88899
2018-09-22,2018-09-22 16:00:00+00:00,2018-09-21,1,1114.3,7472000.0,6685.21,,0.0,0.003043293626744603,,,0.006474727339839337,43087181554.60788
2018-09-23,2018-09-23 16:00:00+00:00,2018-09-21,2,1114.3,7470000.0,6685.94,,0.0,0.002665325773557603,,,0.003381475844112858,35176045542.69741
2018-09-24,2018-09-24 16:00:00+00:00,2018-09-24,0,1119.28,7444000.0,6605.02,,0.0,0.006916561042273672,,,0.008631304805217788,22733593610.40834
2018-09-25,2018-09-25 16:00:00+00:00,2018-09-25,0,1118.12,7303000.0,6403.0,,0.0,0.02006860883967798,,,0.012467060127007601,30602978502.07829
2018-09-26,2018-09-26 16:00:00+00:00,2018-09-26,0,1114.64,7370000.0,6544.51,,0.0,0.010312504234573305,,,0.013005132405989883,31565756303.501762
2018-09-27,2018-09-27 16:00:00+00:00,2018-09-27,0,1113.41,7297000.0,6498.97,,0.0,0.00842753717834177,,,-9.992734399666414e-05,25795982729.303658
2018-09-28,2018-09-28 16:00:00+00:00,2018-09-28,0,1109.76,7446000.0,6672.99,,0.0,0.0054801256302514645,,,0.00614013030181404,45106347993.068375
2018-09-29,2018-09-29 16:00:00+00:00,2018-09-28,1,1109.76,7348000.0,6589.01,,0.0,0.004893214876464214,,,0.005409723294003577,25174023411.74477
2018-09-30,2018-09-30 16:00:00+00:00,2018-09-28,2,1109.76,7372000.0,6607.29,,0.0,0.005386132488664375,,,0.005316589081779899,21350845789.114548
2018-10-01,2018-10-01 16:00:00+00:00,2018-10-01,0,1112.53,7332000.0,6569.92,,0.0,0.003114814111958797,,,0.002635473456414461,30601680926.3764
2018-10-02,2018-10-02 16:00:00+00:00,2018-10-02,0,1112.43,7374000.0,6555.8,,0.0,0.011124759064868872,,,0.015085841046773574,25533580592.81132
2018-10-03,2018-10-03 16:00:00+00:00,2018-10-03,0,1121.42,7353000.0,6512.47,,0.0,0.006816983846817948,,,0.011719259493826462,25643709250.01698
2018-10-04,2018-10-04 16:00:00+00:00,2018-10-04,0,1130.78,7457000.0,6597.77,,0.0,-0.0004860665076529269,,,0.0033360681243486123,24806304096.5774
2018-10-05,2018-10-05 16:00:00+00:00,2018-10-05,0,1131.25,7451000.0,6598.51,,0.0,-0.001817177360256439,,,-0.00047679008909395915,28272202163.5597
2018-10-06,2018-10-06 16:00:00+00:00,2018-10-05,1,1131.25,7476000.0,6596.08,,0.0,0.0019009448839897303,,,0.0033824192268983033,18474551030.689938
2018-10-07,2018-10-07 16:00:00+00:00,2018-10-05,2,1131.25,7467000.0,6582.07,,0.0,0.0028247927210458545,,,-0.00020216107398629557,13043195153.50953
2018-10-08,2018-10-08 16:00:00+00:00,2018-10-05,3,1131.25,7559000.0,6674.56,,0.0,0.0011130247201678323,,,-0.0009064386286172788,25938695811.77557
2018-10-09,2018-10-09 16:00:00+00:00,2018-10-09,0,1132.87,7501000.0,6641.56,,0.0,-0.0030600748965928792,,,-0.0018662820611411446,16418330494.52352
2018-10-10,2018-10-10 16:00:00+00:00,2018-10-10,0,1138.9,7436000.0,6588.99,,0.0,-0.009088337802589441,,,-0.010599233778491812,28025038776.0167
2018-10-11,2018-10-11 16:00:00+00:00,2018-10-11,0,1134.16,7215000.0,6294.09,,0.0,0.010715812957210247,,,0.013461174480251303,55039661365.71653
2018-10-12,2018-10-12 16:00:00+00:00,2018-10-12,0,1130.82,7214000.0,6341.69,,0.0,0.005952903288216849,,,0.00857695241643297,39842463616.70182
2018-10-13,2018-10-13 16:00:00+00:00,2018-10-12,1,1130.82,7185000.0,6329.26,,0.0,0.003876655432613063,,,0.0038534479796596965,14058052297.43982
2018-10-14,2018-10-14 16:00:00+00:00,2018-10-12,2,1130.82,7208000.0,6380.77,,0.0,-0.0010397517810163404,,,0.004093871389172055,14806078331.9821
2018-10-15,2018-10-15 16:00:00+00:00,2018-10-15,0,1129.3,7404000.0,6907.01,,0.0,-0.05077974435712129,,,-0.02787955030282374,87778283758.43613
2018-10-16,2018-10-16 16:00:00+00:00,2018-10-16,0,1123.88,7346000.0,6719.76,,0.0,-0.027303800636510833,,,-0.032199681195001606,26766032171.12056
2018-10-17,2018-10-17 16:00:00+00:00,2018-10-17,0,1126.2,7312000.0,6748.02,,0.0,-0.037846644872640556,,,-0.034853081754510074,23029361109.39592
2018-10-18,2018-10-18 16:00:00+00:00,2018-10-18,0,1138.06,7365000.0,6704.9,,0.0,-0.03480450325081197,,,-0.025193059984784605,18307798249.33899
2018-10-19,2018-10-19 16:00:00+00:00,2018-10-19,0,1131.13,7294000.0,6572.35,,0.0,-0.01885644589844304,,,-0.012730112552570727,21910305214.96449
2018-10-20,2018-10-20 16:00:00+00:00,2018-10-19,1,1131.13,7289000.0,6573.13,,0.0,-0.01964536234690184,,,-0.020173120751074025,16066654776.64151
2018-10-21,2018-10-21 16:00:00+00:00,2018-10-19,2,1131.13,7316000.0,6645.0,,0.0,-0.026656370990057354,,,-0.01922000446602412,12596083386.60166
2018-10-22,2018-10-22 16:00:00+00:00,2018-10-22,0,1132.7,7281000.0,6563.49,,0.0,-0.020642389258808236,,,-0.021131491936567715,21313801486.5183
2018-10-23,2018-10-23 16:00:00+00:00,2018-10-23,0,1137.53,7294000.0,6556.6,,0.0,-0.0220329773113348,,,-0.024791258989234732,20164316681.49246
2018-10-24,2018-10-24 16:00:00+00:00,2018-10-24,0,1136.66,7292000.0,6581.0,,0.0,-0.02518053590970093,,,-0.022343161160366276,26391397486.620552
2018-10-25,2018-10-25 16:00:00+00:00,2018-10-25,0,1134.9,7274000.0,6546.14,,0.0,-0.020892422808761246,,,-0.018455167506705727,22535475634.18303
2018-10-26,2018-10-26 16:00:00+00:00,2018-10-26,0,1141.74,7280000.0,6545.02,,0.0,-0.025788650373832156,,,-0.025372387957000697,18735048248.83087
2018-10-27,2018-10-27 16:00:00+00:00,2018-10-26,1,1141.74,7261000.0,6494.93,,0.0,-0.02083756088334654,,,-0.019346994569631626,11704197249.93739
2018-10-28,2018-10-28 16:00:00+00:00,2018-10-26,2,1141.74,7253000.0,6487.01,,0.0,-0.02072223543715246,,,-0.020488058847511703,9554550650.623451
2018-10-29,2018-10-29 16:00:00+00:00,2018-10-29,0,1139.81,7162000.0,6382.56,,0.0,-0.015519886861066756,,,-0.018602515163004263,25291513178.678043
2018-10-30,2018-10-30 16:00:00+00:00,2018-10-30,0,1137.68,7145000.0,6353.97,,0.0,-0.011590411716036031,,,-0.00867811805783858,17479366414.522
2018-10-31,2018-10-31 16:00:00+00:00,2018-10-31,0,1140.78,7185000.0,6394.8,,0.0,-0.015086914274161867,,,-0.014716019037873007,20138579706.40574
2018-11-01,2018-11-01 16:00:00+00:00,2018-11-01,0,1126.19,7159000.0,6367.23,,0.0,-0.0016331370909024034,,,-0.004554433591403506,15204463335.06543
2018-11-02,2018-11-02 16:00:00+00:00,2018-11-02,0,1117.72,7188000.0,6424.8,,0.0,0.00095702855047608,,,-0.0017226334309367042,17874567383.016052
2018-11-03,2018-11-03 16:00:00+00:00,2018-11-02,1,1117.72,7141000.0,6374.0,,0.0,0.002337437991933422,,,0.0015438855306033616,13715659438.21727
2018-11-04,2018-11-04 17:00:00+00:00,2018-11-02,2,1117.72,7215000.0,6452.99,,0.0,0.0003277605033218389,,,-0.005016200136419791,16277658835.91652
2018-11-05,2018-11-05 17:00:00+00:00,2018-11-05,0,1122.13,7220000.0,6473.4,,0.0,-0.006056768193234863,,,-0.008409883887447012,21602812130.560177
2018-11-06,2018-11-06 17:00:00+00:00,2018-11-06,0,1121.31,7220000.0,6489.0,,0.0,-0.007721164875595821,,,-0.010799431893224298,23707045657.89547
2018-11-07,2018-11-07 17:00:00+00:00,2018-11-07,0,1117.52,7310000.0,6575.59,,0.0,-0.0052193103736492,,,-0.005653305652062013,31987553677.564922
2018-11-08,2018-11-08 17:00:00+00:00,2018-11-08,0,1118.99,7286000.0,6501.28,,0.0,0.0015302949634534713,,,0.004292424488619551,23153766882.58593
2018-11-09,2018-11-09 17:00:00+00:00,2018-11-09,0,1131.4,7225000.0,6435.84,,0.0,-0.007760667889305628,,,-0.0028328586438222114,22666230055.12779
2018-11-10,2018-11-10 17:00:00+00:00,2018-11-09,1,1131.4,7258000.0,6464.01,,0.0,-0.007572546083848164,,,-0.005681611115422869,13975017973.90721
2018-11-11,2018-11-11 17:00:00+00:00,2018-11-09,2,1131.4,7196000.0,6388.42,,0.0,-0.004407721663846176,,,-0.006072786195131519,12287968167.12498
2018-11-12,2018-11-12 17:00:00+00:00,2018-11-09,3,1131.4,7242000.0,6447.38,,0.0,-0.007206149609346069,,,-0.007122774112698793,18036111568.948177
2018-11-13,2018-11-13 17:00:00+00:00,2018-11-13,0,1132.29,7249000.0,6490.0,,0.0,-0.013548514477410456,,,-0.008745122061516897,19101467405.473553
2018-11-14,2018-11-14 17:00:00+00:00,2018-11-14,0,1132.1,6905000.0,5965.11,,0.0,0.02249321730901266,,,0.011520119264706974,42103022364.22864
2018-11-15,2018-11-15 17:00:00+00:00,2018-11-15,0,1127.2,6459000.0,5672.3,,0.0,0.01019476229702776,,,0.006748797384669825,79082183695.74701
2018-11-16,2018-11-16 17:00:00+00:00,2018-11-16,0,1124.81,6454000.0,5661.0,,0.0,0.013576744275314523,,,0.009925108337276445,36268966724.83851
2018-11-17,2018-11-17 17:00:00+00:00,2018-11-16,1,1124.81,6421000.0,5648.09,,0.0,0.010699132113390242,,,0.008568189581732666,20489248080.24181
2018-11-18,2018-11-18 17:00:00+00:00,2018-11-16,2,1124.81,6412000.0,5652.2,,0.0,0.008548584579275653,,,0.009786303686923459,14079048765.756569
2018-11-19,2018-11-19 17:00:00+00:00,2018-11-19,0,1126.08,5912000.0,5145.0,,0.0,0.020421971411062723,,,0.016081031880207153,45700297564.41864
2018-11-20,2018-11-20 17:00:00+00:00,2018-11-20,0,1128.53,5471000.0,4857.17,,0.0,-0.001908625834730171,,,0.006256736881321556,96183647740.29721
2018-11-21,2018-11-21 17:00:00+00:00,2018-11-21,0,1127.3,5228000.0,4620.73,,0.0,0.003657373351068305,,,0.0037255821406689815,56018749983.14659
2018-11-22,2018-11-22 17:00:00+00:00,2018-11-21,1,1127.3,5133000.0,4526.58,,0.0,0.005915631681876254,,,0.007855589822871156,26653170533.81407
2018-11-23,2018-11-23 17:00:00+00:00,2018-11-23,0,1130.9,4932000.0,4347.71,,0.0,0.00308629252868986,,,0.0027468324192203575,44409402310.190155
2018-11-24,2018-11-24 17:00:00+00:00,2018-11-23,1,1130.9,4915000.0,4338.13,,0.0,0.001836281925818195,,,0.010074572834313678,30344650092.1946
2018-11-25,2018-11-25 17:00:00+00:00,2018-11-23,2,1130.9,4385000.0,3880.85,,0.0,-0.0008779662402317312,,,-0.0009974015107027112,67840804982.70252
2018-11-26,2018-11-26 17:00:00+00:00,2018-11-26,0,1126.69,4411000.0,3904.0,,0.0,0.0028195894866276383,,,0.004480724465086849,70862080468.88335
2018-11-27,2018-11-27 17:00:00+00:00,2018-11-27,0,1129.41,4320000.0,3822.78,,0.0,0.0005822926173721932,,,0.0007537809769742054,46606553332.20119
2018-11-28,2018-11-28 17:00:00+00:00,2018-11-28,0,1127.81,4722000.0,4197.09,,0.0,-0.0024337222030500483,,,-0.002066653120643247,63405184901.58837
2018-11-29,2018-11-29 17:00:00+00:00,2018-11-29,0,1119.91,4889000.0,4338.74,,0.0,0.0061744591508217095,,,0.006037435516338396,72370946660.29808
2018-11-30,2018-11-30 17:00:00+00:00,2018-11-30,0,1118.61,4583000.0,4078.59,,0.0,0.004525832748507597,,,0.009808086724778065,55595891474.707985
2018-12-01,2018-12-01 17:00:00+00:00,2018-11-30,1,1118.61,4808000.0,4276.15,,0.0,0.005154521129797862,,,0.007254478415678944,34220313681.48995
2018-12-02,2018-12-02 17:00:00+00:00,2018-11-30,2,1118.61,4709000.0,4181.28,,0.0,0.006794285534531763,,,0.006542548890041688,32680225649.03125
2018-12-03,2018-12-03 17:00:00+00:00,2018-12-03,0,1110.2,4397000.0,3894.85,,0.0,0.016867825223625843,,,0.0173867376797876,39690288091.02993
2018-12-04,2018-12-04 17:00:00+00:00,2018-12-04,0,1108.82,4493000.0,3989.0,,0.0,0.015807304614484208,,,0.01719498518660223,43030656918.84495
2018-12-05,2018-12-05 17:00:00+00:00,2018-12-04,1,1108.82,4257000.0,3765.01,,0.0,0.01970949993479132,,,0.019599177291959702,34270590020.30648
2018-12-06,2018-12-06 17:00:00+00:00,2018-12-06,0,1122.07,4158000.0,3672.12,,0.0,0.009131281816345815,,,0.007095869865865634,56266338767.46644
2018-12-07,2018-12-07 17:00:00+00:00,2018-12-07,0,1121.8,3707000.0,3275.08,,0.0,0.008986225665176484,,,0.01306869352971951,57975564013.44126
2018-12-08,2018-12-08 17:00:00+00:00,2018-12-07,1,1121.8,3818000.0,3370.11,,0.0,0.009895441705410013,,,0.012706189613241436,35404665679.358734
2018-12-09,2018-12-09 17:00:00+00:00,2018-12-07,2,1121.8,4063000.0,3591.01,,0.0,0.008590265315435719,,,0.009002305495089624,26572047277.08271
2018-12-10,2018-12-10 17:00:00+00:00,2018-12-10,0,1128.3,3917000.0,3467.44,,0.0,0.0011981271786694059,,,0.005597653789020773,26151112894.77275
2018-12-11,2018-12-11 17:00:00+00:00,2018-12-11,0,1128.6,3804000.0,3367.83,,0.0,0.0008069234711660656,,,0.0018064615003836604,26688920228.36779
2018-12-12,2018-12-12 17:00:00+00:00,2018-12-12,0,1124.51,3886000.0,3451.72,,0.0,0.0011609816215056856,,,0.0036301700780132506,21189476110.04831
2018-12-13,2018-12-13 17:00:00+00:00,2018-12-13,0,1124.73,3832000.0,3404.01,,0.0,0.0008901007344439549,,,0.0019047380876857645,17528288720.83008
2018-12-14,2018-12-14 17:00:00+00:00,2018-12-14,0,1133.2,3640000.0,3216.07,,0.0,-0.0012211783287198186,,,-0.0031829839829811135,23855793749.52969
2018-12-15,2018-12-15 17:00:00+00:00,2018-12-14,1,1133.2,3594000.0,3189.0,,0.0,-0.0054720620665129616,,,-0.00563840775025215,16211297759.881899
2018-12-16,2018-12-16 17:00:00+00:00,2018-12-14,2,1133.2,3657000.0,3247.34,,0.0,-0.006219130141631779,,,-0.00593890526641061,13623642565.43602
2018-12-17,2018-12-17 17:00:00+00:00,2018-12-17,0,1130.17,3830000.0,3444.0,,0.0,-0.01600734585713981,,,-0.010806477442198648,24898059033.16201
2018-12-18,2018-12-18 17:00:00+00:00,2018-12-18,0,1127.76,3946000.0,3529.0,,0.0,-0.008509092559580878,,,-0.007691055727944818,33533632293.39059
2018-12-19,2018-12-19 17:00:00+00:00,2018-12-19,0,1120.96,4249000.0,3778.06,,0.0,0.0032929596522002225,,,0.004579036110581303,50588679145.77423
2018-12-20,2018-12-20 17:00:00+00:00,2018-12-20,0,1123.87,4580000.0,4092.03,,0.0,-0.004111791077204274,,,0.00016557455450705305,69310238481.54169
2018-12-21,2018-12-21 17:00:00+00:00,2018-12-21,0,1125.3,4408000.0,3925.02,,0.0,-0.001998042935369093,,,0.003091898706697682,80520952161.92084
2018-12-22,2018-12-22 17:00:00+00:00,2018-12-21,1,1125.3,4336000.0,3842.2,,0.0,0.002861564633435787,,,0.0045663610364203855,33795649539.844822
2018-12-23,2018-12-23 17:00:00+00:00,2018-12-21,2,1125.3,4428000.0,3934.41,,0.0,0.00013742335412803008,,,0.0038211091617978976,34058812590.57997
2018-12-24,2018-12-24 17:00:00+00:00,2018-12-21,3,1125.3,4566000.0,4058.75,,0.0,-0.0002871218737522385,,,0.0063824796816116525,47819644450.80407
2018-12-25,2018-12-25 17:00:00+00:00,2018-12-21,4,1125.3,4205000.0,3713.93,,0.0,0.006152863075962189,,,0.006610107757085482,38602030337.48011
2018-12-26,2018-12-26 17:00:00+00:00,2018-12-26,0,1124.23,4223000.0,3724.56,,0.0,0.00853491146293206,,,0.010819598194626634,35330685818.36625
2018-12-27,2018-12-27 17:00:00+00:00,2018-12-27,0,1121.37,4236000.0,3724.09,,0.0,0.014347703223856811,,,0.030755907543908334,21532274545.29981
2018-12-28,2018-12-28 17:00:00+00:00,2018-12-28,0,1114.9,4307000.0,3815.59,,0.0,0.012458554987307302,,,0.01345882335280324,38529450720.70762
2018-12-29,2018-12-29 17:00:00+00:00,2018-12-28,1,1114.9,4275000.0,3789.38,,0.0,0.011887066505030353,,,0.019439183844290442,24294495957.349937
2018-12-30,2018-12-30 17:00:00+00:00,2018-12-28,2,1114.9,4267000.0,3774.14,,0.0,0.014071836401149618,,,0.012326876477461557,23926781791.93745
2018-12-31,2018-12-31 17:00:00+00:00,2018-12-31,0,1112.85,4259000.0,3736.17,,0.0,0.024340587273836922,,,0.019226428908223125,17701854086.08353
2019-01-01,2019-01-01 17:00:00+00:00,2018-12-31,1,1112.85,4178000.0,3693.54,,0.0,0.016456971410998777,,,0.014755787060729109,15052844504.89518
2019-01-02,2019-01-02 17:00:00+00:00,2019-01-02,0,1119.11,4316000.0,3824.89,,0.0,0.008299866632118347,,,0.006680383454426453,22860005606.998882
2019-01-03,2019-01-03 17:00:00+00:00,2019-01-03,0,1124.64,4275000.0,3738.0,,0.0,0.016911821627757728,,,0.01126663889688806,22227866383.44132
2019-01-04,2019-01-04 17:00:00+00:00,2019-01-04,0,1116.73,4271000.0,3747.5,,0.0,0.020562829647722936,,,0.01614033067123355,22958351164.35582
2019-01-05,2019-01-05 17:00:00+00:00,2019-01-04,1,1116.73,4304000.0,3797.19,,0.0,0.014989970717488976,,,0.019675374681131785,15426628601.957602
2019-01-06,2019-01-06 17:00:00+00:00,2019-01-04,2,1116.73,4323000.0,3813.39,,0.0,0.015139738477047526,,,0.015029499582273509,11668966530.11987
2019-01-07,2019-01-07 17:00:00+00:00,2019-01-07,0,1117.5,4494000.0,3978.96,,0.0,0.010685332365018674,,,0.01270316140254879,27954756502.58502
2019-01-08,2019-01-08 17:00:00+00:00,2019-01-08,0,1122.93,4485000.0,3968.77,,0.0,0.0063610779845484355,,,0.008705913124389175,23038819398.57657
2019-01-09,2019-01-09 17:00:00+00:00,2019-01-09,0,1117.7,4459000.0,3963.03,,0.0,0.006664750292143307,,,0.0055205049319781985,20005798478.914284
2019-01-10,2019-01-10 17:00:00+00:00,2019-01-10,0,1116.1,4100000.0,3583.21,,0.0,0.025199739408929167,,,0.021188175964794054,41444651826.92256
2019-01-11,2019-01-11 17:00:00+00:00,2019-01-11,0,1117.18,4092000.0,3601.05,,0.0,0.017146060219746184,,,0.019309589647235503,24409825097.66021
2019-01-12,2019-01-12 17:00:00+00:00,2019-01-11,1,1117.18,4087000.0,3589.9,,0.0,0.019058543589824728,,,0.02373190076267484,14386053150.42883
2019-01-13,2019-01-13 17:00:00+00:00,2019-01-11,2,1117.18,3960000.0,3462.18,,0.0,0.023817127010871797,,,0.02028138250500411,11507458703.74368
2019-01-14,2019-01-14 17:00:00+00:00,2019-01-11,3,1117.18,4082000.0,3616.65,,0.0,0.01028374631548723,,,0.011603265660742768,19679083957.58199
2019-01-15,2019-01-15 17:00:00+00:00,2019-01-15,0,1122.59,4067000.0,3599.01,,0.0,0.006630186704030372,,,0.011374927947954028,19031156253.31161
2019-01-16,2019-01-16 17:00:00+00:00,2019-01-16,0,1119.1,4048000.0,3581.57,,0.0,0.009946025552856508,,,0.008053445453237051,24080909676.42455
2019-01-17,2019-01-17 17:00:00+00:00,2019-01-17,0,1123.34,4036000.0,3581.98,,0.0,0.0030365930813034403,,,0.0031427684052240945,22385825972.43023
2019-01-18,2019-01-18 17:00:00+00:00,2019-01-18,0,1122.8,4035000.0,3590.75,,0.0,0.0008199778847308714,,,0.002398215184540531,19697372920.912823
2019-01-19,2019-01-19 17:00:00+00:00,2019-01-18,1,1122.8,4133000.0,3691.17,,0.0,-0.0027616904393946706,,,-9.691405754486127e-05,17675547727.73013
2019-01-20,2019-01-20 17:00:00+00:00,2019-01-18,2,1122.8,3964000.0,3527.63,,0.0,0.0008021151232651125,,,0.0025406796583216096,18418906546.77031
2019-01-21,2019-01-21 17:00:00+00:00,2019-01-18,3,1122.8,3988000.0,3536.75,,0.0,0.004265130124229577,,,0.003281987147425003,18512043401.84322
2019-01-22,2019-01-22 17:00:00+00:00,2019-01-22,0,1129.52,4010000.0,3571.76,,0.0,-0.006041669179406628,,,-0.00506685844895749,24763623496.24882
2019-01-23,2019-01-23 17:00:00+00:00,2019-01-23,0,1127.89,3995000.0,3570.8,,0.0,-0.008062037737853078,,,-0.0027925177946844792,19383755683.32693
2019-01-24,2019-01-24 17:00:00+00:00,2019-01-24,0,1126.33,3964000.0,3554.69,,0.0,-0.009929178421583584,,,-0.009344469494627083,16569758691.15916
2019-01-25,2019-01-25 17:00:00+00:00,2019-01-25,0,1117.58,3945000.0,3557.73,,0.0,-0.007808732246796568,,,-0.006900946240544381,18197043167.65963
2019-01-26,2019-01-26 17:00:00+00:00,2019-01-25,1,1117.58,3945000.0,3562.2,,0.0,-0.009053776030653715,,,-0.005383951039822921,16066066192.299799
2019-01-27,2019-01-27 17:00:00+00:00,2019-01-25,2,1117.58,3963000.0,3562.59,,0.0,-0.004641323151058363,,,-0.004371534002988953,10988101004.77197
2019-01-28,2019-01-28 17:00:00+00:00,2019-01-28,0,1118.7,3803000.0,3411.05,,0.0,-0.0033914656558944323,,,-0.0035878139992219227,22237736815.14537
2019-01-29,2019-01-29 17:00:00+00:00,2019-01-29,0,1117.75,3806000.0,3418.58,,0.0,-0.003956380256003089,,,-0.004639758329575749,15015967503.78202
2019-01-30,2019-01-30 17:00:00+00:00,2019-01-30,0,1117.29,3814000.0,3458.56,,0.0,-0.012994750257474652,,,-0.01392154675690982,28698245643.97603
2019-01-31,2019-01-31 17:00:00+00:00,2019-01-31,0,1111.82,3760000.0,3427.2,,0.0,-0.01323459834306373,,,-0.011288612139936927,22877599950.378048
2019-02-01,2019-02-01 17:00:00+00:00,2019-02-01,0,1118.31,3795000.0,3457.31,,0.0,-0.01845266218255115,,,-0.014378172112031073,13688100572.90443
2019-02-02,2019-02-02 17:00:00+00:00,2019-02-01,1,1118.31,3807000.0,3459.88,,0.0,-0.016080354304883637,,,-0.016435939391309495,8012468793.41027
2019-02-03,2019-02-03 17:00:00+00:00,2019-02-01,2,1118.31,3816000.0,3467.91,,0.0,-0.016037970513623323,,,-0.011956590779763965,8111671832.06342
2019-02-04,2019-02-04 17:00:00+00:00,2019-02-04,0,1119.15,3826000.0,3458.74,,0.0,-0.011586314137966847,,,-0.013896948288231958,10609461843.991901
2019-02-05,2019-02-05 17:00:00+00:00,2019-02-05,0,1117.2,3840000.0,3459.94,,0.0,-0.006582675011711725,,,-0.011205567184001564,13910197943.02917
2019-02-06,2019-02-06 17:00:00+00:00,2019-02-06,0,1119.35,3778000.0,3411.7,,0.0,-0.01070636588025542,,,-0.005456976897234678,16109192995.62818
2019-02-07,2019-02-07 17:00:00+00:00,2019-02-07,0,1124.11,3790000.0,3403.12,,0.0,-0.009274969900471608,,,-0.00973133949986893,18383468321.516342
2019-02-08,2019-02-08 17:00:00+00:00,2019-02-08,0,1123.14,4030000.0,3687.0,,0.0,-0.02680915706802267,,,-0.02448263536576023,28023004041.38316
2019-02-09,2019-02-09 17:00:00+00:00,2019-02-08,1,1123.14,3993000.0,3646.22,,0.0,-0.024959743884354846,,,-0.028789012431684635,22771517905.00256
2019-02-10,2019-02-10 17:00:00+00:00,2019-02-08,2,1123.14,3992000.0,3647.05,,0.0,-0.02542577653126299,,,-0.026667469763022922,17199086167.1399
2019-02-11,2019-02-11 17:00:00+00:00,2019-02-11,0,1126.05,3994000.0,3632.1,,0.0,-0.02345426303357956,,,-0.025128463950408353,16061390786.95899
2019-02-12,2019-02-12 17:00:00+00:00,2019-02-12,0,1122.27,3984000.0,3619.98,,0.0,-0.019345998180549162,,,-0.023182213218053138,14471691051.99239
2019-02-13,2019-02-13 17:00:00+00:00,2019-02-13,0,1123.32,3978000.0,3610.6,,0.0,-0.019196719687304076,,,-0.01763744242682086,16330037560.06138
2019-02-14,2019-02-14 17:00:00+00:00,2019-02-14,0,1128.0,3982000.0,3601.73,,0.0,-0.019876047351791715,,,-0.016333136441941898,11556373976.451078
2019-02-15,2019-02-15 17:00:00+00:00,2019-02-15,0,1125.59,3994000.0,3592.98,,0.0,-0.01241829794501026,,,-0.01699280766631972,15993379080.733952
2019-02-16,2019-02-16 17:00:00+00:00,2019-02-15,1,1125.59,4010000.0,3630.49,,0.0,-0.018706546164296012,,,-0.017394743123979595,20191250573.215797
2019-02-17,2019-02-17 17:00:00+00:00,2019-02-15,2,1125.59,4009000.0,3621.52,,0.0,-0.016521336826641364,,,-0.021363198613779555,23890608055.7378
2019-02-18,2019-02-18 17:00:00+00:00,2019-02-15,3,1125.59,4213000.0,3871.83,,0.0,-0.03329280154919212,,,-0.034689462815610694,39212080282.06708
2019-02-19,2019-02-19 17:00:00+00:00,2019-02-19,0,1124.54,4291000.0,3966.62,,0.0,-0.03802671965810145,,,-0.030826535343383976,41501119575.07778
2019-02-20,2019-02-20 17:00:00+00:00,2019-02-19,1,1124.54,4286000.0,3957.0,,0.0,-0.036811677837246704,,,-0.03340659258937373,22129598945.78637
2019-02-21,2019-02-21 17:00:00+00:00,2019-02-21,0,1125.53,4320000.0,3922.15,,0.0,-0.021406171308232635,,,-0.023368861540339236,33748962348.566963
2019-02-22,2019-02-22 17:00:00+00:00,2019-02-22,0,1121.07,4343000.0,3953.73,,0.0,-0.02017144840059415,,,-0.021541253358465018,17532400545.60673
2019-02-23,2019-02-23 17:00:00+00:00,2019-02-22,1,1121.07,4345000.0,3968.63,,0.0,-0.023400632149075618,,,-0.029741846583193676,13142812263.027142
2019-02-24,2019-02-24 17:00:00+00:00,2019-02-22,2,1121.07,4214000.0,3758.76,,0.0,3.961400394847381e-05,,,-0.0044778977791811725,51802526824.63648
2019-02-25,2019-02-25 17:00:00+00:00,2019-02-25,0,1116.1,4260000.0,3852.82,,0.0,-0.009332829375517382,,,-0.0040590182108082296,29695891737.65063
2019-02-26,2019-02-26 17:00:00+00:00,2019-02-26,0,1116.88,4224000.0,3808.86,,0.0,-0.007061419246086387,,,-0.006217674429265685,30655937882.90641
2019-02-27,2019-02-27 17:00:00+00:00,2019-02-27,0,1117.74,4240000.0,3809.78,,0.0,-0.0043076602937413,,,-0.0020174202150697873,21807924665.52259
2019-02-28,2019-02-28 17:00:00+00:00,2019-02-28,0,1124.65,4265000.0,3834.48,,0.0,-0.011002551856433618,,,-0.011439892334324075,36051992035.090256
2019-03-01,2019-03-01 17:00:00+00:00,2019-03-01,0,1126.76,4248000.0,3838.45,,0.0,-0.017806175656594925,,,-0.013836807467710432,14003485255.289461
2019-03-02,2019-03-02 17:00:00+00:00,2019-03-01,1,1126.76,4256000.0,3812.29,,0.0,-0.0092039460269433,,,-0.011882577097042657,13254932212.205639
2019-03-03,2019-03-03 17:00:00+00:00,2019-03-01,2,1126.76,4236000.0,3803.08,,0.0,-0.011471786098125603,,,-0.011984930455730902,12187887389.65485
2019-03-04,2019-03-04 17:00:00+00:00,2019-03-04,0,1126.73,4162000.0,3724.06,,0.0,-0.008105348365842313,,,-0.007438826515740904,24594385033.6398
2019-03-05,2019-03-05 17:00:00+00:00,2019-03-05,0,1126.46,4216000.0,3841.22,,0.0,-0.025648527085455175,,,-0.02222455192199624,30093217115.66187
2019-03-06,2019-03-06 17:00:00+00:00,2019-03-06,0,1127.18,4264000.0,3873.06,,0.0,-0.023280863575427246,,,-0.021362060697409868,25486842591.50481
2019-03-07,2019-03-07 17:00:00+00:00,2019-03-07,0,1133.18,4298000.0,3892.5,,0.0,-0.025596379281191073,,,-0.02290253027190614,22011473957.47913
2019-03-08,2019-03-08 17:00:00+00:00,2019-03-08,0,1131.74,4328000.0,3906.81,,0.0,-0.02114515306049647,,,-0.01464331676320052,37192743363.59518
2019-03-09,2019-03-09 17:00:00+00:00,2019-03-08,1,1131.74,4330000.0,3923.07,,0.0,-0.024751764583401892,,,-0.02476105017940844,44599667170.2474
2019-03-10,2019-03-10 16:00:00+00:00,2019-03-08,2,1131.74,4320000.0,3905.92,,0.0,-0.022731867730154787,,,-0.021842038707929112,35572376493.840294
2019-03-11,2019-03-11 16:00:00+00:00,2019-03-11,0,1133.05,4308000.0,3848.12,,0.0,-0.01195206949398131,,,-0.011335946468929992,40717548740.89262
2019-03-12,2019-03-12 16:00:00+00:00,2019-03-12,0,1127.89,4315000.0,3872.59,,0.0,-0.01210102639046895,,,-0.012169166971769507,48590427991.72646
2019-03-13,2019-03-13 16:00:00+00:00,2019-03-13,0,1130.47,4321000.0,3872.0,,0.0,-0.012834711401759513,,,-0.0103873903886198,38745070863.92113
2019-03-14,2019-03-14 16:00:00+00:00,2019-03-14,0,1135.05,4343000.0,3882.1,,0.0,-0.014383153392955594,,,-0.014480581083591293,41165134687.24598
2019-03-15,2019-03-15 16:00:00+00:00,2019-03-15,0,1134.44,4369000.0,3928.19,,0.0,-0.0195893329958301,,,-0.0207289803353623,32226623004.401867
2019-03-16,2019-03-16 16:00:00+00:00,2019-03-15,1,1134.44,4437000.0,3989.83,,0.0,-0.019712407060527348,,,-0.021904057319924286,24144182657.66639
2019-03-17,2019-03-17 16:00:00+00:00,2019-03-15,2,1134.44,4421000.0,3986.51,,0.0,-0.022433915405196903,,,-0.020229647624060987,17586187069.84173
2019-03-18,2019-03-18 16:00:00+00:00,2019-03-18,0,1131.74,4446000.0,3978.86,,0.0,-0.012665905593067572,,,-0.012222930145518784,39674441112.67766
2019-03-19,2019-03-19 16:00:00+00:00,2019-03-19,0,1129.0,4474000.0,3997.65,,0.0,-0.008717887480772846,,,-0.010484839554627534,31218944055.99258
2019-03-20,2019-03-20 16:00:00+00:00,2019-03-20,0,1128.25,4507000.0,4015.82,,0.0,-0.005263674743389735,,,-0.006260989826138097,31549075086.10886
2019-03-21,2019-03-21 16:00:00+00:00,2019-03-21,0,1128.4,4458000.0,3968.66,,0.0,-0.004518731092566175,,,-0.0001679023317948669,39262388152.44595
2019-03-22,2019-03-22 16:00:00+00:00,2019-03-22,0,1136.8,4489000.0,3993.31,,0.0,-0.011145225541019266,,,-0.00934219522176094,28535705136.64415
2019-03-23,2019-03-23 16:00:00+00:00,2019-03-22,1,1136.8,4499000.0,4001.23,,0.0,-0.010904076623461378,,,-0.01032758800662048,17773674577.04966
2019-03-24,2019-03-24 16:00:00+00:00,2019-03-22,2,1136.8,4523000.0,3992.9,,0.0,-0.0035532634113094597,,,-0.0029328590032499102,24956260656.05746
2019-03-25,2019-03-25 16:00:00+00:00,2019-03-25,0,1131.88,4485000.0,3962.92,,0.0,-0.0001225913463308581,,,0.007134221534300211,40341195875.00671
2019-03-26,2019-03-26 16:00:00+00:00,2019-03-26,0,1133.55,4474000.0,3942.01,,0.0,0.0012385828154852785,,,0.0038252035106887128,35658216161.570694
2019-03-27,2019-03-27 16:00:00+00:00,2019-03-27,0,1138.09,4532000.0,4021.49,,0.0,-0.009792296409073753,,,-0.010371585288746266,31604850330.58997
2019-03-28,2019-03-28 16:00:00+00:00,2019-03-28,0,1136.65,4550000.0,4030.49,,0.0,-0.006822682550767678,,,-0.006161848198908193,41709841711.33624
2019-03-29,2019-03-29 16:00:00+00:00,2019-03-29,0,1136.3,4625000.0,4087.21,,0.0,-0.004154928970071414,,,-0.004616164920881571,36672132347.1601
2019-03-30,2019-03-30 16:00:00+00:00,2019-03-29,1,1136.3,4601000.0,4077.88,,0.0,-0.0070559334806323815,,,-0.006589170392139909,34982517745.54153
2019-03-31,2019-03-31 16:00:00+00:00,2019-03-29,2,1136.3,4649000.0,4097.0,,0.0,-0.0013792737245615916,,,-0.0004971534878375206,34257118840.713333
2019-04-01,2019-04-01 16:00:00+00:00,2019-04-01,0,1133.0,4715000.0,4145.07,,0.0,0.003968109961213884,,,0.003239823630140748,62206919805.34713
2019-04-02,2019-04-02 16:00:00+00:00,2019-04-02,0,1137.16,5447000.0,4733.85,,0.0,0.011862050082157127,,,-0.020370339926663927,157153547882.3393
2019-04-03,2019-04-03 16:00:00+00:00,2019-04-03,0,1134.29,5555000.0,4960.19,,0.0,-0.012671558965069107,,,-0.0001785262206597249,121658469865.48854
2019-04-04,2019-04-04 16:00:00+00:00,2019-04-04,0,1136.05,5607000.0,4978.04,,0.0,-0.008541071560626445,,,0.0010560965722090643,97143088803.05267
2019-04-05,2019-04-05 16:00:00+00:00,2019-04-05,0,1136.87,5661000.0,4966.5,,0.0,0.002609715516081801,,,-0.0008747849168670996,75371307948.33078
2019-04-06,2019-04-06 16:00:00+00:00,2019-04-05,1,1136.87,5834000.0,5092.15,,0.0,0.0077537669121752195,,,0.010245943957739367,39342031807.20183
2019-04-07,2019-04-07 16:00:00+00:00,2019-04-05,2,1136.87,5858000.0,5120.61,,0.0,0.006275411972702205,,,0.005456882469884183,64427889388.87482
2019-04-08,2019-04-08 16:00:00+00:00,2019-04-08,0,1143.25,6009000.0,5191.31,,0.0,0.012474351665981098,,,0.017356369409380124,71039572654.16623
2019-04-09,2019-04-09 16:00:00+00:00,2019-04-09,0,1140.25,5999000.0,5155.52,,0.0,0.020484247145818202,,,0.021748339126788307,49711588429.478645
2019-04-10,2019-04-10 16:00:00+00:00,2019-04-10,0,1137.26,6066000.0,5245.06,,0.0,0.01693262636853987,,,0.02139184883370171,39395174222.95753
2019-04-11,2019-04-11 16:00:00+00:00,2019-04-11,0,1140.73,5842000.0,4994.28,,0.0,0.02542948855423055,,,0.02385539743886289,94132107623.31726
2019-04-12,2019-04-12 16:00:00+00:00,2019-04-12,0,1133.0,5849000.0,5037.45,,0.0,0.024804356587167398,,,0.03105305014822246,51863749653.72345
2019-04-13,2019-04-13 16:00:00+00:00,2019-04-12,1,1133.0,5898000.0,5051.65,,0.0,0.03048483568969096,,,0.0302236983548676,26630099265.70761
2019-04-14,2019-04-14 16:00:00+00:00,2019-04-12,2,1133.0,5894000.0,5062.34,,0.0,0.02761139514126576,,,0.024809594488278686,21735645945.30603
2019-04-15,2019-04-15 16:00:00+00:00,2019-04-15,0,1133.6,5977000.0,5134.94,,0.0,0.026805166499606736,,,0.028740965082474368,41468218090.39336
2019-04-16,2019-04-16 16:00:00+00:00,2019-04-16,0,1136.13,5874000.0,5069.12,,0.0,0.019936988988752624,,,0.024835154280408167,47138192273.39007
2019-04-17,2019-04-17 16:00:00+00:00,2019-04-17,0,1131.7,5995000.0,5182.91,,0.0,0.022078385410454926,,,0.01969565008063201,41698366516.74051
2019-04-18,2019-04-18 16:00:00+00:00,2019-04-18,0,1136.2,6029000.0,5234.34,,0.0,0.013744637320293851,,,0.01596087455202877,46792140436.18981
2019-04-19,2019-04-19 16:00:00+00:00,2019-04-19,0,1135.4,6087000.0,5259.69,,0.0,0.01928178620278498,,,0.019477552935893705,39362195054.10601
2019-04-20,2019-04-20 16:00:00+00:00,2019-04-19,1,1135.4,6130000.0,5289.36,,0.0,0.02072430948676507,,,0.022097981044715054,28161340093.69125
2019-04-21,2019-04-21 16:00:00+00:00,2019-04-19,2,1135.4,6129000.0,5239.42,,0.0,0.030285334398381325,,,0.02968899928981039,35492999226.96649
2019-04-22,2019-04-22 16:00:00+00:00,2019-04-22,0,1140.52,6138000.0,5279.69,,0.0,0.01933175818785604,,,0.02079807537643452,33192507706.74655
2019-04-23,2019-04-23 16:00:00+00:00,2019-04-23,0,1143.22,6444000.0,5536.31,,0.0,0.018134884871987333,,,0.027059947121079286,69597794898.85904
2019-04-24,2019-04-24 16:00:00+00:00,2019-04-24,0,1155.65,6419000.0,5425.25,,0.0,0.023814548028711968,,,0.02511331876681644,81336936953.86133
2019-04-25,2019-04-25 16:00:00+00:00,2019-04-25,0,1160.15,6396000.0,5432.0,,0.0,0.014926400063675516,,,0.01059022847741753,39046732961.61677
2019-04-26,2019-04-26 16:00:00+00:00,2019-04-26,0,1158.1,6095000.0,5285.07,,0.0,-0.004189033959496213,,,-0.0028044333868738613,75123641523.88141
2019-04-27,2019-04-27 16:00:00+00:00,2019-04-26,1,1158.1,6102000.0,5282.54,,0.0,-0.0025678848938439636,,,-0.0030880121698865226,24990408489.09898
2019-04-28,2019-04-28 16:00:00+00:00,2019-04-26,2,1158.1,6169000.0,5333.68,,0.0,-0.001284586651250308,,,-0.0014054692529822388,22543565582.70629
2019-04-29,2019-04-29 16:00:00+00:00,2019-04-29,0,1160.0,6031000.0,5231.96,,0.0,-0.006273379185910644,,,-0.007774936694428192,36075809028.38705
2019-04-30,2019-04-30 16:00:00+00:00,2019-04-30,0,1165.1,6124000.0,5312.19,,0.0,-0.010539686184476205,,,-0.013271829576570249,32845502793.08995
2019-05-01,2019-05-01 16:00:00+00:00,2019-05-01,0,1161.61,6146000.0,5355.35,,0.0,-0.01202864186805186,,,-0.009783656036332133,23592788048.482418
2019-05-02,2019-05-02 16:00:00+00:00,2019-05-02,0,1166.62,6350000.0,5523.99,,0.0,-0.01464795087395565,,,-0.012654624716310514,32978882782.89354
2019-05-03,2019-05-03 16:00:00+00:00,2019-05-03,0,1165.95,6642000.0,5787.0,,0.0,-0.01561392378090698,,,-0.02000810430565958,69999330295.10329
2019-05-04,2019-05-04 16:00:00+00:00,2019-05-03,1,1165.95,6508000.0,5641.19,,0.0,-0.010543080138574079,,,-0.01145343199491533,44564568078.1655
2019-05-05,2019-05-05 16:00:00+00:00,2019-05-03,2,1165.95,6671000.0,5770.04,,0.0,-0.008409881957434973,,,-0.004467443289841055,26630048595.6347
2019-05-06,2019-05-06 16:00:00+00:00,2019-05-06,0,1169.2,6622000.0,5730.98,,0.0,-0.011739409950845325,,,-0.014927284220703996,25685032317.5525
2019-05-07,2019-05-07 16:00:00+00:00,2019-05-07,0,1172.5,6829000.0,5919.93,,0.0,-0.016152718655907394,,,-0.014855743435874702,47007830911.65002
2019-05-08,2019-05-08 16:00:00+00:00,2019-05-08,0,1170.2,6889000.0,5953.94,,0.0,-0.01123829623984629,,,-0.006754860233425641,38901204340.67867
2019-05-09,2019-05-09 16:00:00+00:00,2019-05-09,0,1183.1,7082000.0,6058.91,,0.0,-0.012038623395537629,,,-0.009948278464756322,58335308679.65189
2019-05-10,2019-05-10 16:00:00+00:00,2019-05-10,0,1176.62,7443000.0,6353.82,,0.0,-0.004418345156462111,,,-0.0005317443956646128,79088286648.97246
2019-05-11,2019-05-11 16:00:00+00:00,2019-05-10,1,1176.62,8046000.0,6905.57,,0.0,-0.009751324714131204,,,0.0050417863079135206,157508621061.92755
2019-05-12,2019-05-12 16:00:00+00:00,2019-05-10,2,1176.62,8070000.0,6839.83,,0.0,0.0027484534151911433,,,-0.0034004285020162728,199931859366.55362
2019-05-13,2019-05-13 16:00:00+00:00,2019-05-13,0,1186.94,9074000.0,7771.91,,0.0,-0.016346262778600518,,,-0.0018498034567980826,168045014131.0745
2019-05-14,2019-05-14 16:00:00+00:00,2019-05-14,0,1186.94,9451000.0,7950.0,,0.0,0.0015712937861567244,,,0.006967158340713597,292366098094.7454
2019-05-15,2019-05-15 16:00:00+00:00,2019-05-15,0,1188.74,9400000.0,7991.95,,0.0,-0.010562835706905083,,,-0.010899185018880098,163371180236.6397
2019-05-16,2019-05-16 16:00:00+00:00,2019-05-16,0,1190.52,9534000.0,8006.67,,0.0,0.0001992458584045842,,,0.010642149735352158,195288183142.19485
2019-05-17,2019-05-17 16:00:00+00:00,2019-05-17,0,1195.07,8531000.0,7094.43,,0.0,0.006211066911953056,,,0.011484510927071145,184271753515.10318
2019-05-18,2019-05-18 16:00:00+00:00,2019-05-17,1,1195.07,8908000.0,7344.0,,0.0,0.014972313724687991,,,0.017276196354202522,120298413985.93176
2019-05-19,2019-05-19 16:00:00+00:00,2019-05-17,2,1195.07,9496000.0,7962.78,,0.0,-0.0021100595693209767,,,-0.002670361771990426,132250862711.61609
2019-05-20,2019-05-20 16:00:00+00:00,2019-05-20,0,1193.81,9447000.0,7834.51,,0.0,0.0100592813028888,,,0.011012037715812273,117538925835.7044
2019-05-21,2019-05-21 16:00:00+00:00,2019-05-21,0,1194.31,9498000.0,7890.49,,0.0,0.00788532722662838,,,0.007216998464572466,99681781489.7803
2019-05-22,2019-05-22 16:00:00+00:00,2019-05-22,0,1194.36,9527000.0,7939.6,,0.0,0.004667357845750786,,,0.021721694029467553,73311087343.18037
2019-05-23,2019-05-23 16:00:00+00:00,2019-05-23,0,1189.31,9378000.0,7754.09,,0.0,0.01691422015993349,,,0.016397796119220542,97213546755.36041
2019-05-24,2019-05-24 16:00:00+00:00,2019-05-24,0,1186.2,9628000.0,8046.06,,0.0,0.008776357241710553,,,0.013978852813102627,87760834129.4094
2019-05-25,2019-05-25 16:00:00+00:00,2019-05-24,1,1186.2,9604000.0,8017.39,,0.0,0.009860119212969032,,,0.007800491140697252,50657705350.02367
2019-05-26,2019-05-26 16:00:00+00:00,2019-05-24,2,1186.2,9546000.0,7983.18,,0.0,0.008062800545987958,,,0.007884095684738135,47416846140.46012
2019-05-27,2019-05-27 16:00:00+00:00,2019-05-24,3,1186.2,10480000.0,8799.0,,0.0,0.004083996685066538,,,-0.001034663135964231,172732762719.56265
2019-05-28,2019-05-28 16:00:00+00:00,2019-05-28,0,1186.66,10310000.0,8684.17,,0.0,0.0004699421579967833,,,-0.0009186716121249994,78129601637.30942
2019-05-29,2019-05-29 16:00:00+00:00,2019-05-29,0,1186.66,10415000.0,8681.21,,0.0,0.01100361594256416,,,0.006386030716215796,90148004258.57611
2019-05-30,2019-05-30 16:00:00+00:00,2019-05-30,0,1189.14,10603000.0,8941.25,,0.0,-0.0027649477503454145,,,0.029120364507124075,93280937809.20567
2019-05-31,2019-05-31 16:00:00+00:00,2019-05-31,0,1190.5,10190000.0,8349.52,,0.0,0.025140224997816762,,,0.019467629349926074,148910710946.44858
2019-06-01,2019-06-01 16:00:00+00:00,2019-05-31,1,1190.5,10340000.0,8530.21,,0.0,0.01819606920277117,,,0.01752749257409314,57490602868.88008
2019-06-02,2019-06-02 16:00:00+00:00,2019-05-31,2,1190.5,10458000.0,8678.22,,0.0,0.012251856845507225,,,0.01123581758491432,75710505499.43323
2019-06-03,2019-06-03 16:00:00+00:00,2019-06-03,0,1180.97,10296000.0,8473.66,,0.0,0.02886557001390755,,,0.04324256114128011,75573665562.11966
2019-06-04,2019-06-04 16:00:00+00:00,2019-06-04,0,1180.58,9763000.0,7941.11,,0.0,0.04137382096790643,,,0.04527153237843562,119186776941.26173
2019-06-05,2019-06-05 16:00:00+00:00,2019-06-05,0,1178.24,9386000.0,7625.05,,0.0,0.044730061716125036,,,0.04588407258976357,134590250474.98715
2019-06-06,2019-06-06 16:00:00+00:00,2019-06-06,0,1179.51,9350000.0,7694.84,,0.0,0.030173537387214733,,,0.033808024781044166,64828382475.631966
2019-06-07,2019-06-07 16:00:00+00:00,2019-06-07,0,1181.27,9644000.0,7928.86,,0.0,0.029668146010459084,,,0.03413958221995239,74244241588.27026
2019-06-08,2019-06-08 16:00:00+00:00,2019-06-07,1,1181.27,9691000.0,7919.43,,0.0,0.035918274713066634,,,0.04380971162506264,54810684131.86925
2019-06-09,2019-06-09 16:00:00+00:00,2019-06-07,2,1181.27,9534000.0,7716.72,,0.0,0.04590738807313044,,,0.05139551487478533,42170421389.11618
2019-06-10,2019-06-10 16:00:00+00:00,2019-06-10,0,1185.01,9644000.0,7914.45,,0.0,0.028287239997675906,,,0.028686235766495427,71667481345.05717
2019-06-11,2019-06-11 16:00:00+00:00,2019-06-11,0,1178.88,9515000.0,7761.53,,0.0,0.03990065633334172,,,0.03137580181330102,53263203191.58889
2019-06-12,2019-06-12 16:00:00+00:00,2019-06-12,0,1182.82,9823000.0,8140.57,,0.0,0.02016558736797336,,,0.019708135700994722,67618802477.83801
2019-06-13,2019-06-13 16:00:00+00:00,2019-06-13,0,1183.23,9807000.0,8172.11,,0.0,0.0142214683126749,,,0.0216544379010144,49904544959.96187
2019-06-14,2019-06-14 16:00:00+00:00,2019-06-14,0,1184.7,10268000.0,8385.16,,0.0,0.03363240820659774,,,0.020916492602453873,79483003671.93175
2019-06-15,2019-06-15 16:00:00+00:00,2019-06-14,1,1184.7,10522000.0,8750.71,,0.0,0.014954603010294276,,,0.0088478399103058,73906063738.94852
2019-06-16,2019-06-16 16:00:00+00:00,2019-06-14,2,1184.7,10972000.0,9201.73,,0.0,0.006486431609665999,,,0.009709611710068122,126270915293.8623
2019-06-17,2019-06-17 16:00:00+00:00,2019-06-17,0,1186.53,10962000.0,9158.42,,0.0,0.008766190842507848,,,0.0003354395918939712,93380631808.41266
2019-06-18,2019-06-18 16:00:00+00:00,2019-06-18,0,1185.37,10853000.0,9086.62,,0.0,0.007612403604200457,,,0.012726717664073295,84730149214.74239
2019-06-19,2019-06-19 16:00:00+00:00,2019-06-19,0,1185.37,10897000.0,9088.0,,0.0,0.011543819383904363,,,0.008369183367939348,57201865622.91274
2019-06-20,2019-06-20 16:00:00+00:00,2019-06-20,0,1159.05,11161000.0,9377.75,,0.0,0.026838836792393295,,,0.028844829626059276,85700696297.03874
2019-06-21,2019-06-21 16:00:00+00:00,2019-06-21,0,1163.25,11560000.0,9787.83,,0.0,0.01530927882132005,,,0.014853280157153481,112304759453.37558
2019-06-22,2019-06-22 16:00:00+00:00,2019-06-21,1,1163.25,12550000.0,10798.78,,0.0,-0.0009298783461728632,,,-0.0066573407590865274,284982661089.508
2019-06-23,2019-06-23 16:00:00+00:00,2019-06-21,2,1163.25,12440000.0,10812.32,,0.0,-0.01092681306520904,,,-0.00043242293660761266,124694526880.63478
2019-06-24,2019-06-24 16:00:00+00:00,2019-06-24,0,1156.14,12800000.0,10936.87,,0.0,0.012293603392156571,,,0.008451406169435183,131643897064.77441
2019-06-25,2019-06-25 16:00:00+00:00,2019-06-25,0,1155.97,13410000.0,11385.31,,0.0,0.01891358914391872,,,0.020230470298593595,187311754892.74792
2019-06-26,2019-06-26 16:00:00+00:00,2019-06-26,0,1156.36,15267000.0,12889.05,,0.0,0.024329633087424307,,,0.047080544977127436,498326320419.0098
2019-06-27,2019-06-27 16:00:00+00:00,2019-06-27,0,1157.86,14324000.0,11830.0,,0.0,0.045739510201136424,,,0.06932613115475772,868125664992.1935
2019-06-28,2019-06-28 16:00:00+00:00,2019-06-28,0,1154.58,14730000.0,11989.22,,0.0,0.06411309363860629,,,0.06910977998109114,636980645921.278
2019-06-29,2019-06-29 16:00:00+00:00,2019-06-28,1,1154.58,14564000.0,11939.62,,0.0,0.05649181120426605,,,0.06060373605049807,337732843034.42065
2019-06-30,2019-06-30 16:00:00+00:00,2019-06-28,2,1154.58,13729000.0,11164.45,,0.0,0.06506850330198022,,,0.08506858050523491,206433880988.3822
2019-07-01,2019-07-01 16:00:00+00:00,2019-07-01,0,1158.5,12754000.0,10396.98,,0.0,0.05887127263001002,,,0.05825165961407186,320692505547.02423
2019-07-02,2019-07-02 16:00:00+00:00,2019-07-02,0,1166.31,12939000.0,10632.17,,0.0,0.04343356168583146,,,0.0441934302994198,407928561144.9977
2019-07-03,2019-07-03 16:00:00+00:00,2019-07-03,0,1171.14,13794000.0,11422.43,,0.0,0.03115250688941984,,,0.031150366767434434,412678880256.4613
2019-07-04,2019-07-04 16:00:00+00:00,2019-07-03,1,1171.14,14109000.0,11707.42,,0.0,0.02902569707380276,,,0.036915258515294536,269581591580.052
2019-07-05,2019-07-05 16:00:00+00:00,2019-07-05,0,1170.26,13575000.0,11233.74,,0.0,0.032602350403746705,,,0.04115660921765918,242612350017.63882
2019-07-06,2019-07-06 16:00:00+00:00,2019-07-05,1,1170.26,13883000.0,11574.32,,0.0,0.024956602594734756,,,0.03294461050048536,150375710853.56625
2019-07-07,2019-07-07 16:00:00+00:00,2019-07-05,2,1170.26,13476000.0,11222.58,,0.0,0.02609112543197689,,,0.0227545336591648,89398654670.73222
2019-07-08,2019-07-08 16:00:00+00:00,2019-07-08,0,1181.31,14150000.0,11832.52,,0.0,0.012314161389807232,,,0.007775812383461922,154288326799.67578
2019-07-09,2019-07-09 16:00:00+00:00,2019-07-09,0,1180.2,14688000.0,12339.33,,0.0,0.008591896485464767,,,0.009204943291544199,287545913749.4758
2019-07-10,2019-07-10 16:00:00+00:00,2019-07-10,0,1181.58,14770000.0,12367.91,,0.0,0.010697165576339707,,,0.020129448374580194,346757800548.1826
2019-07-11,2019-07-11 16:00:00+00:00,2019-07-11,0,1173.35,13901000.0,11489.66,,0.0,0.031124932910408187,,,0.034624223215896865,420355096820.1249
2019-07-12,2019-07-12 16:00:00+00:00,2019-07-12,0,1178.71,13847000.0,11475.0,,0.0,0.02375498608768578,,,0.024580642379028905,277095809245.43097
2019-07-13,2019-07-13 16:00:00+00:00,2019-07-12,1,1178.71,13807000.0,11413.9,,0.0,0.02626210685196373,,,0.03174056308820572,132553140469.62593
2019-07-14,2019-07-14 16:00:00+00:00,2019-07-12,2,1178.71,12670000.0,10413.12,,0.0,0.032259227193715434,,,0.036072180227714856,223453060637.7049
2019-07-15,2019-07-15 16:00:00+00:00,2019-07-15,0,1179.04,12739000.0,10569.22,,0.0,0.022265867922256488,,,0.030261128731784215,286248393450.3164
2019-07-16,2019-07-16 16:00:00+00:00,2019-07-16,0,1177.31,12641000.0,10492.77,,0.0,0.023294041100428542,,,0.03011486986675882,237571200791.88095
2019-07-17,2019-07-17 16:00:00+00:00,2019-07-17,0,1181.09,11600000.0,9720.2,,0.0,0.010415025517119592,,,0.020082557199613937,420817388434.99774
2019-07-18,2019-07-18 16:00:00+00:00,2019-07-18,0,1178.29,12335000.0,10437.93,,0.0,0.002934525464881599,,,0.010950726528290211,332387939813.8527
2019-07-19,2019-07-19 16:00:00+00:00,2019-07-19,0,1173.92,12416000.0,10417.22,,0.0,0.015292939657581606,,,0.017662835067821403,284956883567.1837
2019-07-20,2019-07-20 16:00:00+00:00,2019-07-19,1,1173.92,12614000.0,10615.46,,0.0,0.012221381270917098,,,0.013628400273431707,122961595032.37703
2019-07-21,2019-07-21 16:00:00+00:00,2019-07-19,2,1173.92,12458000.0,10444.56,,0.0,0.016060751493823133,,,0.01076591235961244,142759846541.15564
2019-07-22,2019-07-22 16:00:00+00:00,2019-07-22,0,1178.17,12209000.0,10238.43,,0.0,0.012135757839896844,,,0.010453968564797966,91222079485.7197
2019-07-23,2019-07-23 16:00:00+00:00,2019-07-23,0,1178.72,11878000.0,9932.36,,0.0,0.01456579437836325,,,0.014536787809948049,112190493923.55997
2019-07-24,2019-07-24 16:00:00+00:00,2019-07-24,0,1177.54,11745000.0,9911.66,,0.0,0.006308072232934725,,,0.00994613575564296,97380909227.75903
2019-07-25,2019-07-25 16:00:00+00:00,2019-07-25,0,1181.17,11837000.0,9987.9,,0.0,0.0033560047704455087,,,0.006272079570094347,93115106218.50093
2019-07-26,2019-07-26 16:00:00+00:00,2019-07-26,0,1184.51,11610000.0,9794.01,,0.0,0.0007669283743807487,,,0.003727348383065321,65108802899.07268
2019-07-27,2019-07-27 16:00:00+00:00,2019-07-26,1,1184.51,11242000.0,9427.69,,0.0,0.0066988112009318534,,,0.007569447415564312,97701396616.98285
2019-07-28,2019-07-28 16:00:00+00:00,2019-07-26,2,1184.51,11335000.0,9522.47,,0.0,0.00492391086745303,,,0.0007034524639148998,37457724990.5871
2019-07-29,2019-07-29 16:00:00+00:00,2019-07-29,0,1183.36,11276000.0,9539.64,,0.0,-0.0011363792553448215,,,0.0025810355163886634,69926897878.75084
2019-07-30,2019-07-30 16:00:00+00:00,2019-07-30,0,1181.94,11438000.0,9682.35,,0.0,-0.0005205156857410742,,,0.0006060575009547708,55823686063.87164
2019-07-31,2019-07-31 16:00:00+00:00,2019-07-31,0,1182.74,11870000.0,10049.64,,0.0,-0.0013554654933367605,,,0.002881402974607372,83409370873.91086
2019-08-01,2019-08-01 16:00:00+00:00,2019-08-01,0,1187.0,11855000.0,10013.86,,0.0,-0.0026460225874200827,,,0.00015321580728344664,75176508887.10968
2019-08-02,2019-08-02 16:00:00+00:00,2019-08-02,0,1196.59,12690000.0,10612.14,,0.0,-0.0006599741228643374,,,-0.0023516969924276543,119173830480.31168
2019-08-03,2019-08-03 16:00:00+00:00,2019-08-02,1,1196.59,12709000.0,10733.05,,0.0,-0.010438345407847827,,,-0.01316093232168436,114630194936.90454
2019-08-04,2019-08-04 16:00:00+00:00,2019-08-02,2,1196.59,12931000.0,10944.15,,0.0,-0.012573665081462848,,,-0.00916111720537105,92155748569.98425
2019-08-05,2019-08-05 16:00:00+00:00,2019-08-05,0,1215.5,13872000.0,11749.97,,0.0,-0.02871348500571369,,,-0.0136950675934292,231263722807.4614
2019-08-06,2019-08-06 16:00:00+00:00,2019-08-06,0,1214.83,13900000.0,11700.0,,0.0,-0.022057252426933793,,,-0.011922703502266319,316298650293.9226
2019-08-07,2019-08-07 16:00:00+00:00,2019-08-07,0,1214.46,13894000.0,11662.75,,0.0,-0.01905848943642685,,,-0.022291864702063235,244129683360.30414
2019-08-08,2019-08-08 16:00:00+00:00,2019-08-08,0,1208.77,13971000.0,11692.81,,0.0,-0.011526736206404653,,,-0.01819804720696183,137572808711.65234
2019-08-09,2019-08-09 16:00:00+00:00,2019-08-09,0,1214.15,14120000.0,11743.37,,0.0,-0.009693549152942404,,,-0.012208039483075694,122452693045.4318
2019-08-10,2019-08-10 16:00:00+00:00,2019-08-09,1,1214.15,13742000.0,11413.87,,0.0,-0.008381368242994625,,,-0.0023449326688725902,121539071743.80725
2019-08-11,2019-08-11 16:00:00+00:00,2019-08-09,2,1214.15,13694000.0,11378.0,,0.0,-0.008729801177648433,,,-0.010510726125571912,81216438895.38902
2019-08-12,2019-08-12 16:00:00+00:00,2019-08-12,0,1215.7,13684000.0,11399.11,,0.0,-0.012548658292995563,,,-0.011419951416406726,57379822073.30277
2019-08-13,2019-08-13 16:00:00+00:00,2019-08-13,0,1220.7,13120000.0,10951.09,,0.0,-0.018551439655351443,,,-0.011260744908482168,82443292216.87047
2019-08-14,2019-08-14 16:00:00+00:00,2019-08-14,0,1212.44,12699000.0,10514.08,,0.0,-0.003819605809961768,,,0.001356484106260103,138586788737.54077
2019-08-15,2019-08-15 16:00:00+00:00,2019-08-15,0,1214.34,12276000.0,10094.59,,0.0,0.0014468263035831708,,,0.009493272155417731,271471874113.8901
2019-08-16,2019-08-16 16:00:00+00:00,2019-08-16,0,1205.75,12654000.0,10386.04,,0.0,0.010463356037091698,,,0.009451974058211299,212376834335.35144
2019-08-17,2019-08-17 16:00:00+00:00,2019-08-16,1,1205.75,12526000.0,10312.27,,0.0,0.007397482938773958,,,0.00860806759899102,100636575023.07439
2019-08-18,2019-08-18 16:00:00+00:00,2019-08-16,2,1205.75,12571000.0,10386.42,,0.0,0.0037988075565662527,,,0.006566137333512412,86504528357.04305
2019-08-19,2019-08-19 16:00:00+00:00,2019-08-19,0,1210.6,12910000.0,10707.8,,0.0,-0.004078009719377662,,,-0.0037347817960363683,120351199636.29927
2019-08-20,2019-08-20 16:00:00+00:00,2019-08-20,0,1207.93,12935000.0,10744.54,,0.0,-0.0033633848507476083,,,-0.0035346242748058865,117918805395.84563
2019-08-21,2019-08-21 16:00:00+00:00,2019-08-21,0,1202.0,12149000.0,9986.77,,0.0,0.012071083187816134,,,0.008336295852657827,139072215982.62155
2019-08-22,2019-08-22 16:00:00+00:00,2019-08-22,0,1206.96,12245000.0,10112.65,,0.0,0.0032309818585882777,,,0.0016282681758135187,110538566960.60965
2019-08-23,2019-08-23 16:00:00+00:00,2019-08-23,0,1210.5,12462000.0,10397.55,,0.0,-0.00987064695329598,,,-0.010618991065099448,93438094068.11717
2019-08-24,2019-08-24 16:00:00+00:00,2019-08-23,1,1210.5,12054000.0,9993.17,,0.0,-0.003532547798299923,,,-0.005431421662846936,58570765736.06751
2019-08-25,2019-08-25 16:00:00+00:00,2019-08-23,2,1210.5,12135000.0,10066.87,,0.0,-0.00418072872106956,,,-0.004864601458622997,56540656496.86408
2019-08-26,2019-08-26 16:00:00+00:00,2019-08-26,0,1217.51,12396000.0,10333.46,,0.0,-0.014711831135928,,,-0.016416920756933018,85120496392.14934
2019-08-27,2019-08-27 16:00:00+00:00,2019-08-27,0,1211.38,12217000.0,10188.06,,0.0,-0.010096908050593378,,,-0.010533816544796015,56201472896.62732
2019-08-28,2019-08-28 16:00:00+00:00,2019-08-28,0,1213.75,12281000.0,10239.73,,0.0,-0.011865681001543615,,,-0.0010054993642926169,40252481391.55254
2019-08-29,2019-08-29 16:00:00+00:00,2019-08-29,0,1216.14,11540000.0,9507.01,,0.0,-0.0018902798151954059,,,-0.0022882721137913453,109709839712.75812
2019-08-30,2019-08-30 16:00:00+00:00,2019-08-30,0,1211.32,11639000.0,9588.33,,0.0,0.002106335080445998,,,0.0018996650900307,48323153134.50293
2019-08-31,2019-08-31 16:00:00+00:00,2019-08-30,1,1211.32,11604000.0,9595.0,,0.0,-0.0016016532733241773,,,-0.00012865726536415156,29640049617.53026
2019-09-01,2019-09-01 16:00:00+00:00,2019-08-30,2,1211.32,11622000.0,9604.26,,0.0,-0.0010170529343206391,,,-0.0010239990933692544,25891645824.43536
2019-09-02,2019-09-02 16:00:00+00:00,2019-08-30,3,1211.32,11982000.0,9879.0,,0.0,0.0012843816212562142,,,-0.007189496938327156,56203675697.54851
2019-09-03,2019-09-03 16:00:00+00:00,2019-09-03,0,1212.44,12860000.0,10687.23,,0.0,-0.007534184708708036,,,-0.013005828270776343,136153689031.418
2019-09-04,2019-09-04 16:00:00+00:00,2019-09-04,0,1207.84,12488000.0,10406.6,,0.0,-0.006484561341625006,,,-0.009579789677358286,80411101749.95934
2019-09-05,2019-09-05 16:00:00+00:00,2019-09-05,0,1200.18,12639000.0,10541.22,,0.0,-0.0009770821645210814,,,-0.002783248059668786,65640166868.57963
2019-09-06,2019-09-06 16:00:00+00:00,2019-09-06,0,1196.81,12923000.0,10843.0,,0.0,-0.00416203937158921,,,0.0012475595461585165,76854006147.52695
2019-09-07,2019-09-07 16:00:00+00:00,2019-09-06,1,1196.81,12495000.0,10455.64,,0.0,-0.001471581428684976,,,-0.003252574149245513,74677207935.8342
2019-09-08,2019-09-08 16:00:00+00:00,2019-09-06,2,1196.81,12362000.0,10389.24,,0.0,-0.005786282369484974,,,-0.00437047042034866,44477076647.88222
2019-09-09,2019-09-09 16:00:00+00:00,2019-09-09,0,1192.33,12290000.0,10321.1,,0.0,-0.0013129332565796625,,,-0.0005469453197858298,63719133912.93752
2019-09-10,2019-09-10 16:00:00+00:00,2019-09-10,0,1191.22,12132000.0,10175.07,,0.0,0.0009284175889816559,,,0.004063619295491039,34396355842.97297
2019-09-11,2019-09-11 16:00:00+00:00,2019-09-11,0,1191.51,11981000.0,9990.07,,0.0,0.0065302816254908524,,,0.004812410463045813,48868590596.67114
2019-09-12,2019-09-12 16:00:00+00:00,2019-09-12,0,1180.7,12315000.0,10326.52,,0.0,0.010045324039814396,,,0.010571494560589034,38886930617.42028
2019-09-13,2019-09-13 16:00:00+00:00,2019-09-13,0,1176.62,12265000.0,10296.3,,0.0,0.012395342149850608,,,0.011285153633756817,34130110942.405712
2019-09-14,2019-09-14 16:00:00+00:00,2019-09-13,1,1176.62,12282000.0,10356.32,,0.0,0.007923116170660993,,,0.0076156075762805475,31018957551.373158
2019-09-15,2019-09-15 16:00:00+00:00,2019-09-13,2,1176.62,12195000.0,10307.97,,0.0,0.005477675712866281,,,0.003914432548749902,28112809406.1785
2019-09-16,2019-09-16 16:00:00+00:00,2019-09-16,0,1182.96,12007000.0,10117.49,,0.0,0.0032095712638906537,,,0.0005038655881637322,40649966266.60725
2019-09-17,2019-09-17 16:00:00+00:00,2019-09-17,0,1186.1,12041000.0,10200.6,,0.0,-0.004788163255068811,,,-0.0018846184408499722,45294023682.34161
2019-09-18,2019-09-18 16:00:00+00:00,2019-09-18,0,1191.51,12023000.0,10173.4,,0.0,-0.008143063283800211,,,-0.004309575793108422,55016171832.16732
2019-09-19,2019-09-19 16:00:00+00:00,2019-09-19,0,1193.87,11796000.0,9882.0,,0.0,-0.0001545488474825607,,,-0.004116848678255902,67260076898.034134
2019-09-20,2019-09-20 16:00:00+00:00,2019-09-20,0,1188.16,12092000.0,10179.82,,0.0,-0.0002691081104545523,,,-0.0006548545022636576,54581301560.87058
2019-09-21,2019-09-21 16:00:00+00:00,2019-09-20,1,1188.16,11931000.0,10037.09,,0.0,0.0004470311615294431,,,0.00215507229389833,32056062449.4995
2019-09-22,2019-09-22 16:00:00+00:00,2019-09-20,2,1188.16,11860000.0,9990.64,,0.0,-0.0008827632445816969,,,0.0016866386193636895,33207014393.56021
2019-09-23,2019-09-23 16:00:00+00:00,2019-09-23,0,1195.48,11729000.0,9867.01,,0.0,-0.005664138126787677,,,-0.004642343797753523,43993550497.46278
2019-09-24,2019-09-24 16:00:00+00:00,2019-09-24,0,1196.52,11334000.0,9527.31,,0.0,-0.005756067192725367,,,0.003128071683398348,63052322870.35448
2019-09-25,2019-09-25 16:00:00+00:00,2019-09-25,0,1200.17,9919000.0,8299.95,,0.0,-0.004251530895371447,,,0.002521068334464305,167669892784.3604
2019-09-26,2019-09-26 16:00:00+00:00,2019-09-26,0,1201.99,9539000.0,7920.0,,0.0,0.00202097514887134,,,0.0007714376779686116,81404501058.33571
2019-09-27,2019-09-27 16:00:00+00:00,2019-09-27,0,1200.03,9590000.0,7981.71,,0.0,0.001222404722129422,,,0.0019628263971145365,76951414065.88354
2019-09-28,2019-09-28 16:00:00+00:00,2019-09-27,1,1200.03,9692000.0,8069.47,,0.0,0.0008668171574823802,,,0.0035758396819269844,41927074045.22485
2019-09-29,2019-09-29 16:00:00+00:00,2019-09-27,2,1200.03,9600000.0,7965.57,,0.0,0.004297244892691232,,,0.0017792392217046427,31032834253.98481
2019-09-30,2019-09-30 16:00:00+00:00,2019-09-30,0,1195.85,9928000.0,8283.85,,0.0,0.002196390664651826,,,0.0032475927579165287,75286285045.80019
2019-10-01,2019-10-01 16:00:00+00:00,2019-10-01,0,1198.96,10070000.0,8365.5,,0.0,0.0039980578549903,,,0.004495551354956273,64422986267.09037
2019-10-02,2019-10-02 16:00:00+00:00,2019-10-02,0,1205.47,9930000.0,8239.98,,0.0,-0.00030692395607456735,,,-6.51810047075374e-05,42794711927.99824
2019-10-03,2019-10-03 16:00:00+00:00,2019-10-03,0,1204.67,9802000.0,8108.14,,0.0,0.0035184559198164767,,,0.003012176359931118,33894053068.97589
2019-10-04,2019-10-04 16:00:00+00:00,2019-10-04,0,1192.93,9781000.0,8148.0,,0.0,0.006276378592362963,,,0.0049421425958786624,34656572865.93903
2019-10-05,2019-10-05 16:00:00+00:00,2019-10-04,1,1192.93,9671000.0,8082.93,,0.0,0.0029692198116852975,,,0.002684570679604592,23415642697.06567
2019-10-06,2019-10-06 16:00:00+00:00,2019-10-04,2,1192.93,9599000.0,8009.85,,0.0,0.004584904941413059,,,0.007837023892638184,26472863728.406307
2019-10-07,2019-10-07 16:00:00+00:00,2019-10-07,0,1196.49,9749000.0,8176.93,,0.0,-0.003538055799004236,,,-0.005139190729839482,59340333730.5853
2019-10-08,2019-10-08 16:00:00+00:00,2019-10-08,0,1193.24,9740000.0,8185.81,,0.0,-0.00282933604547686,,,-0.0019339257515910147,45102630533.05671
2019-10-09,2019-10-09 16:00:00+00:00,2019-10-09,0,1197.29,10160000.0,8550.0,,0.0,-0.0075052046143778695,,,-0.00660394657808927,44876966288.5948
2019-10-10,2019-10-10 16:00:00+00:00,2019-10-10,0,1190.06,10119000.0,8540.69,,0.0,-0.004420881070992477,,,-0.0017250785464147933,58619916245.65175
2019-10-11,2019-10-11 16:00:00+00:00,2019-10-11,0,1195.61,9870000.0,8343.47,,0.0,-0.010579498177982205,,,-0.006071046970269278,63829707010.88771
2019-10-12,2019-10-12 16:00:00+00:00,2019-10-11,1,1195.61,9936000.0,8372.42,,0.0,-0.00740738980364386,,,-0.005710649532443823,21519196130.71423
2019-10-13,2019-10-13 16:00:00+00:00,2019-10-11,2,1195.61,9946000.0,8403.8,,0.0,-0.010118499626063926,,,-0.008761620030862116,16889314015.51309
2019-10-14,2019-10-14 16:00:00+00:00,2019-10-11,3,1195.61,9769000.0,8251.94,,0.0,-0.009841980506929415,,,-0.01103990471297056,26769592895.29549
2019-10-15,2019-10-15 16:00:00+00:00,2019-10-15,0,1184.67,9843000.0,8316.94,,0.0,-0.0009976129181720195,,,0.005476262549660937,26558705615.48477
2019-10-16,2019-10-16 16:00:00+00:00,2019-10-16,0,1186.38,9460000.0,7953.15,,0.0,0.0026010293032621146,,,0.004615376942970872,33635343594.443222
2019-10-17,2019-10-17 16:00:00+00:00,2019-10-17,0,1179.05,9574000.0,8069.39,,0.0,0.006283831616954227,,,0.0049794615800708986,23216162965.78787
2019-10-18,2019-10-18 16:00:00+00:00,2019-10-18,0,1181.06,9410000.0,7920.01,,0.0,0.005985989676568382,,,0.005125176253097274,26495570325.39122
2019-10-19,2019-10-19 16:00:00+00:00,2019-10-18,1,1181.06,9482000.0,7990.92,,0.0,0.004687981435021582,,,0.005318302070546732,16799402682.637169
2019-10-20,2019-10-20 16:00:00+00:00,2019-10-18,2,1181.06,9510000.0,8026.46,,0.0,0.0031930392209038594,,,-0.00023369933683792254,16022217866.113241
2019-10-21,2019-10-21 16:00:00+00:00,2019-10-21,0,1172.57,9658000.0,8191.25,,0.0,0.005537430233504059,,,0.005319162739411354,37475444789.15933
2019-10-22,2019-10-22 16:00:00+00:00,2019-10-22,0,1170.49,9688000.0,8210.31,,0.0,0.008107549725515861,,,0.008806572450453354,21803704039.35899
2019-10-23,2019-10-23 16:00:00+00:00,2019-10-23,0,1172.07,8785000.0,7425.95,,0.0,0.009337003039792124,,,0.008524200183920083,59700931259.96584
2019-10-24,2019-10-24 16:00:00+00:00,2019-10-24,0,1173.19,8760000.0,7436.82,,0.0,0.004034147794709231,,,0.005385674093058679,35748381204.6807
2019-10-25,2019-10-25 16:00:00+00:00,2019-10-25,0,1171.58,9646000.0,8263.16,,0.0,-0.0036104909119994977,,,-0.007598418575569199,46015401363.13337
2019-10-26,2019-10-26 16:00:00+00:00,2019-10-25,1,1171.58,10663000.0,9196.53,,0.0,-0.010345809214977408,,,-0.0077386582262986,295537478646.62756
2019-10-27,2019-10-27 16:00:00+00:00,2019-10-25,2,1171.58,11087000.0,9526.44,,0.0,-0.006629035408428963,,,-0.017024102638881877,132550059034.78885
2019-10-28,2019-10-28 16:00:00+00:00,2019-10-28,0,1170.17,10892000.0,9376.21,,0.0,-0.007269540912570371,,,-0.003303013873587335,108422403726.13283
2019-10-29,2019-10-29 16:00:00+00:00,2019-10-29,0,1163.03,10867000.0,9340.06,,0.0,0.00038940511555418666,,,-0.004327099792420408,53328220712.31366
2019-10-30,2019-10-30 16:00:00+00:00,2019-10-30,0,1167.76,10620000.0,9093.72,,0.0,6.756885902747811e-05,,,-0.0007965777645950745,57827860048.209305
2019-10-31,2019-10-31 16:00:00+00:00,2019-10-31,0,1169.1,10778000.0,9213.98,,0.0,0.0005510533533854556,,,0.0005083264463114912,52263114341.74701
2019-11-01,2019-11-01 16:00:00+00:00,2019-11-01,0,1165.45,10657000.0,9082.43,,0.0,0.0067908507212293134,,,0.004277368861807407,36936300830.39537
2019-11-02,2019-11-02 16:00:00+00:00,2019-11-01,1,1165.45,10884000.0,9324.36,,0.0,0.0015574234498438866,,,0.00226564277590402,31002494216.50568
2019-11-03,2019-11-03 17:00:00+00:00,2019-11-01,2,1165.45,10728000.0,9164.44,,0.0,0.004428868619754223,,,0.004574966958632354,21802948567.08228
2019-11-04,2019-11-04 17:00:00+00:00,2019-11-04,0,1159.29,10800000.0,9299.01,,0.0,0.001832118770638047,,,-0.004005349555956772,26558713333.31302
2019-11-05,2019-11-05 17:00:00+00:00,2019-11-05,0,1157.64,10795000.0,9337.39,,0.0,-0.0013262756739477188,,,-0.0022343160722727573,44787025742.97116
2019-11-06,2019-11-06 17:00:00+00:00,2019-11-06,0,1156.73,10751000.0,9319.64,,0.0,-0.002718584611576036,,,-0.004791304242875771,25197682460.61835
2019-11-07,2019-11-07 17:00:00+00:00,2019-11-07,0,1154.44,10645000.0,9209.29,,0.0,0.0012629601206490815,,,0.0026739920572322884,32327575155.116768
2019-11-08,2019-11-08 17:00:00+00:00,2019-11-08,0,1157.14,10195000.0,8764.21,,0.0,0.00528348607803264,,,0.0058671711825750705,45265532128.61689
2019-11-09,2019-11-09 17:00:00+00:00,2019-11-08,1,1157.14,10195000.0,8753.87,,0.0,0.006470918750215882,,,0.005324779269957114,23365192712.35287
2019-11-10,2019-11-10 17:00:00+00:00,2019-11-08,2,1157.14,10471000.0,9020.63,,0.0,0.0031488586689112363,,,0.0034481756775346373,23434999453.0626
2019-11-11,2019-11-11 17:00:00+00:00,2019-11-08,3,1157.14,10169000.0,8734.42,,0.0,0.006139662420401093,,,0.006173196359818167,42691812403.91827
2019-11-12,2019-11-12 17:00:00+00:00,2019-11-12,0,1160.8,10157000.0,8716.87,,0.0,0.0038006761601354633,,,0.0016104716755558357,30726577636.44597
2019-11-13,2019-11-13 17:00:00+00:00,2019-11-13,0,1167.76,10195000.0,8764.62,,0.0,-0.0039054966302536354,,,-0.0037630507926237344,20472100770.39577
2019-11-14,2019-11-14 17:00:00+00:00,2019-11-14,0,1169.82,10095000.0,8655.38,,0.0,-0.0029862641931381884,,,-0.00396035226462188,22862261700.689068
2019-11-15,2019-11-15 17:00:00+00:00,2019-11-15,0,1166.98,9913000.0,8476.07,,0.0,0.0021832927895673038,,,0.002797853004019135,39687980640.795334
2019-11-16,2019-11-16 17:00:00+00:00,2019-11-15,1,1166.98,9941000.0,8494.74,,0.0,0.0028051827991499856,,,0.0017307234947259165,19379382527.66606
2019-11-17,2019-11-17 17:00:00+00:00,2019-11-15,2,1166.98,9955000.0,8536.73,,0.0,-0.0007220473718340115,,,0.00018839179272278628,16719142946.6603
2019-11-18,2019-11-18 17:00:00+00:00,2019-11-18,0,1163.76,9813000.0,8415.95,,0.0,0.0019250303246347578,,,0.0054680502057165015,22427369166.1409
2019-11-19,2019-11-19 17:00:00+00:00,2019-11-19,0,1167.13,9442000.0,8093.24,,0.0,-0.0004089833949225685,,,0.0010517993001888382,43341366247.4478
2019-11-20,2019-11-20 17:00:00+00:00,2019-11-20,0,1169.8,9480000.0,8122.67,,0.0,-0.0023047356277379194,,,0.0013668141868168338,25327494070.752888
2019-11-21,2019-11-21 17:00:00+00:00,2019-11-21,0,1175.71,8984000.0,7614.0,,0.0,0.0035907704743516344,,,0.006243280658703831,49678910654.53434
2019-11-22,2019-11-22 17:00:00+00:00,2019-11-22,0,1179.33,8500000.0,7126.17,,0.0,0.011410366926092541,,,0.00925823978743101,89373547431.19568
2019-11-23,2019-11-23 17:00:00+00:00,2019-11-22,1,1179.33,8641000.0,7293.65,,0.0,0.004578177638032699,,,0.005479241635827359,41286995550.78237
2019-11-24,2019-11-24 17:00:00+00:00,2019-11-22,2,1179.33,8332000.0,7013.75,,0.0,0.0073111314712202,,,0.009427894098727574,32484680304.07467
2019-11-25,2019-11-25 17:00:00+00:00,2019-11-25,0,1173.09,8480000.0,7207.03,,0.0,0.00301675946758162,,,-0.00025964368542219507,114200548163.14655
2019-11-26,2019-11-26 17:00:00+00:00,2019-11-26,0,1175.59,8358000.0,7114.75,,0.0,-0.0007208191810715858,,,-0.0003193537000157898,50988180600.059975
2019-11-27,2019-11-27 17:00:00+00:00,2019-11-27,0,1176.89,8696000.0,7475.0,,0.0,-0.011509587467519289,,,-0.015243481248204405,67531513890.04555
2019-11-28,2019-11-28 17:00:00+00:00,2019-11-27,1,1176.89,8841000.0,7599.36,,0.0,-0.01147308316570994,,,-0.006633542486813249,45474379680.43985
2019-11-29,2019-11-29 17:00:00+00:00,2019-11-29,0,1181.33,9090000.0,7742.97,,0.0,-0.006231850110614334,,,-0.011606127755121043,40027578177.35511
2019-11-30,2019-11-30 17:00:00+00:00,2019-11-29,1,1181.33,8865000.0,7592.98,,0.0,-0.011685309302270963,,,-0.008020789853863675,23151699374.52358
2019-12-01,2019-12-01 17:00:00+00:00,2019-11-29,2,1181.33,8616000.0,7324.78,,0.0,-0.0042739434650959085,,,-0.011577042328211551,26818053895.47699
2019-12-02,2019-12-02 17:00:00+00:00,2019-12-02,0,1182.84,8536000.0,7282.66,,0.0,-0.009080513416797942,,,-0.0049798706238669554,15783467826.32521
2019-12-03,2019-12-03 17:00:00+00:00,2019-12-03,0,1190.31,8637000.0,7320.47,,0.0,-0.008794114233662609,,,-0.008477036360320156,14517853510.48584
2019-12-04,2019-12-04 17:00:00+00:00,2019-12-04,0,1194.45,8766000.0,7452.92,,0.0,-0.015292984552462974,,,-0.00910662132429807,37562658172.45635
2019-12-05,2019-12-05 17:00:00+00:00,2019-12-05,0,1189.23,8603000.0,7301.64,,0.0,-0.009250983589424,,,-0.011632855958148114,39175936243.014626
2019-12-06,2019-12-06 17:00:00+00:00,2019-12-06,0,1189.86,8705000.0,7405.06,,0.0,-0.012028700004557025,,,-0.0160367645791194,22930920669.21748
2019-12-07,2019-12-07 17:00:00+00:00,2019-12-06,1,1189.86,8813000.0,7508.56,,0.0,-0.013558693579912018,,,-0.014132733928675312,22397718622.71381
2019-12-08,2019-12-08 17:00:00+00:00,2019-12-06,2,1189.86,8803000.0,7509.98,,0.0,-0.014864302482561875,,,-0.014433726579417216,16939481932.57756
2019-12-09,2019-12-09 17:00:00+00:00,2019-12-09,0,1189.45,8748000.0,7413.04,,0.0,-0.007875349832757506,,,-0.005721807848349636,24499117392.563328
2019-12-10,2019-12-10 17:00:00+00:00,2019-12-10,0,1191.01,8532000.0,7232.52,,0.0,-0.009519806187416213,,,-0.0077883525189229585,27091640885.98175
2019-12-11,2019-12-11 17:00:00+00:00,2019-12-11,0,1192.2,8469000.0,7192.46,,0.0,-0.012344332784410494,,,-0.01230397025883223,18323715085.27618
2019-12-12,2019-12-12 17:00:00+00:00,2019-12-12,0,1186.41,8478000.0,7204.96,,0.0,-0.008193295949673218,,,-0.012046324299644473,19422460728.119877
2019-12-13,2019-12-13 17:00:00+00:00,2019-12-13,0,1171.97,8553000.0,7282.18,,0.0,0.0021680840119517875,,,-0.001965599433919718,18580357679.40965
2019-12-14,2019-12-14 17:00:00+00:00,2019-12-13,1,1171.97,8251000.0,7059.49,,0.0,-0.00272079129080538,,,-0.00022402597605886143,21089523010.05407
2019-12-15,2019-12-15 17:00:00+00:00,2019-12-13,2,1171.97,8297000.0,7098.53,,0.0,-0.002676222746841872,,,-0.0028496423996884346,16046569355.91138
2019-12-16,2019-12-16 17:00:00+00:00,2019-12-16,0,1171.8,8266000.0,7099.71,,0.0,-0.006423530532897792,,,-0.0031845462663520063,13064990873.06591
2019-12-17,2019-12-17 17:00:00+00:00,2019-12-17,0,1165.81,7834000.0,6737.08,,0.0,-0.0025661874762413772,,,0.0025749945798450025,34123444370.33768
2019-12-18,2019-12-18 17:00:00+00:00,2019-12-18,0,1168.02,8040000.0,6874.74,,0.0,0.0012660517557987472,,,-0.004076275642166616,49473516556.97739
2019-12-19,2019-12-19 17:00:00+00:00,2019-12-19,0,1165.04,8310000.0,7136.57,,0.0,-0.0005279416839013562,,,-0.000286362737542456,52777232533.239044
2019-12-20,2019-12-20 17:00:00+00:00,2019-12-20,0,1160.3,8332000.0,7165.3,,0.0,0.0021773674505893847,,,-0.00024450113045859645,20539734675.38028
2019-12-21,2019-12-21 17:00:00+00:00,2019-12-20,1,1160.3,8300000.0,7142.35,,0.0,0.0015362473998603576,,,0.0022800723767042452,9047525478.95232
2019-12-22,2019-12-22 17:00:00+00:00,2019-12-20,2,1160.3,8398000.0,7226.71,,0.0,0.0015322784360964903,,,-0.0017142655922537386,11067218784.65233
2019-12-23,2019-12-23 17:00:00+00:00,2019-12-23,0,1163.64,8735000.0,7523.97,,0.0,-0.0023063400277576473,,,0.0006508214621012698,49022324435.33057
2019-12-24,2019-12-24 17:00:00+00:00,2019-12-24,0,1163.21,8488000.0,7296.04,,0.0,0.00013825092028851849,,,0.003556378485024325,37237838581.71177
2019-12-25,2019-12-25 17:00:00+00:00,2019-12-24,1,1163.21,8335000.0,7146.21,,0.0,0.0027015879590679415,,,-0.0012526299419214348,17657034117.51423
2019-12-26,2019-12-26 17:00:00+00:00,2019-12-26,0,1161.18,8505000.0,7336.71,,0.0,-0.0016716181567590915,,,0.0009783352510839283,18926054222.19581
2019-12-27,2019-12-27 17:00:00+00:00,2019-12-27,0,1160.87,8339000.0,7203.88,,0.0,-0.0028421421114300793,,,-0.004370797215322297,25201498968.89115
2019-12-28,2019-12-28 17:00:00+00:00,2019-12-27,1,1160.87,8448000.0,7322.47,,0.0,-0.006168595404863253,,,-0.007192607190095512,14983129675.7794
2019-12-29,2019-12-29 17:00:00+00:00,2019-12-27,2,1160.87,8528000.0,7405.91,,0.0,-0.008060525030248789,,,-0.010585103442388832,18106069837.14429
2019-12-30,2019-12-30 17:00:00+00:00,2019-12-30,0,1155.75,8365000.0,7257.58,,0.0,-0.0027358401324678594,,,-0.004007909903852358,22713625156.90777
2019-12-31,2019-12-31 17:00:00+00:00,2019-12-31,0,1155.46,8327000.0,7211.49,,0.0,-0.0006706482118316037,,,-0.00021656230620059613,15301621102.291689
2020-01-01,2020-01-01 17:00:00+00:00,2019-12-31,1,1155.46,8346000.0,7245.37,,0.0,-0.0030740604573713526,,,-0.0024391134082624166,9009178555.16263
2020-01-02,2020-01-02 17:00:00+00:00,2020-01-02,0,1157.95,8157000.0,7052.32,,0.0,-0.001130746934672966,,,-0.0035884076158447797,11874533268.585869
2020-01-03,2020-01-03 17:00:00+00:00,2020-01-03,0,1165.15,8517000.0,7386.03,,0.0,-0.010322400632444384,,,-0.009813080024365317,50663062183.7694
2020-01-04,2020-01-04 17:00:00+00:00,2020-01-03,1,1165.15,8425000.0,7307.11,,0.0,-0.010439332558036751,,,-0.010111435851414718,17323440531.90595
2020-01-05,2020-01-05 17:00:00+00:00,2020-01-03,2,1165.15,8579000.0,7461.38,,0.0,-0.013185165205065963,,,-0.014001270884599237,23731194097.07019
2020-01-06,2020-01-06 17:00:00+00:00,2020-01-06,0,1167.49,8635000.0,7529.24,,0.0,-0.017668587917958334,,,-0.021130532583533923,39739506390.543846
2020-01-07,2020-01-07 17:00:00+00:00,2020-01-07,0,1166.21,9095000.0,7912.18,,0.0,-0.014333983059178435,,,-0.010643841459961556,66638995004.98809
2020-01-08,2020-01-08 17:00:00+00:00,2020-01-08,0,1170.61,9234000.0,8115.0,,0.0,-0.027948854761584374,,,-0.03662732801756041,120010437955.57095
2020-01-09,2020-01-09 17:00:00+00:00,2020-01-09,0,1158.63,8930000.0,7818.15,,0.0,-0.01416849997779257,,,-0.012904909689370525,65782348713.785416
2020-01-10,2020-01-10 17:00:00+00:00,2020-01-10,0,1161.18,9060000.0,7952.65,,0.0,-0.018892080574810843,,,-0.029965246962351477,60892503052.530716
2020-01-11,2020-01-11 17:00:00+00:00,2020-01-10,1,1161.18,9224000.0,8169.46,,0.0,-0.02764154117595108,,,-0.027132398162006077,43084480593.358215
2020-01-12,2020-01-12 17:00:00+00:00,2020-01-10,2,1161.18,9180000.0,8101.98,,0.0,-0.02421987633277256,,,-0.03064266340835442,24606934813.40914
2020-01-13,2020-01-13 17:00:00+00:00,2020-01-13,0,1156.25,9148000.0,8109.96,,0.0,-0.02443615211618999,,,-0.021922565448484255,19821213796.5713
2020-01-14,2020-01-14 17:00:00+00:00,2020-01-14,0,1156.28,9538000.0,8677.05,,0.0,-0.049346603232398145,,,-0.046220264426634516,85621286766.21289
2020-01-15,2020-01-15 17:00:00+00:00,2020-01-15,0,1156.84,9726000.0,8778.68,,0.0,-0.042295010555738144,,,-0.0460521106364451,98806468859.68616
2020-01-16,2020-01-16 17:00:00+00:00,2020-01-16,0,1160.86,9765000.0,8660.19,,0.0,-0.028674074809768912,,,-0.0333616967811714,43236627521.98059
2020-01-17,2020-01-17 17:00:00+00:00,2020-01-17,0,1159.08,9985000.0,8875.96,,0.0,-0.029446856179614067,,,-0.03283301377826364,78665123975.4943
2020-01-18,2020-01-18 17:00:00+00:00,2020-01-17,1,1159.08,10031000.0,8883.26,,0.0,-0.0257768510146964,,,-0.02412458061375966,43815429917.85245
2020-01-19,2020-01-19 17:00:00+00:00,2020-01-17,2,1159.08,9847000.0,8644.84,,0.0,-0.017271466177465333,,,-0.01972705712065692,81936234197.94019
2020-01-20,2020-01-20 17:00:00+00:00,2020-01-17,3,1159.08,9877000.0,8668.51,,0.0,-0.016969059864672675,,,-0.016589012108665147,35257601721.04113
2020-01-21,2020-01-21 17:00:00+00:00,2020-01-21,0,1166.56,9858000.0,8644.48,,0.0,-0.022441268687118043,,,-0.022873201577246594,24971137370.32542
2020-01-22,2020-01-22 17:00:00+00:00,2020-01-22,0,1165.68,9930000.0,8686.43,,0.0,-0.01931715319553884,,,-0.01964788905110426,36567241347.090385
2020-01-23,2020-01-23 17:00:00+00:00,2020-01-23,0,1168.38,9677000.0,8354.71,,0.0,-0.008654026214473087,,,-0.0070952542971044474,32268506920.18871
2020-01-24,2020-01-24 17:00:00+00:00,2020-01-24,0,1166.91,9829000.0,8459.1,,0.0,-0.0042557334953600146,,,-0.003508840041852923,30637880765.22973
2020-01-25,2020-01-25 17:00:00+00:00,2020-01-24,1,1166.91,9714000.0,8349.65,,0.0,-0.003006179766279704,,,0.001263142227610592,15112386951.40624
2020-01-26,2020-01-26 17:00:00+00:00,2020-01-24,2,1166.91,9895000.0,8503.0,,0.0,-0.0027449186595771558,,,-0.008647195695833831,16042856794.471321
2020-01-27,2020-01-27 17:00:00+00:00,2020-01-27,0,1176.2,10074000.0,8791.5,,0.0,-0.025778317683942675,,,-0.032937011812403605,38916670476.56922
2020-01-28,2020-01-28 17:00:00+00:00,2020-01-28,0,1176.23,10259000.0,8969.18,,0.0,-0.027566217265296955,,,-0.041376531349213375,72366738478.00406
2020-01-29,2020-01-29 17:00:00+00:00,2020-01-29,0,1176.98,10655000.0,9361.2,,0.0,-0.03294127627269294,,,-0.025367374378675644,61993281825.48285
2020-01-30,2020-01-30 17:00:00+00:00,2020-01-30,0,1191.94,10695000.0,9370.93,,0.0,-0.042489156829518926,,,-0.04940178640381665,51291110103.78435
2020-01-31,2020-01-31 17:00:00+00:00,2020-01-31,0,1191.3,10717000.0,9287.8,,0.0,-0.03141166582756372,,,-0.03240842627971896,43703763608.78722
2020-02-01,2020-02-01 17:00:00+00:00,2020-01-31,1,1191.3,10867000.0,9405.8,,0.0,-0.030176316908514633,,,-0.03219047997845259,33555674327.90222
2020-02-02,2020-02-02 17:00:00+00:00,2020-01-31,2,1191.3,10847000.0,9427.75,,0.0,-0.034215033705545794,,,-0.03163080273383434,34169004066.62298
2020-02-03,2020-02-03 17:00:00+00:00,2020-02-03,0,1194.8,10769000.0,9263.67,,0.0,-0.027035292649780995,,,-0.03173812477015536,36153724594.74286
2020-02-04,2020-02-04 17:00:00+00:00,2020-02-04,0,1184.51,10646000.0,9225.4,,0.0,-0.025767698910471704,,,-0.02377116391555789,50546173942.778854
2020-02-05,2020-02-05 17:00:00+00:00,2020-02-05,0,1187.25,10962000.0,9563.0,,0.0,-0.03449736425575278,,,-0.031361531629442885,50692526739.09632
2020-02-06,2020-02-06 17:00:00+00:00,2020-02-06,0,1179.64,11296000.0,9788.64,,0.0,-0.02174328739323972,,,-0.022853472450498735,71562764506.31633
2020-02-07,2020-02-07 17:00:00+00:00,2020-02-07,0,1186.24,11477000.0,9798.39,,0.0,-0.012581872739759192,,,-0.013008621547709875,49142864818.194786
2020-02-08,2020-02-08 17:00:00+00:00,2020-02-07,1,1186.24,11517000.0,9858.41,,0.0,-0.015173045838520194,,,-0.014474825350319742,47087709760.49562
2020-02-09,2020-02-09 17:00:00+00:00,2020-02-07,2,1186.24,11744000.0,10112.03,,0.0,-0.020949420448755363,,,-0.018386011163783578,60795293962.70979
2020-02-10,2020-02-10 17:00:00+00:00,2020-02-10,0,1186.96,11486000.0,9832.49,,0.0,-0.015832056797021488,,,-0.014856522639112857,59678875232.49371
2020-02-11,2020-02-11 17:00:00+00:00,2020-02-11,0,1181.32,11837000.0,10220.12,,0.0,-0.019566604476800475,,,-0.02134094989365276,63228522347.51656
2020-02-12,2020-02-12 17:00:00+00:00,2020-02-12,0,1178.98,11819000.0,10339.77,,0.0,-0.030465167830335926,,,-0.031351091217240445,78967916715.33331
2020-02-13,2020-02-13 17:00:00+00:00,2020-02-13,0,1182.02,11719000.0,10162.74,,0.0,-0.024437912278275964,,,-0.024697027650747883,113279965836.10886
2020-02-14,2020-02-14 17:00:00+00:00,2020-02-14,0,1183.2,11846000.0,10285.0,,0.0,-0.026559813404516297,,,-0.03222749851299822,50816838644.34174
2020-02-15,2020-02-15 17:00:00+00:00,2020-02-14,1,1183.2,11580000.0,9903.95,,0.0,-0.011806576610534858,,,-0.01845377755877331,54509126450.58461
2020-02-16,2020-02-16 17:00:00+00:00,2020-02-14,2,1183.2,11428000.0,9734.99,,0.0,-0.007851772174087945,,,-0.006401323940655401,59625907484.04553
2020-02-17,2020-02-17 17:00:00+00:00,2020-02-14,3,1183.2,11341000.0,9671.73,,0.0,-0.008964925133531643,,,-0.0040176454844783605,72265771239.79308
2020-02-18,2020-02-18 17:00:00+00:00,2020-02-18,0,1190.6,11616000.0,9918.91,,0.0,-0.016381302807919718,,,-0.02182296003897244,52512529768.54969
2020-02-19,2020-02-19 17:00:00+00:00,2020-02-19,0,1191.1,11914000.0,,,,,,,-0.001064417188559541,54436434704.27272
2020-02-20,2020-02-20 17:00:00+00:00,2020-02-20,0,1198.34,11527000.0,9631.35,,0.0,-0.0012677547726333005,,,0.0017588221560358441,95477975159.1158
2020-02-21,2020-02-21 17:00:00+00:00,2020-02-21,0,1207.91,11570000.0,9724.22,,0.0,-0.014982363459030701,,,-0.016340608793772082,51439480203.57222
2020-02-22,2020-02-22 17:00:00+00:00,2020-02-21,1,1207.91,11484000.0,9642.87,,0.0,-0.014055893713654788,,,-0.013842770574424512,24531817748.736313
2020-02-23,2020-02-23 17:00:00+00:00,2020-02-21,2,1207.91,11682000.0,9868.8,,0.0,-0.020017596719058783,,,-0.02076913618794629,35792551157.97891
2020-02-24,2020-02-24 17:00:00+00:00,2020-02-24,0,1218.5,11623000.0,9650.0,,0.0,-0.01152568030428991,,,-0.011303286439052096,35241899538.09684
2020-02-25,2020-02-25 17:00:00+00:00,2020-02-25,0,1214.45,11331000.0,9308.85,,0.0,0.002288086108217291,,,0.0014476453395857458,43254145433.08641
2020-02-26,2020-02-26 17:00:00+00:00,2020-02-26,0,1213.61,10795000.0,8750.16,,0.0,0.016547100617046118,,,0.007422034586056725,75458954814.66518
2020-02-27,2020-02-27 17:00:00+00:00,2020-02-27,0,1217.03,10803000.0,8931.23,,0.0,-0.006124880488677653,,,-0.0036422854382914815,73454481719.89195
2020-02-28,2020-02-28 17:00:00+00:00,2020-02-28,0,1214.92,10477000.0,8638.32,,0.0,-0.001702521161027426,,,0.0013075972041018957,56542092304.79258
2020-02-29,2020-02-29 17:00:00+00:00,2020-02-28,1,1214.92,10451000.0,8604.29,,0.0,-0.00024145032798117416,,,0.0017860780444365343,26990377676.77959
2020-03-01,2020-03-01 17:00:00+00:00,2020-02-28,2,1214.92,10369000.0,8522.3,,0.0,0.0014571577348421183,,,0.0008150410789113938,32124514049.23091
2020-03-02,2020-03-02 17:00:00+00:00,2020-03-02,0,1190.89,10595000.0,8858.58,,0.0,0.00430401988483986,,,0.005456292132137053,29503086579.556107
2020-03-03,2020-03-03 17:00:00+00:00,2020-03-03,0,1194.66,10453000.0,8698.95,,0.0,0.005842062430903461,,,0.003506326189907538,32948599402.401752
2020-03-04,2020-03-04 17:00:00+00:00,2020-03-04,0,1187.54,10456000.0,8715.5,,0.0,0.010241070543573594,,,0.010680499716056335,25046387917.053787
2020-03-05,2020-03-05 17:00:00+00:00,2020-03-05,0,1181.11,10789000.0,9083.37,,0.0,0.005643015320842215,,,0.00901643332045543,36364974222.90806
2020-03-06,2020-03-06 17:00:00+00:00,2020-03-06,0,1192.0,10802000.0,9051.45,,0.0,0.0011744567900999758,,,-0.0041525149757086766,27612797327.77687
2020-03-07,2020-03-07 17:00:00+00:00,2020-03-06,1,1192.0,10811000.0,9038.91,,0.0,0.003398736405520131,,,0.008033804744996154,19385489345.28202
2020-03-08,2020-03-08 16:00:00+00:00,2020-03-06,2,1192.0,10259000.0,8400.83,,0.0,0.024487297583819068,,,0.03136003706179147,41309106673.71496
2020-03-09,2020-03-09 16:00:00+00:00,2020-03-09,0,1203.75,9493000.0,7765.32,,0.0,0.015565230116859174,,,0.018900786370545708,86050213486.15074
2020-03-10,2020-03-10 16:00:00+00:00,2020-03-10,0,1193.1,9433000.0,7767.28,,0.0,0.017897452758596888,,,0.01645614944640128,46232024503.56339
2020-03-11,2020-03-11 16:00:00+00:00,2020-03-11,0,1194.16,9330000.0,7778.76,,0.0,0.004404735517168579,,,0.0036847787254170594,34771546173.49781
2020-03-12,2020-03-12 16:00:00+00:00,2020-03-12,0,1206.19,7800000.0,6132.13,,0.0,0.054550849439305216,,,0.09901839676999469,191124230402.26523
2020-03-13,2020-03-13 16:00:00+00:00,2020-03-13,0,1211.7,6748000.0,5212.37,,0.0,0.06842669260735734,,,0.07506526409512992,348707098281.4441
2020-03-14,2020-03-14 16:00:00+00:00,2020-03-13,1,1211.7,6812000.0,5311.38,,0.0,0.05845441187110656,,,0.08872127329974933,120606721922.98103
2020-03-15,2020-03-15 16:00:00+00:00,2020-03-13,2,1211.7,6811000.0,5324.48,,0.0,0.05569526176017181,,,0.06353056394500123,60229731304.10927
2020-03-16,2020-03-16 16:00:00+00:00,2020-03-16,0,1225.33,6624000.0,5151.39,,0.0,0.04940426914421492,,,0.0361646939943141,132527661241.70486
2020-03-17,2020-03-17 16:00:00+00:00,2020-03-17,0,1240.98,6721000.0,5362.99,,0.0,0.009862221871818955,,,0.027472062763411742,98418329720.64424
2020-03-18,2020-03-18 16:00:00+00:00,2020-03-18,0,1245.19,6679000.0,5328.89,,0.0,0.0065585997341952584,,,0.004413840018374415,93220673803.73312
2020-03-19,2020-03-19 16:00:00+00:00,2020-03-19,0,1250.86,7340000.0,5895.1,,0.0,-0.0046033414929342875,,,-0.003796204342219278,123685724600.4883
2020-03-20,2020-03-20 16:00:00+00:00,2020-03-20,0,1250.55,8203000.0,6614.66,,0.0,-0.008336964572347672,,,0.0022070712058031017,197044808394.38895
2020-03-21,2020-03-21 16:00:00+00:00,2020-03-20,1,1250.55,7795000.0,6212.08,,0.0,0.00340906214321568,,,0.0003712179842141339,126872604578.41914
2020-03-22,2020-03-22 16:00:00+00:00,2020-03-20,2,1250.55,7642000.0,6076.14,,0.0,0.005722580301376734,,,0.012726253500028317,65585837426.18653
2020-03-23,2020-03-23 16:00:00+00:00,2020-03-23,0,1267.25,7759000.0,6231.74,,0.0,-0.01749645391911503,,,-0.018143492678630135,122285032879.34734
2020-03-24,2020-03-24 16:00:00+00:00,2020-03-24,0,1249.88,8194000.0,6587.52,,0.0,-0.0048107087920002956,,,-0.007483980462622664,136918914527.7376
2020-03-25,2020-03-25 16:00:00+00:00,2020-03-25,0,1228.15,8255000.0,6617.27,,0.0,0.015749950428156856,,,0.00854960652469594,109817675300.96909
2020-03-26,2020-03-26 16:00:00+00:00,2020-03-26,0,1233.47,8172000.0,6617.04,,0.0,0.0012349631941925843,,,-0.004612504264172923,49324303370.11817
2020-03-27,2020-03-27 16:00:00+00:00,2020-03-27,0,1210.49,8153000.0,6622.86,,0.0,0.016975900923799525,,,0.02369050231976022,52792716482.35691
2020-03-28,2020-03-28 16:00:00+00:00,2020-03-27,1,1210.49,7612000.0,6215.0,,0.0,0.01180411326152786,,,0.014119997189973699,63491403516.13697
2020-03-29,2020-03-29 16:00:00+00:00,2020-03-27,2,1210.49,7521000.0,6129.79,,0.0,0.013605098313623776,,,0.013849468055344705,27088869107.09151
2020-03-30,2020-03-30 16:00:00+00:00,2020-03-30,0,1224.11,7746000.0,6343.58,,0.0,-0.0024776715863397136,,,-0.0037591549804451008,67088623631.82231
2020-03-31,2020-03-31 16:00:00+00:00,2020-03-31,0,1218.92,7830000.0,6454.12,,0.0,-0.00471026908078831,,,-0.0018958124292297596,63616431882.456955
2020-04-01,2020-04-01 16:00:00+00:00,2020-04-01,0,1229.65,7616000.0,6230.09,,0.0,-0.005851868206703581,,,-0.011564787233680596,37632851431.06962
2020-04-02,2020-04-02 16:00:00+00:00,2020-04-02,0,1229.89,8211000.0,6805.0,,0.0,-0.01892625786280111,,,-0.021778807170292347,76832390557.39792
2020-04-03,2020-04-03 16:00:00+00:00,2020-04-03,0,1230.56,8128000.0,6711.9,,0.0,-0.0159086293168772,,,-0.015773935782712245,98031630901.00272
2020-04-04,2020-04-04 16:00:00+00:00,2020-04-03,1,1230.56,8155000.0,6730.01,,0.0,-0.015296544745527552,,,-0.022391444809637173,34299160519.012978
2020-04-05,2020-04-05 16:00:00+00:00,2020-04-03,2,1230.56,8169000.0,6784.74,,0.0,-0.02156294346195342,,,-0.016355537713904966,25095551705.42828
2020-04-06,2020-04-06 16:00:00+00:00,2020-04-06,0,1224.6,8535000.0,7143.0,,0.0,-0.024272331799811697,,,-0.021188881096946277,59098596447.09788
2020-04-07,2020-04-07 16:00:00+00:00,2020-04-07,0,1220.43,8783000.0,7318.04,,0.0,-0.016588621287707994,,,-0.014096961643656702,83273317007.23305
2020-04-08,2020-04-08 16:00:00+00:00,2020-04-08,0,1220.77,8759000.0,7276.83,,0.0,-0.013996516902181844,,,-0.0184088441735879,49519293639.68882
2020-04-09,2020-04-09 16:00:00+00:00,2020-04-09,0,1219.71,8780000.0,7282.68,,0.0,-0.011568211940877982,,,-0.008983375846898567,38763273559.29782
2020-04-10,2020-04-10 16:00:00+00:00,2020-04-10,0,1211.71,8276000.0,6766.43,,0.0,0.009397434584486497,,,0.012390539620744212,52774887310.521965
2020-04-11,2020-04-11 16:00:00+00:00,2020-04-10,1,1211.71,8398000.0,6831.28,,0.0,0.014553823060364124,,,0.015634302265852273,25633114605.26208
2020-04-12,2020-04-12 16:00:00+00:00,2020-04-10,2,1211.71,8578000.0,7018.99,,0.0,0.008585513886977036,,,0.012504928261795945,25496747064.73011
2020-04-13,2020-04-13 16:00:00+00:00,2020-04-13,0,1217.72,8290000.0,6765.65,,0.0,0.006230702129196075,,,0.0062858620714572044,53488664844.93126
2020-04-14,2020-04-14 16:00:00+00:00,2020-04-14,0,1216.85,8402000.0,6906.38,,0.0,-0.00024137269397339622,,,0.002371618068017556,30840097137.24661
2020-04-15,2020-04-15 16:00:00+00:00,2020-04-15,0,1224.55,8215000.0,6701.9,,0.0,0.00099775105780453,,,-4.864554530303877e-06,23795786602.68603
2020-04-16,2020-04-16 16:00:00+00:00,2020-04-16,0,1228.21,8487000.0,7045.51,,0.0,-0.019225563813184965,,,-0.018420238154189472,63035356059.35544
2020-04-17,2020-04-17 16:00:00+00:00,2020-04-17,0,1217.81,8515000.0,7037.94,,0.0,-0.0065190216635302445,,,-0.004582806056649957,39929571580.73004
2020-04-18,2020-04-18 16:00:00+00:00,2020-04-17,1,1217.81,8711000.0,7243.37,,0.0,-0.012475662128123899,,,-0.013074895929308439,27241834566.8629
2020-04-19,2020-04-19 16:00:00+00:00,2020-04-17,2,1217.81,8620000.0,7097.33,,0.0,-0.0026841272657716075,,,-0.001350181404602302,25738549799.95058
2020-04-20,2020-04-20 16:00:00+00:00,2020-04-20,0,1217.29,8570000.0,7071.4,,0.0,-0.004408079765564343,,,0.009237781846486381,30932818033.34338
2020-04-21,2020-04-21 16:00:00+00:00,2020-04-21,0,1229.28,8382000.0,6830.8,,0.0,-0.001782289497621381,,,-0.0003518820352929053,37126416469.26076
2020-04-22,2020-04-22 16:00:00+00:00,2020-04-22,0,1234.79,8633000.0,7112.2,,0.0,-0.01697474281585476,,,-0.01841903498503783,26432689722.160164
2020-04-23,2020-04-23 16:00:00+00:00,2020-04-23,0,1229.04,9060000.0,7530.1,,0.0,-0.021047913309687583,,,-0.01513203956479603,56126475759.316605
2020-04-24,2020-04-24 16:00:00+00:00,2020-04-24,0,1233.88,9128000.0,7503.12,,0.0,-0.014036553419748632,,,-0.01730720706678368,57213217242.34242
2020-04-25,2020-04-25 16:00:00+00:00,2020-04-24,1,1233.88,9157000.0,7528.84,,0.0,-0.014283056721850262,,,-0.014815834581481724,29809345796.771008
2020-04-26,2020-04-26 16:00:00+00:00,2020-04-24,2,1233.88,9208000.0,7545.01,,0.0,-0.01091739016979354,,,-0.012258511127689942,31762520856.54401
2020-04-27,2020-04-27 16:00:00+00:00,2020-04-27,0,1224.16,9378000.0,7675.58,,0.0,-0.0019303689212836206,,,-0.0028767184452894723,44198108584.14643
2020-04-28,2020-04-28 16:00:00+00:00,2020-04-28,0,1224.83,9383000.0,7716.91,,0.0,-0.007289841655065965,,,-0.007272428212735771,36924300368.62592
2020-04-29,2020-04-29 16:00:00+00:00,2020-04-29,0,1219.2,10054000.0,8357.06,,0.0,-0.01324256663043144,,,-0.01614829936743145,69418502415.21277
2020-04-30,2020-04-30 16:00:00+00:00,2020-04-30,0,1203.95,10647000.0,8776.95,,0.0,0.007569885467076709,,,0.009534643746623273,216169741596.93546
2020-05-01,2020-05-01 16:00:00+00:00,2020-05-01,0,1223.2,10636000.0,8726.84,,0.0,-0.003622658640277554,,,-0.0022355436394687622,92596453987.68498
2020-05-02,2020-05-02 16:00:00+00:00,2020-05-01,1,1223.2,10846000.0,8936.41,,0.0,-0.007777566738752517,,,-0.008438709606592987,44898645156.910805
2020-05-03,2020-05-03 16:00:00+00:00,2020-05-01,2,1223.2,10793000.0,8813.0,,0.0,0.001200215776132607,,,0.0007044076623190509,63007038921.37146
2020-05-04,2020-05-04 16:00:00+00:00,2020-05-04,0,1228.81,10802000.0,8848.0,,0.0,-0.006485243452798328,,,-0.004765491724400439,62798971297.38343
2020-05-05,2020-05-05 16:00:00+00:00,2020-05-05,0,1220.13,10806000.0,8842.34,,0.0,0.001593846297990975,,,-0.0032527317185969684,59743836352.62631
2020-05-06,2020-05-06 16:00:00+00:00,2020-05-06,0,1222.03,11251000.0,9273.39,,0.0,-0.007179508600836604,,,0.00859913529004297,70478488541.99928
2020-05-07,2020-05-07 16:00:00+00:00,2020-05-07,0,1224.76,11573000.0,9515.51,,0.0,-0.006968810892784227,,,-0.019045404673377342,90857744859.39442
2020-05-08,2020-05-08 16:00:00+00:00,2020-05-08,0,1216.47,12046000.0,9941.21,,0.0,-0.0039016796369363282,,,-0.003390382263385394,119283809205.093
2020-05-09,2020-05-09 16:00:00+00:00,2020-05-08,1,1216.47,11688000.0,9688.62,,0.0,-0.008307845988444584,,,-0.004687355357320899,79990508923.43909
2020-05-10,2020-05-10 16:00:00+00:00,2020-05-08,2,1216.47,10573000.0,8650.96,,0.0,0.004691030876899038,,,0.005655644693608242,144276637640.59576
2020-05-11,2020-05-11 16:00:00+00:00,2020-05-11,0,1220.2,10796000.0,8882.96,,0.0,-0.003966033805456237,,,0.00011805528303088231,132360465041.14293
2020-05-12,2020-05-12 16:00:00+00:00,2020-05-12,0,1222.0,10764000.0,8867.72,,0.0,-0.00667695435829363,,,-0.008339107433754878,92103851906.07635
2020-05-13,2020-05-13 16:00:00+00:00,2020-05-13,0,1223.86,11052000.0,9136.85,,0.0,-0.011645735816742886,,,-0.01100338328034578,57579839178.14618
2020-05-14,2020-05-14 16:00:00+00:00,2020-05-14,0,1227.76,11756000.0,9748.98,,0.0,-0.017829427355123495,,,-0.020478892120444403,119143384225.22696
2020-05-15,2020-05-15 16:00:00+00:00,2020-05-15,0,1230.71,11478000.0,9475.53,,0.0,-0.015746472299250303,,,-0.013240341636657438,90970621959.378
2020-05-16,2020-05-16 16:00:00+00:00,2020-05-15,1,1230.71,11318000.0,9380.75,,0.0,-0.019660733653152462,,,-0.019108783085094116,63307286218.97512
2020-05-17,2020-05-17 16:00:00+00:00,2020-05-15,2,1230.71,11747000.0,9822.32,,0.0,-0.028244157372105838,,,-0.024705286040146657,54719853491.979744
2020-05-18,2020-05-18 16:00:00+00:00,2020-05-18,0,1232.32,11626000.0,9670.96,,0.0,-0.02447762576869017,,,-0.024202497262476252,79868055448.77814
2020-05-19,2020-05-19 16:00:00+00:00,2020-05-19,0,1225.19,11647000.0,9687.06,,0.0,-0.018661940928402565,,,-0.020863661262661037,77927582140.49866
2020-05-20,2020-05-20 16:00:00+00:00,2020-05-20,0,1230.02,11418000.0,9414.5,,0.0,-0.013991620391637372,,,-0.01429571477293723,50735921076.87981
2020-05-21,2020-05-21 16:00:00+00:00,2020-05-21,0,1230.53,11033000.0,9084.38,,0.0,-0.01302507413885512,,,-0.006294859457982693,80518653591.13359
2020-05-22,2020-05-22 16:00:00+00:00,2020-05-22,0,1236.53,11165000.0,9222.69,,0.0,-0.02096896524410341,,,-0.019576725423479657,59667229430.53015
2020-05-23,2020-05-23 16:00:00+00:00,2020-05-22,1,1236.53,11128000.0,9198.78,,0.0,-0.021677082213780396,,,-0.018527656025877692,28047548445.389137
2020-05-24,2020-05-24 16:00:00+00:00,2020-05-22,2,1236.53,10999000.0,9055.74,,0.0,-0.01774420509856811,,,-0.011032406492496594,26379383335.77638
2020-05-25,2020-05-25 16:00:00+00:00,2020-05-22,3,1236.53,10673000.0,8782.44,,0.0,-0.017196576719610057,,,-0.016405339943841524,54749411761.88952
2020-05-26,2020-05-26 16:00:00+00:00,2020-05-26,0,1234.24,10637000.0,8726.6,,0.0,-0.012415028809278805,,,-0.016782962527260414,36418921524.72846
2020-05-27,2020-05-27 16:00:00+00:00,2020-05-27,0,1238.03,11078000.0,9148.0,,0.0,-0.021853205076243776,,,-0.020352480605147605,44130577323.66854
2020-05-28,2020-05-28 16:00:00+00:00,2020-05-28,0,1239.28,11463000.0,9499.81,,0.0,-0.026325195224961462,,,-0.02428616199401845,48921953625.931526
2020-05-29,2020-05-29 16:00:00+00:00,2020-05-29,0,1236.61,11355000.0,9412.0,,0.0,-0.024398485346815657,,,-0.022269492137863445,40706105865.81106
2020-05-30,2020-05-30 16:00:00+00:00,2020-05-29,1,1236.61,11462000.0,9540.6,,0.0,-0.02847951577360419,,,-0.0342968082803593,27622659947.39952
2020-05-31,2020-05-31 16:00:00+00:00,2020-05-29,2,1236.61,11424000.0,9480.0,,0.0,-0.025510637032499672,,,-0.021553315044531063,34673154662.292076
2020-06-01,2020-06-01 16:00:00+00:00,2020-06-01,0,1224.79,11495000.0,9546.98,,0.0,-0.016937044495982545,,,-0.030559241787316727,35071135359.82565
2020-06-02,2020-06-02 16:00:00+00:00,2020-06-02,0,1225.07,11473000.0,9468.81,,0.0,-0.010944444695691002,,,-0.012029337209633839,129551938044.49063
2020-06-03,2020-06-03 16:00:00+00:00,2020-06-03,0,1216.08,11512000.0,9559.29,,0.0,-0.009708621847577925,,,-0.009095861889148793,44709537438.16489
2020-06-04,2020-06-04 16:00:00+00:00,2020-06-04,0,1218.77,11802000.0,9829.39,,0.0,-0.014838825356783825,,,-0.012288778491505892,45146498668.70991
2020-06-05,2020-06-05 16:00:00+00:00,2020-06-05,0,1202.79,11677000.0,9711.75,,0.0,-0.00035919118026295216,,,0.0021400328909759736,37051374173.10877
2020-06-06,2020-06-06 16:00:00+00:00,2020-06-05,1,1202.79,11604000.0,9651.67,,0.0,-0.0004248589992877916,,,0.0012446554796043952,18235533009.267998
2020-06-07,2020-06-07 16:00:00+00:00,2020-06-05,2,1202.79,11469000.0,9500.03,,0.0,0.003715815310073811,,,-0.003120386054484725,23967427876.32107
2020-06-08,2020-06-08 16:00:00+00:00,2020-06-08,0,1197.84,11613000.0,9705.51,,0.0,-0.0010879478109904195,,,-0.0023284287602941545,25874808991.05882
2020-06-09,2020-06-09 16:00:00+00:00,2020-06-09,0,1197.04,11631000.0,9719.89,,0.0,-0.00035213505790032684,,,-0.0008539593156974279,28727868188.49722
2020-06-10,2020-06-10 16:00:00+00:00,2020-06-10,0,1189.9,11633000.0,9758.33,,0.0,0.0018570598322145138,,,-0.0021391901480012354,18484495358.24223
2020-06-11,2020-06-11 16:00:00+00:00,2020-06-11,0,1196.34,11422000.0,9521.11,,0.0,0.002766806095312324,,,-0.001127108355599149,41839541845.30666
2020-06-12,2020-06-12 16:00:00+00:00,2020-06-12,0,1204.52,11327000.0,9417.81,,0.0,-0.0014933524376479212,,,-0.0018365494916429137,49627280056.86612
2020-06-13,2020-06-13 16:00:00+00:00,2020-06-12,1,1204.52,11360000.0,9437.42,,0.0,-0.0006651504494185057,,,-0.002000511952915063,14525163446.60616
2020-06-14,2020-06-14 16:00:00+00:00,2020-06-12,2,1204.52,11333000.0,9419.36,,0.0,-0.0011288317020955452,,,-0.0005995240472803642,14193373195.10898
2020-06-15,2020-06-15 16:00:00+00:00,2020-06-15,0,1212.21,11206000.0,9298.0,,0.0,-0.005778354806063257,,,-0.007029011474843028,45465268249.4964
2020-06-16,2020-06-16 16:00:00+00:00,2020-06-16,0,1207.26,11363000.0,9452.62,,0.0,-0.004273659660981588,,,-0.004075159869949774,42724715933.76111
2020-06-17,2020-06-17 16:00:00+00:00,2020-06-17,0,1215.02,11382000.0,9399.24,,0.0,-0.003350586539906275,,,-0.005507179233377735,25919351017.0386
2020-06-18,2020-06-18 16:00:00+00:00,2020-06-18,0,1211.65,11334000.0,9385.99,,0.0,-0.0033884076183182676,,,-0.002807949666867704,29242224910.224457
2020-06-19,2020-06-19 16:00:00+00:00,2020-06-19,0,1208.38,11326000.0,9383.32,,0.0,-0.0011126773632188502,,,0.0031736296951769827,29240456230.83739
2020-06-20,2020-06-20 16:00:00+00:00,2020-06-19,1,1208.38,11220000.0,9259.78,,0.0,0.002740739212917731,,,0.0013999260598656083,15122395043.981
2020-06-21,2020-06-21 16:00:00+00:00,2020-06-19,2,1208.38,11310000.0,9373.33,,0.0,-0.0014606842706628154,,,0.0005771702531496281,10475870527.800169
2020-06-22,2020-06-22 16:00:00+00:00,2020-06-22,0,1210.73,11409000.0,9492.26,,0.0,-0.007271132026326788,,,-0.011406006906863442,22054546149.17788
2020-06-23,2020-06-23 16:00:00+00:00,2020-06-23,0,1206.43,11570000.0,9691.99,,0.0,-0.010494361185818257,,,-0.008849311191359344,34103168860.16529
2020-06-24,2020-06-24 16:00:00+00:00,2020-06-24,0,1199.55,11155000.0,9249.93,,0.0,0.005339562412935983,,,0.007298987326866957,35645180645.46624
2020-06-25,2020-06-25 16:00:00+00:00,2020-06-25,0,1203.59,11088000.0,9236.77,,0.0,-0.0026340969870585207,,,0.0012940677912269827,32085593648.456932
2020-06-26,2020-06-26 16:00:00+00:00,2020-06-26,0,1203.44,11002000.0,9152.01,,0.0,-0.0010799916371498908,,,0.001707755058728555,23365775034.13704
2020-06-27,2020-06-27 16:00:00+00:00,2020-06-26,1,1203.44,10985000.0,9130.76,,0.0,-0.000302304069366377,,,0.00623293857504903,12779353317.90462
2020-06-28,2020-06-28 16:00:00+00:00,2020-06-26,2,1203.44,11023000.0,9159.42,,0.0,1.7018814537639315e-05,,,-8.93488073262505e-05,27211665017.3233
2020-06-29,2020-06-29 16:00:00+00:00,2020-06-29,0,1200.91,10940000.0,9124.75,,0.0,-0.001642956443939303,,,-0.006108756107528701,20170273210.10212
2020-06-30,2020-06-30 16:00:00+00:00,2020-06-30,0,1200.5,10978000.0,9169.57,,0.0,-0.0027315222667370076,,,-0.006182693513840931,17594151429.09444
2020-07-01,2020-07-01 16:00:00+00:00,2020-07-01,0,1201.84,11070000.0,9263.94,,0.0,-0.005727945583148264,,,-0.004000480603340573,18716027606.81067
2020-07-02,2020-07-02 16:00:00+00:00,2020-07-02,0,1199.84,10857000.0,9048.92,,0.0,-2.3594616901490006e-05,,,-0.001320274555955847,22578409359.83752
2020-07-03,2020-07-03 16:00:00+00:00,2020-07-02,1,1199.84,10884000.0,9100.39,,0.0,-0.003206511523211497,,,-0.0028948600488390985,19138949039.360718
2020-07-04,2020-07-04 16:00:00+00:00,2020-07-02,2,1199.84,10830000.0,9066.01,,0.0,-0.004390741483941363,,,-0.0070330892369644404,11078569768.44087
2020-07-05,2020-07-05 16:00:00+00:00,2020-07-02,3,1199.84,10799000.0,9028.0,,0.0,-0.00306084231700543,,,-0.004672085807297721,13380092345.53373
2020-07-06,2020-07-06 16:00:00+00:00,2020-07-06,0,1192.66,11050000.0,9305.02,,0.0,-0.0043004446894451265,,,-0.007129427341294403,26289394394.94492
2020-07-07,2020-07-07 16:00:00+00:00,2020-07-07,0,1194.43,11001000.0,9275.66,,0.0,-0.007051690697780777,,,-0.006267742623643491,25032346311.25196
2020-07-08,2020-07-08 16:00:00+00:00,2020-07-08,0,1194.63,11140000.0,9411.72,,0.0,-0.009207351024622112,,,-0.011940488753942713,33268564622.55468
2020-07-09,2020-07-09 16:00:00+00:00,2020-07-09,0,1197.84,10939000.0,9208.58,,0.0,-0.008286682431738579,,,-0.008859226148133614,30925567404.08776
2020-07-10,2020-07-10 16:00:00+00:00,2020-07-10,0,1204.34,10990000.0,9245.92,,0.0,-0.013042503472191491,,,-0.012812024271036893,22150379491.882668
2020-07-11,2020-07-11 16:00:00+00:00,2020-07-10,1,1204.34,10944000.0,9226.65,,0.0,-0.015120887619211376,,,-0.014739051506401424,13888241919.61425
2020-07-12,2020-07-12 16:00:00+00:00,2020-07-10,2,1204.34,10955000.0,9215.69,,0.0,-0.012958498429574639,,,-0.014965977765221239,13092655872.453981
2020-07-13,2020-07-13 16:00:00+00:00,2020-07-13,0,1200.13,11027000.0,9290.38,,0.0,-0.011001564904286942,,,-0.008325159026285278,24452072146.57558
2020-07-14,2020-07-14 16:00:00+00:00,2020-07-14,0,1205.24,10991000.0,9219.21,,0.0,-0.010832216150534535,,,-0.013044720951488897,30787324928.26556
2020-07-15,2020-07-15 16:00:00+00:00,2020-07-15,0,1201.97,10991000.0,9204.98,,0.0,-0.00660783486891614,,,-0.007258031239832596,18917534652.68101
2020-07-16,2020-07-16 16:00:00+00:00,2020-07-16,0,1202.97,10907000.0,9125.26,,0.0,-0.006414445338182584,,,-0.00487742469447483,22785838957.64712
2020-07-17,2020-07-17 16:00:00+00:00,2020-07-17,0,1203.86,10924000.0,9148.37,,0.0,-0.008113485340347615,,,-0.007578560509079013,18704731708.26368
2020-07-18,2020-07-18 16:00:00+00:00,2020-07-17,1,1203.86,10924000.0,9169.57,,0.0,-0.01040672200365722,,,-0.012204396371996107,10684077938.44253
2020-07-19,2020-07-19 16:00:00+00:00,2020-07-17,2,1203.86,10890000.0,9119.89,,0.0,-0.008112779052264818,,,-0.012928953099521578,9128723331.16563
2020-07-20,2020-07-20 16:00:00+00:00,2020-07-20,0,1202.26,10938000.0,9173.75,,0.0,-0.008271896847982685,,,-0.005778231945286927,18156738513.982918
2020-07-21,2020-07-21 16:00:00+00:00,2020-07-21,0,1194.64,11104000.0,9338.0,,0.0,-0.00462086833576647,,,-0.008439328610641339,35542654996.11146
2020-07-22,2020-07-22 16:00:00+00:00,2020-07-22,0,1194.83,11119000.0,9338.14,,0.0,-0.0034496841882942775,,,-0.009108142958604959,21228102989.17989
2020-07-23,2020-07-23 16:00:00+00:00,2020-07-23,0,1198.91,11263000.0,9524.99,,0.0,-0.013713762469472313,,,-0.015847233775450387,36951753631.70812
2020-07-24,2020-07-24 16:00:00+00:00,2020-07-24,0,1203.17,11350000.0,9551.68,,0.0,-0.0123817590619959,,,-0.011293081357872548,25733732836.212723
2020-07-25,2020-07-25 16:00:00+00:00,2020-07-24,1,1203.17,11375000.0,9593.19,,0.0,-0.01448925297902215,,,-0.01664382643752227,15875967025.292011
2020-07-26,2020-07-26 16:00:00+00:00,2020-07-24,2,1203.17,11804000.0,9961.83,,0.0,-0.01516589466123952,,,-0.0196103850631395,52721357583.3762
2020-07-27,2020-07-27 16:00:00+00:00,2020-07-27,0,1195.94,12219000.0,10299.9,,0.0,-0.008042044498146605,,,-0.020860193208052435,79061711040.69954
2020-07-28,2020-07-28 16:00:00+00:00,2020-07-28,0,1198.15,13126000.0,11150.26,,0.0,-0.01749173248915603,,,-0.02260193989246051,138936057837.0001
2020-07-29,2020-07-29 16:00:00+00:00,2020-07-29,0,1192.98,13209000.0,11162.01,,0.0,-0.0080395201351946,,,-0.008964198181142913,73869240537.59245
2020-07-30,2020-07-30 16:00:00+00:00,2020-07-30,0,1196.3,13058000.0,11010.73,,0.0,-0.008664980107187636,,,-0.013590687188669737,68518870037.80094
2020-07-31,2020-07-31 16:00:00+00:00,2020-07-31,0,1192.68,13457000.0,11346.9,,0.0,-0.005632117714969076,,,-0.007661218775220857,54420991929.88988
2020-08-01,2020-08-01 16:00:00+00:00,2020-07-31,1,1192.68,13769000.0,11632.89,,0.0,-0.007590662554423089,,,-0.01087170332518117,73324120586.03682
2020-08-02,2020-08-02 16:00:00+00:00,2020-07-31,2,1192.68,13053000.0,11083.63,,0.0,-0.01257440153504974,,,-0.013220999696341829,153004856339.5048
2020-08-03,2020-08-03 16:00:00+00:00,2020-08-03,0,1194.31,13492000.0,11382.37,,0.0,-0.007509028000053375,,,-0.0095471594903207,56651652538.67189
2020-08-04,2020-08-04 16:00:00+00:00,2020-08-04,0,1194.53,13312000.0,11210.91,,0.0,-0.005956518988397552,,,-0.0037507206433469165,64213020337.65844
2020-08-05,2020-08-05 16:00:00+00:00,2020-08-05,0,1188.93,13810000.0,11661.3,,0.0,-0.003928704906993485,,,-0.008656324907960866,89444999480.88785
2020-08-06,2020-08-06 16:00:00+00:00,2020-08-06,0,1185.29,13972000.0,11837.56,,0.0,-0.0042008223348323215,,,-0.00415482140081358,80250741067.89903
2020-08-07,2020-08-07 16:00:00+00:00,2020-08-07,0,1189.25,13788000.0,11641.7,,0.0,-0.004109221374210548,,,-0.0008295375790344783,58446834410.975395
2020-08-08,2020-08-08 16:00:00+00:00,2020-08-07,1,1189.25,13870000.0,11738.1,,0.0,-0.006413925841661783,,,-0.007167727284121295,42483191196.62662
2020-08-09,2020-08-09 16:00:00+00:00,2020-08-07,2,1189.25,13715000.0,11567.43,,0.0,-0.0030215481912239106,,,-0.0052141992868963705,39915670629.46882
2020-08-10,2020-08-10 16:00:00+00:00,2020-08-10,0,1186.28,14014000.0,11920.67,,0.0,-0.008998666025620938,,,-0.008387464092737495,83743995000.62277
2020-08-11,2020-08-11 16:00:00+00:00,2020-08-11,0,1184.84,13661000.0,11480.79,,0.0,0.004271205383864052,,,0.008979834049639868,85065046210.44115
2020-08-12,2020-08-12 16:00:00+00:00,2020-08-12,0,1184.09,13710000.0,11581.45,,0.0,-0.0002537015200075876,,,0.0011533083310695247,74712832214.22284
2020-08-13,2020-08-13 16:00:00+00:00,2020-08-13,0,1183.25,13603000.0,11499.78,,0.0,-0.0003023921746273528,,,-0.009232219538643727,73913900162.70477
2020-08-14,2020-08-14 16:00:00+00:00,2020-08-14,0,1186.53,13803000.0,11740.35,,0.0,-0.009136751628421091,,,-0.007756321835719948,85062394392.85094
2020-08-15,2020-08-15 16:00:00+00:00,2020-08-14,1,1186.53,13870000.0,11851.99,,0.0,-0.013705840502825972,,,-0.01317109910573655,53806764037.38424
2020-08-16,2020-08-16 16:00:00+00:00,2020-08-14,2,1186.53,13873000.0,11859.91,,0.0,-0.014151296553135184,,,-0.017247788130550057,40434040803.93417
2020-08-17,2020-08-17 16:00:00+00:00,2020-08-17,0,1184.17,14332000.0,12421.55,,0.0,-0.025645594224674384,,,-0.023306537671937355,83151695924.252
2020-08-18,2020-08-18 16:00:00+00:00,2020-08-18,0,1184.74,13957000.0,11934.41,,0.0,-0.012884268736553461,,,-0.010721737561264932,98206621453.55496
2020-08-19,2020-08-19 16:00:00+00:00,2020-08-19,0,1181.06,13816000.0,11726.5,,0.0,-0.0024332721850296446,,,-0.000351228763912359,76366980495.67834
2020-08-20,2020-08-20 16:00:00+00:00,2020-08-20,0,1187.66,13937000.0,11854.35,,0.0,-0.010081536536730606,,,-0.007883740159615016,43981716392.18108
2020-08-21,2020-08-21 16:00:00+00:00,2020-08-21,0,1191.84,13906000.0,11720.0,,0.0,-0.004464717301770227,,,0.002727667693347424,61002653128.72527
2020-08-22,2020-08-22 16:00:00+00:00,2020-08-21,1,1191.84,13770000.0,11583.1,,0.0,-0.0025499014244623197,,,-0.004343927046728258,50644559916.824326
2020-08-23,2020-08-23 16:00:00+00:00,2020-08-21,2,1191.84,13825000.0,11653.25,,0.0,-0.0045943088276849675,,,-0.005813510124007881,29513097586.85805
2020-08-24,2020-08-24 16:00:00+00:00,2020-08-24,0,1189.11,13852000.0,11764.03,,0.0,-0.009773993436014372,,,-0.0067217437398188196,48057613692.40331
2020-08-25,2020-08-25 16:00:00+00:00,2020-08-25,0,1188.18,13557000.0,11419.41,,0.0,-0.0008338967775591843,,,0.0020582291195294644,60649847579.86674
2020-08-26,2020-08-26 16:00:00+00:00,2020-08-26,0,1185.6,13563000.0,11475.92,,0.0,-0.0031494356935893864,,,-0.0020363586085176966,112623781454.6428
2020-08-27,2020-08-27 16:00:00+00:00,2020-08-27,0,1185.22,13410000.0,11323.22,,0.0,-0.0007828920733026212,,,-0.002084518447078354,69798322725.34068
2020-08-28,2020-08-28 16:00:00+00:00,2020-08-28,0,1181.62,13550000.0,11529.63,,0.0,-0.00540541243229975,,,-0.0052441375099885335,45539602379.46709
2020-08-29,2020-08-29 16:00:00+00:00,2020-08-28,1,1181.62,13487000.0,11500.99,,0.0,-0.007564482574000331,,,-0.005776817609288942,32135746868.86667
2020-08-30,2020-08-30 16:00:00+00:00,2020-08-28,2,1181.62,13600000.0,11616.2,,0.0,-0.009174912378372202,,,-0.01207827559056196,32111353797.336292
2020-08-31,2020-08-31 16:00:00+00:00,2020-08-31,0,1187.48,13781000.0,11742.16,,0.0,-0.011659857437740784,,,-0.006835560324209178,43248843988.558266
2020-09-01,2020-09-01 16:00:00+00:00,2020-09-01,0,1182.94,14090000.0,12039.33,,0.0,-0.010659114478684062,,,-0.009145247016742353,61875816890.02316
2020-09-02,2020-09-02 16:00:00+00:00,2020-09-02,0,1189.98,13510000.0,11329.67,,0.0,0.002070844553417661,,,0.001392044208367249,82443055102.25105
2020-09-03,2020-09-03 16:00:00+00:00,2020-09-03,0,1188.04,12789000.0,10670.28,,0.0,0.008857224397229135,,,0.021187763243838864,74961721451.08357
2020-09-04,2020-09-04 16:00:00+00:00,2020-09-04,0,1190.6,12640000.0,10424.67,,0.0,0.018401146935876023,,,0.01597570743871568,101287440476.5176
2020-09-05,2020-09-05 16:00:00+00:00,2020-09-04,1,1190.6,12386000.0,10273.89,,0.0,0.012582193459396596,,,0.02292864452090293,44706247688.30812
2020-09-06,2020-09-06 16:00:00+00:00,2020-09-04,2,1190.6,12258000.0,10173.37,,0.0,0.012019542440483422,,,0.011626231366467898,44119826422.344406
2020-09-07,2020-09-07 16:00:00+00:00,2020-09-04,3,1190.6,12160000.0,10144.01,,0.0,0.0068343596730939815,,,0.0030267584194565433,39081857623.08241
2020-09-08,2020-09-08 16:00:00+00:00,2020-09-08,0,1188.69,12075000.0,10098.58,,0.0,0.005907902441206758,,,0.007771781418959289,41324570764.18685
2020-09-09,2020-09-09 16:00:00+00:00,2020-09-09,0,1185.12,12219000.0,10246.11,,0.0,0.006269532452565452,,,0.005451392475717354,35652044016.21551
2020-09-10,2020-09-10 16:00:00+00:00,2020-09-10,0,1184.41,12386000.0,10414.16,,0.0,0.004164270233959488,,,0.006935160001726004,51385803294.12837
2020-09-11,2020-09-11 16:00:00+00:00,2020-09-11,0,1186.55,12262000.0,10318.76,,0.0,0.0014926276505415892,,,0.0008315209840115134,33539949791.4755
2020-09-12,2020-09-12 16:00:00+00:00,2020-09-11,1,1186.55,12318000.0,10359.99,,0.0,0.0020625230094961644,,,-0.000780844365751765,17679978238.20686
2020-09-13,2020-09-13 16:00:00+00:00,2020-09-11,2,1186.55,12298000.0,10280.14,,0.0,0.00820632092736151,,,0.009508692920646267,35140317863.4959
2020-09-14,2020-09-14 16:00:00+00:00,2020-09-14,0,1181.27,12673000.0,10698.03,,0.0,0.0028279940851247964,,,0.004185089668678588,32446431187.59288
2020-09-15,2020-09-15 16:00:00+00:00,2020-09-15,0,1179.99,12789000.0,10784.46,,0.0,0.0049856406909059015,,,0.0068708329042967975,46023378121.512085
2020-09-16,2020-09-16 16:00:00+00:00,2020-09-16,0,1176.0,12928000.0,11004.99,,0.0,-0.0010715794460908201,,,0.0024130137612388136,47269766402.63974
2020-09-17,2020-09-17 16:00:00+00:00,2020-09-17,0,1174.25,12739000.0,10838.31,,0.0,0.0009518811561040064,,,-0.0027465732144277277,45025837137.9812
2020-09-18,2020-09-18 16:00:00+00:00,2020-09-18,0,1163.2,12755000.0,10899.37,,0.0,0.006061833396049154,,,0.00466127226462576,29142559880.52943
2020-09-19,2020-09-19 16:00:00+00:00,2020-09-18,1,1163.2,12949000.0,11090.56,,0.0,0.0037564792081525855,,,0.003955921499919857,29568683906.693478
2020-09-20,2020-09-20 16:00:00+00:00,2020-09-18,2,1163.2,12736000.0,10834.58,,0.0,0.010570406487193651,,,0.009173830506101988,21132121794.236443
2020-09-21,2020-09-21 16:00:00+00:00,2020-09-21,0,1166.75,12255000.0,10418.76,,0.0,0.008136809155094404,,,0.011165485518078722,45864193762.526596
2020-09-22,2020-09-22 16:00:00+00:00,2020-09-22,0,1164.83,12248000.0,10451.07,,0.0,0.00610167908452075,,,0.00642422036490653,32830367538.277943
2020-09-23,2020-09-23 16:00:00+00:00,2020-09-23,0,1164.56,12234000.0,10453.2,,0.0,0.004979834278697082,,,0.0013587340828136174,25052545281.468307
2020-09-24,2020-09-24 16:00:00+00:00,2020-09-24,0,1170.49,12275000.0,10545.36,,0.0,-0.005528405434837125,,,-0.005312047203481551,35660894224.621704
2020-09-25,2020-09-25 16:00:00+00:00,2020-09-25,0,1172.71,12429000.0,10647.61,,0.0,-0.004609654619532444,,,-0.006173198521160939,41682200704.30678
2020-09-26,2020-09-26 16:00:00+00:00,2020-09-25,1,1172.71,12478000.0,10721.0,,0.0,-0.007526186313800309,,,-0.006003758441107565,19150637676.311108
2020-09-27,2020-09-27 16:00:00+00:00,2020-09-25,2,1172.71,12506000.0,10754.82,,0.0,-0.008427098064985428,,,-0.009502971545200745,17434412103.99194
2020-09-28,2020-09-28 16:00:00+00:00,2020-09-28,0,1168.08,12648000.0,10901.9,,0.0,-0.006776297919903085,,,-0.002074916568410967,34856715682.17366
2020-09-29,2020-09-29 16:00:00+00:00,2020-09-29,0,1169.67,12509000.0,10725.94,,0.0,-0.0029340663613119933,,,-0.006213373989560678,32238533315.26696
2020-09-30,2020-09-30 16:00:00+00:00,2020-09-30,0,1165.97,12557000.0,10777.39,,0.0,-0.0007252376289017537,,,-0.0005714714737826698,17223916459.52948
2020-10-01,2020-10-01 16:00:00+00:00,2020-10-01,0,1163.05,12503000.0,10716.23,,0.0,0.003168344581614857,,,0.007240215413326645,15199721848.28584
2020-10-02,2020-10-02 16:00:00+00:00,2020-10-02,0,1166.08,12379000.0,10512.74,,0.0,0.009813779718640614,,,0.00787510167571881,36297121055.35591
2020-10-03,2020-10-03 16:00:00+00:00,2020-10-02,1,1166.08,12375000.0,10541.98,,0.0,0.006687493072623507,,,0.008144115279268727,10072041436.81288
2020-10-04,2020-10-04 16:00:00+00:00,2020-10-02,2,1166.08,12429000.0,10591.45,,0.0,0.006357809300844508,,,0.0007120105430358237,10909339644.28961
2020-10-05,2020-10-05 16:00:00+00:00,2020-10-05,0,1157.77,12456000.0,10726.02,,0.0,0.0030387358544645693,,,0.0032895852117145186,19153995678.90417
2020-10-06,2020-10-06 16:00:00+00:00,2020-10-06,0,1162.0,12511000.0,10735.01,,0.0,0.002959607057629432,,,0.008216017112983476,19398510558.37428
2020-10-07,2020-10-07 16:00:00+00:00,2020-10-07,0,1158.41,12391000.0,10629.6,,0.0,0.006299222304998464,,,0.005418167190400336,19084553435.87715
2020-10-08,2020-10-08 16:00:00+00:00,2020-10-08,0,1152.44,12591000.0,10896.96,,0.0,0.0026204152727875574,,,-0.0007198669531510715,27502902769.37764
2020-10-09,2020-10-09 16:00:00+00:00,2020-10-09,0,1143.46,12678000.0,11086.58,,0.0,7.408919285611937e-05,,,0.00016106293661732884,30307745615.86407
2020-10-10,2020-10-10 16:00:00+00:00,2020-10-09,1,1143.46,12896000.0,11349.2,,0.0,-0.006269091373124924,,,-0.003821267061027478,31192523793.463303
2020-10-11,2020-10-11 16:00:00+00:00,2020-10-09,2,1143.46,12953000.0,11405.47,,0.0,-0.006801163564820634,,,-0.005078423816628597,17034818700.15041
2020-10-12,2020-10-12 16:00:00+00:00,2020-10-09,3,1143.46,13198000.0,11549.38,,0.0,-0.0006250110565607647,,,-0.0007656405697668012,33207002591.78208
2020-10-13,2020-10-13 16:00:00+00:00,2020-10-13,0,1147.4,13086000.0,11385.15,,0.0,0.0017360738367395712,,,0.0022931600588007583,37314089400.492226
2020-10-14,2020-10-14 16:00:00+00:00,2020-10-14,0,1146.58,13049000.0,11320.76,,0.0,0.005303710825358854,,,0.004466682594603588,31982603741.927563
2020-10-15,2020-10-15 16:00:00+00:00,2020-10-15,0,1143.03,13128000.0,11398.22,,0.0,0.007636530440133127,,,0.005726136386861036,29623870764.30172
2020-10-16,2020-10-16 16:00:00+00:00,2020-10-16,0,1146.82,13020000.0,11331.19,,0.0,0.001936514283440216,,,0.005606362363033579,43336849606.60614
2020-10-17,2020-10-17 16:00:00+00:00,2020-10-16,1,1146.82,13041000.0,11337.54,,0.0,0.002990464963323891,,,0.0038298307904185425,15513714173.31459
2020-10-18,2020-10-18 16:00:00+00:00,2020-10-16,2,1146.82,13161000.0,11446.68,,0.0,0.0025685776793962223,,,0.0011346990606075913,12141536209.95343
2020-10-19,2020-10-19 16:00:00+00:00,2020-10-19,0,1141.76,13469000.0,11800.0,,0.0,-0.0002796752679181669,,,-0.00017577135021229484,29819858930.4784
2020-10-20,2020-10-20 16:00:00+00:00,2020-10-20,0,1138.65,13642000.0,11926.4,,0.0,0.004565880794233035,,,0.006244963487391342,41572546859.04077
2020-10-21,2020-10-21 16:00:00+00:00,2020-10-21,0,1132.11,14372000.0,12735.0,,0.0,-0.003150414382195099,,,-0.003210392735784051,72179292776.27905
2020-10-22,2020-10-22 16:00:00+00:00,2020-10-22,0,1135.26,14552000.0,12930.0,,0.0,-0.008645858884444024,,,-0.011182912348885465,75760990109.19809
2020-10-23,2020-10-23 16:00:00+00:00,2020-10-23,0,1129.77,14578000.0,12921.09,,0.0,-0.001360463075068763,,,-0.0011025128207865498,48698388850.495544
2020-10-24,2020-10-24 16:00:00+00:00,2020-10-23,1,1129.77,14737000.0,13100.0,,0.0,-0.004255882116653176,,,-0.0035940283805349083,27408366888.21074
2020-10-25,2020-10-25 16:00:00+00:00,2020-10-23,2,1129.77,14638000.0,12940.74,,0.0,0.0012270928032340755,,,-0.0020096542530118056,37841931811.14283
2020-10-26,2020-10-26 16:00:00+00:00,2020-10-26,0,1127.77,14705000.0,12978.41,,0.0,0.004668998770896549,,,0.0029981031590566865,34583311610.86129
2020-10-27,2020-10-27 16:00:00+00:00,2020-10-27,0,1127.9,15277000.0,13609.24,,0.0,-0.0047467395451721295,,,-0.00443661217978486,56806311376.994225
2020-10-28,2020-10-28 16:00:00+00:00,2020-10-28,0,1133.76,14973000.0,13221.26,,0.0,-0.0011164798294622802,,,0.0012689612098288894,93516736616.58173
2020-10-29,2020-10-29 16:00:00+00:00,2020-10-29,0,1131.12,15169000.0,13436.95,,0.0,-0.001960870486146904,,,-0.0008548866141898648,49230709568.66929
2020-10-30,2020-10-30 16:00:00+00:00,2020-10-30,0,1133.99,15340000.0,13549.98,,0.0,-0.0016622791762814781,,,-0.002407345786021531,60736138750.47963
2020-10-31,2020-10-31 16:00:00+00:00,2020-10-30,1,1133.99,15671000.0,13852.02,,0.0,-0.002358800405235728,,,-0.0021009266797339388,66842998131.97759
2020-11-01,2020-11-01 17:00:00+00:00,2020-10-30,2,1133.99,15635000.0,13800.99,,0.0,-0.0009702537343483364,,,-0.002012340483949604,27061517503.70389
2020-11-02,2020-11-02 17:00:00+00:00,2020-11-02,0,1134.62,15352000.0,13517.14,,0.0,0.0009899454898034676,,,0.0015360188255910678,55985261554.80085
2020-11-03,2020-11-03 17:00:00+00:00,2020-11-03,0,1134.3,15564000.0,13716.87,,0.0,0.00031842306490470484,,,-0.0016276015532527,50372635556.85941
2020-11-04,2020-11-04 17:00:00+00:00,2020-11-04,0,1137.37,15857000.0,14024.01,,0.0,-0.005861153101586858,,,-0.00795504887431786,71433335325.83463
2020-11-05,2020-11-05 17:00:00+00:00,2020-11-05,0,1122.96,16935000.0,15155.87,,0.0,-0.0049611383312153645,,,-0.008851838399116407,132446615523.2954
2020-11-06,2020-11-06 17:00:00+00:00,2020-11-06,0,1121.0,17314000.0,15496.66,,0.0,-0.003324699038223744,,,-0.003898652612292941,169042042020.0259
2020-11-07,2020-11-07 17:00:00+00:00,2020-11-06,1,1121.0,17197000.0,15360.01,,0.0,-0.0012527874547147988,,,0.0021482767320826213,65876888396.07599
2020-11-08,2020-11-08 17:00:00+00:00,2020-11-06,2,1121.0,17169000.0,15387.99,,0.0,-0.004692005019225287,,,-0.002916088543518658,79550073357.95319
2020-11-09,2020-11-09 17:00:00+00:00,2020-11-09,0,1113.14,16985000.0,15111.62,,0.0,0.009728786689287006,,,0.002539678841471771,87351463463.91821
2020-11-10,2020-11-10 17:00:00+00:00,2020-11-10,0,1117.63,16987000.0,15243.7,,0.0,-0.002924045768865402,,,-0.003604268526308352,51346996669.875984
2020-11-11,2020-11-11 17:00:00+00:00,2020-11-10,1,1117.63,17389000.0,15756.43,,0.0,-0.012541773482942942,,,-0.00514440298150709,57025287283.43271
2020-11-12,2020-11-12 17:00:00+00:00,2020-11-12,0,1112.95,17799000.0,16124.67,,0.0,-0.008188558666974655,,,-0.0098182955977979,93336169340.68605
2020-11-13,2020-11-13 17:00:00+00:00,2020-11-13,0,1109.47,17847000.0,16173.09,,0.0,-0.0053812160011202925,,,-0.006589985855388392,90080630482.7404
2020-11-14,2020-11-14 17:00:00+00:00,2020-11-13,1,1109.47,17590000.0,15857.47,,0.0,-0.0001925292073446938,,,-0.0018891061094027384,50540443816.28798
2020-11-15,2020-11-15 17:00:00+00:00,2020-11-13,2,1109.47,17716000.0,16001.95,,0.0,-0.0021225717227136842,,,-0.0019099157001422062,31319254753.59212
2020-11-16,2020-11-16 17:00:00+00:00,2020-11-16,0,1106.88,18155000.0,16566.52,,0.0,-0.009933368107976737,,,-0.012157696132446105,62662066755.27173
2020-11-17,2020-11-17 17:00:00+00:00,2020-11-17,0,1105.33,19235000.0,17639.35,,0.0,-0.01345328320836936,,,-0.009602861118813921,107042842275.94595
2020-11-18,2020-11-18 17:00:00+00:00,2020-11-18,0,1105.72,19694000.0,17793.71,,0.0,0.0009727631000482351,,,0.0029807869389557595,241852666075.28525
2020-11-19,2020-11-19 17:00:00+00:00,2020-11-19,0,1114.93,19922000.0,18009.88,,0.0,-0.007856445679032653,,,-0.002362755975550024,116697234247.76363
2020-11-20,2020-11-20 17:00:00+00:00,2020-11-20,0,1114.48,20640000.0,18684.31,,0.0,-0.00880215424570141,,,-0.00790573650947679,122021208316.72237
2020-11-21,2020-11-21 17:00:00+00:00,2020-11-20,1,1114.48,20550000.0,18732.18,,0.0,-0.01564619435530401,,,-0.023699245034277894,118557575444.70341
2020-11-22,2020-11-22 17:00:00+00:00,2020-11-20,2,1114.48,20294000.0,18554.93,,0.0,-0.01862259075343764,,,-0.010501342426316507,158869418662.33636
2020-11-23,2020-11-23 17:00:00+00:00,2020-11-23,0,1115.42,20189000.0,18376.42,,0.0,-0.015047079103265859,,,-0.018939569770034748,120129567339.7683
2020-11-24,2020-11-24 17:00:00+00:00,2020-11-24,0,1110.93,21062000.0,19296.13,,0.0,-0.01747706409944616,,,-0.015429799195951555,311509490376.57227
2020-11-25,2020-11-25 17:00:00+00:00,2020-11-25,0,1106.84,20880000.0,18988.62,,0.0,-0.0065357463356989776,,,0.005837151361054227,166816774934.6266
2020-11-26,2020-11-26 17:00:00+00:00,2020-11-25,1,1106.84,18880000.0,16674.52,,0.0,0.022972133313298837,,,0.012816574747331666,262434158317.6842
2020-11-27,2020-11-27 17:00:00+00:00,2020-11-25,2,1106.84,18771000.0,16810.09,,0.0,0.008863768416653262,,,0.008344111207911231,170009993955.00552
2020-11-28,2020-11-28 17:00:00+00:00,2020-11-25,3,1106.84,19509000.0,17707.26,,0.0,-0.004597335672612668,,,-0.0065792341251604824,94208693448.4371
2020-11-29,2020-11-29 17:00:00+00:00,2020-11-25,4,1106.84,19937000.0,18089.78,,0.0,-0.00426980291931256,,,-0.006800237786913854,87754494723.20354
2020-11-30,2020-11-30 17:00:00+00:00,2020-11-30,0,1105.79,20734000.0,19196.4,,0.0,-0.023233749831079065,,,-0.021327219208292614,184445765369.30035
2020-12-01,2020-12-01 17:00:00+00:00,2020-12-01,0,1107.33,21064000.0,19058.8,,0.0,-0.0019133943796950659,,,0.004234892431363102,208950023343.41083
2020-12-02,2020-12-02 17:00:00+00:00,2020-12-02,0,1100.15,20840000.0,18856.25,,0.0,0.004593778011197536,,,-0.0014379262386420288,140578336445.50507
2020-12-03,2020-12-03 17:00:00+00:00,2020-12-03,0,1096.28,21102000.0,19354.78,,0.0,-0.005479159373184661,,,-0.005299707736886816,94931562162.53442
2020-12-04,2020-12-04 17:00:00+00:00,2020-12-04,0,1081.85,20715000.0,18981.28,,0.0,0.00877054436962732,,,0.019424774455336635,86175386661.62256
2020-12-05,2020-12-05 17:00:00+00:00,2020-12-04,1,1081.85,20759000.0,19099.0,,0.0,0.004682299132512613,,,0.003191134973235865,54401522011.26051
2020-12-06,2020-12-06 17:00:00+00:00,2020-12-04,2,1081.85,20758000.0,19106.8,,0.0,0.004223778370554321,,,0.0015294671810857086,40192513903.33104
2020-12-07,2020-12-07 17:00:00+00:00,2020-12-07,0,1082.22,20806000.0,19188.36,,0.0,0.0019249248244999073,,,0.004396584401787473,70248990219.37347
2020-12-08,2020-12-08 17:00:00+00:00,2020-12-08,0,1085.4,20486000.0,18832.03,,0.0,0.002236497054243003,,,0.006084321633266665,81192825876.19958
2020-12-09,2020-12-09 17:00:00+00:00,2020-12-09,0,1083.78,20070000.0,18389.74,,0.0,0.007002737315400687,,,0.008575984327797492,123484386527.537
2020-12-10,2020-12-10 17:00:00+00:00,2020-12-10,0,1086.83,19885000.0,18176.99,,0.0,0.006565426551713882,,,0.005560597739124873,65642054189.79397
2020-12-11,2020-12-11 17:00:00+00:00,2020-12-11,0,1091.23,19721000.0,17978.14,,0.0,0.005235640325909063,,,-0.0012195218316399803,87280871552.68822
2020-12-12,2020-12-12 17:00:00+00:00,2020-12-11,1,1091.23,20090000.0,18397.88,,0.0,0.0006814699386756828,,,0.0029424783588667403,69675625434.14001
2020-12-13,2020-12-13 17:00:00+00:00,2020-12-11,2,1091.23,20975000.0,19328.12,,0.0,-0.005519986960598522,,,-0.0062761566672616675,90313731713.48262
2020-12-14,2020-12-14 17:00:00+00:00,2020-12-14,0,1093.19,20840000.0,19152.37,,0.0,-0.004641473363134474,,,-0.006179821369397542,68496302296.76635
2020-12-15,2020-12-15 17:00:00+00:00,2020-12-15,0,1092.22,21115000.0,19364.1,,0.0,-0.0016481105050624167,,,-0.005416897194323145,83247236000.16309
2020-12-16,2020-12-16 17:00:00+00:00,2020-12-16,0,1093.71,22409000.0,20854.56,,0.0,-0.0175300805857469,,,-0.019150376623384813,183115726939.70926
2020-12-17,2020-12-17 17:00:00+00:00,2020-12-17,0,1092.96,25194000.0,23591.23,,0.0,-0.02289266765516773,,,-0.00695863387097162,456433658158.51404
2020-12-18,2020-12-18 17:00:00+00:00,2020-12-18,0,1099.37,24874000.0,22719.28,,0.0,-0.004119601503834058,,,-0.009942355776549894,184562903017.01514
2020-12-19,2020-12-19 17:00:00+00:00,2020-12-18,1,1099.37,26259000.0,23966.48,,0.0,-0.003378966874623912,,,-0.0007546513521440312,173826517422.53052
2020-12-20,2020-12-20 17:00:00+00:00,2020-12-18,2,1099.37,25970000.0,23630.1,,0.0,-0.000316535776457294,,,0.003633906209426385,153632599583.90332
2020-12-21,2020-12-21 17:00:00+00:00,2020-12-21,0,1107.03,25736000.0,22681.32,,3.0,0.024975139430710058,,,0.0093672492760708,353973561605.34875
2020-12-22,2020-12-22 17:00:00+00:00,2020-12-22,0,1107.12,26019000.0,23348.95,,0.0,0.00653423176129353,,,0.015727470714776537,199496492473.65573
2020-12-23,2020-12-23 17:00:00+00:00,2020-12-23,0,1106.92,26454000.0,23406.91,,0.0,0.021012430524862236,,,0.02578832234332684,315277960068.19965
2020-12-24,2020-12-24 17:00:00+00:00,2020-12-23,1,1106.92,26274000.0,23219.76,,0.0,0.022238502573505015,,,0.009010545876241727,198820487345.7757
2020-12-25,2020-12-25 17:00:00+00:00,2020-12-23,2,1106.92,26490000.0,24082.01,,0.0,-0.00625949637472889,,,-0.008507754067965445,204688637740.2929
2020-12-26,2020-12-26 17:00:00+00:00,2020-12-23,3,1106.92,28442000.0,25864.61,,0.0,-0.006568415851932352,,,0.0017710096558702926,228789437645.44507
2020-12-27,2020-12-27 17:00:00+00:00,2020-12-23,4,1106.92,29921000.0,27089.44,,0.0,-0.0021624512928523076,,,0.007813395270322765,609722048107.3835
2020-12-28,2020-12-28 17:00:00+00:00,2020-12-28,0,1096.67,30002000.0,27066.44,,0.0,0.01074850092696411,,,0.0185816801168881,284077738147.55255
2020-12-29,2020-12-29 17:00:00+00:00,2020-12-29,0,1092.55,29778000.0,26430.84,,0.0,0.031200793490954837,,,0.01933583792774085,214274065411.29852
2020-12-30,2020-12-30 17:00:00+00:00,2020-12-30,0,1086.62,31150000.0,28153.78,,0.0,0.018224738013222996,,,0.016389871512653587,291192473668.3828
2020-12-31,2020-12-31 17:00:00+00:00,2020-12-31,0,1086.11,31679000.0,28380.6,,0.0,0.027723006831007924,,,0.019983171490941753,298404898856.0729
2021-01-01,2021-01-01 17:00:00+00:00,2020-12-31,1,1086.11,32176000.0,29300.57,,0.0,0.011072205889707254,,,0.013766270891953925,186196353961.605
2021-01-02,2021-01-02 17:00:00+00:00,2020-12-31,2,1086.11,35759000.0,32482.28,,0.0,0.013596371615276492,,,0.021482433786320865,447032313195.04114
2021-01-03,2021-01-03 17:00:00+00:00,2020-12-31,3,1086.11,36775000.0,32676.74,,0.0,0.03619178893318398,,,0.04730011235102172,1024611482781.4604
2021-01-04,2021-01-04 17:00:00+00:00,2021-01-04,0,1081.62,35630000.0,31320.31,,0.0,0.051756152720688675,,,0.053768539429594364,901411932036.6735
2021-01-05,2021-01-05 17:00:00+00:00,2021-01-05,0,1087.42,36618000.0,32469.9,,0.0,0.037089776086680404,,,0.03184412103429324,411951494786.46625
2021-01-06,2021-01-06 17:00:00+00:00,2021-01-06,0,1085.71,38753000.0,34612.41,,0.0,0.03123976422726993,,,0.021070140160130535,614675748085.5714
2021-01-07,2021-01-07 17:00:00+00:00,2021-01-07,0,1086.78,43600000.0,39120.01,,0.0,0.025524156227876516,,,0.04302463168516102,623495590598.7114
2021-01-08,2021-01-08 17:00:00+00:00,2021-01-08,0,1089.48,47546000.0,41303.42,,0.0,0.056595387193731916,,,0.06787056843646333,1090049111918.3182
2021-01-09,2021-01-09 17:00:00+00:00,2021-01-08,1,1089.48,45799000.0,39995.1,,0.0,0.05106589989847099,,,0.04676980863559854,665618281976.0146
2021-01-10,2021-01-10 17:00:00+00:00,2021-01-08,2,1089.48,44161000.0,39234.29,,0.0,0.03312730338500436,,,0.04427702365641806,694047873790.2616
2021-01-11,2021-01-11 17:00:00+00:00,2021-01-11,0,1097.39,36083000.0,31777.19,,0.0,0.034727875923036056,,,0.031953884680703704,2019692532107.994
2021-01-12,2021-01-12 17:00:00+00:00,2021-01-12,0,1099.57,38956000.0,34998.9,,0.0,0.01227166385583911,,,0.030321202486538024,1126919947898.1501
2021-01-13,2021-01-13 17:00:00+00:00,2021-01-13,0,1098.31,38549000.0,34783.14,,0.0,0.009065583691586054,,,0.008152922259698991,501058747906.46344
2021-01-14,2021-01-14 17:00:00+00:00,2021-01-14,0,1098.37,42986000.0,39286.44,,0.0,-0.003824869009709131,,,-0.006050554504166472,798354201280.2235
2021-01-15,2021-01-15 17:00:00+00:00,2021-01-15,0,1099.39,40012000.0,36151.09,,0.0,0.006739436778233854,,,0.013813198747882005,642335579088.1432
2021-01-16,2021-01-16 17:00:00+00:00,2021-01-15,1,1099.39,40907000.0,37231.41,,0.0,-0.0006068586214831306,,,0.012975643805783976,475848567780.25037
2021-01-17,2021-01-17 17:00:00+00:00,2021-01-15,2,1099.39,39654000.0,35910.07,,0.0,0.0044283639822011445,,,0.003716320915140292,404416600294.1372
2021-01-18,2021-01-18 17:00:00+00:00,2021-01-15,3,1099.39,39837000.0,36184.31,,0.0,0.0014160503360973742,,,-0.00655670403360098,340112987262.9439
2021-01-19,2021-01-19 17:00:00+00:00,2021-01-19,0,1102.14,40615000.0,37366.1,,0.0,-0.013784278833526398,,,0.0007218163384656862,358741609441.8349
2021-01-20,2021-01-20 17:00:00+00:00,2021-01-19,1,1102.14,38576000.0,34693.65,,0.0,0.008858913902771715,,,0.0041453320275604,426643713845.98914
2021-01-21,2021-01-21 17:00:00+00:00,2021-01-21,0,1097.91,35468000.0,31083.5,,0.0,0.03929788774863363,,,0.019141453177507595,564000119369.021
2021-01-22,2021-01-22 17:00:00+00:00,2021-01-22,0,1105.5,35838000.0,32377.56,,0.0,0.0012462473318308742,,,-0.0020835691964553593,847953443071.5221
2021-01-23,2021-01-23 17:00:00+00:00,2021-01-22,1,1105.5,35649000.0,32121.84,,0.0,0.003894767011104694,,,0.0008677119534703515,366628766548.3245
2021-01-24,2021-01-24 17:00:00+00:00,2021-01-22,2,1105.5,34973000.0,31729.07,,0.0,-0.002950320690304209,,,-0.0034859191998181105,238656020282.4749
2021-01-25,2021-01-25 17:00:00+00:00,2021-01-25,0,1101.02,37448000.0,33910.96,,0.0,0.002982453840336907,,,0.015247600759317637,497898559420.434
2021-01-26,2021-01-26 17:00:00+00:00,2021-01-26,0,1103.26,35691000.0,31985.3,,0.0,0.011417387115618904,,,0.0028645155530386823,367795867867.7519
2021-01-27,2021-01-27 17:00:00+00:00,2021-01-27,0,1104.09,34298000.0,30529.57,,0.0,0.017521588208513128,,,0.02305718704062265,297723913346.45844
2021-01-28,2021-01-28 17:00:00+00:00,2021-01-28,0,1111.95,35740000.0,32425.71,,0.0,-0.008757773026670801,,,-0.012831680793472633,297209892874.75555
2021-01-29,2021-01-29 17:00:00+00:00,2021-01-29,0,1118.35,39403000.0,36039.18,,0.0,-0.022365215059460097,,,-0.02043932896940992,1225835545813.7463
2021-01-30,2021-01-30 17:00:00+00:00,2021-01-29,1,1118.35,36713000.0,33956.7,,0.0,-0.03324449345811198,,,-0.0321231620174387,564412350846.2083
2021-01-31,2021-01-31 17:00:00+00:00,2021-01-29,2,1118.35,36244000.0,32891.86,,0.0,-0.014696679046745764,,,-0.016253492411593462,433043323173.5338
2021-02-01,2021-02-01 17:00:00+00:00,2021-02-01,0,1116.48,36815000.0,33460.83,,0.0,-0.014544205380448205,,,-0.021733596266277244,511548004457.4916
2021-02-02,2021-02-02 17:00:00+00:00,2021-02-02,0,1115.88,37346000.0,34964.52,,0.0,-0.042808069735379206,,,-0.04209786317782371,357870291416.86957
2021-02-03,2021-02-03 17:00:00+00:00,2021-02-03,0,1114.47,38926000.0,37146.67,,0.0,-0.05973231999977313,,,-0.061254521119701866,377640267569.6125
2021-02-04,2021-02-04 17:00:00+00:00,2021-02-04,0,1120.02,39432000.0,36929.36,,0.0,-0.04665246921718014,,,-0.03770378418861542,584989096356.8668
2021-02-05,2021-02-05 17:00:00+00:00,2021-02-05,0,1123.7,40075000.0,37809.55,,0.0,-0.05676123358508556,,,-0.060491278804748916,326550092850.52264
2021-02-06,2021-02-06 17:00:00+00:00,2021-02-05,1,1123.7,42992000.0,40608.76,,0.0,-0.05785545081738841,,,-0.052444596518561926,496863888349.58594
2021-02-07,2021-02-07 17:00:00+00:00,2021-02-05,2,1123.7,41365000.0,38185.72,,0.0,-0.03598972240586207,,,-0.038392653372281926,384747866064.87506
2021-02-08,2021-02-08 17:00:00+00:00,2021-02-08,0,1119.22,45350000.0,43170.24,,0.0,-0.061406880759184435,,,-0.05459500929671168,938808837064.6282
2021-02-09,2021-02-09 17:00:00+00:00,2021-02-09,0,1116.42,49782000.0,46470.85,,0.0,-0.04045771879810833,,,-0.05876900706643695,1074008282568.4991
2021-02-10,2021-02-10 17:00:00+00:00,2021-02-10,0,1106.9,48105000.0,44746.66,,0.0,-0.028771970747219933,,,-0.021120219455002975,598978831062.159
2021-02-11,2021-02-11 17:00:00+00:00,2021-02-11,0,1102.7,50762000.0,47590.53,,0.0,-0.03270084414308738,,,-0.02884867082842202,589952937602.1051
2021-02-12,2021-02-12 17:00:00+00:00,2021-02-12,0,1102.16,51069000.0,47614.4,,0.0,-0.026862087864476192,,,-0.024607407850905094,487511064261.68085
2021-02-13,2021-02-13 17:00:00+00:00,2021-02-12,1,1102.16,50701000.0,47136.89,,0.0,-0.024087333992016013,,,-0.025878148858425765,365915369441.8059
2021-02-14,2021-02-14 17:00:00+00:00,2021-02-12,2,1102.16,52545000.0,49006.74,,0.0,-0.02718347912629082,,,-0.015586277168636142,605979606730.9825
2021-02-15,2021-02-15 17:00:00+00:00,2021-02-12,3,1102.16,52398000.0,48494.96,,0.0,-0.019667366640266915,,,-0.005183114445800885,442158948604.4384
2021-02-16,2021-02-16 17:00:00+00:00,2021-02-16,0,1099.61,53940000.0,48167.68,,0.0,0.018395642521645827,,,0.013555416098217421,621755092753.2041
2021-02-17,2021-02-17 17:00:00+00:00,2021-02-17,0,1107.44,56637000.0,51241.35,,0.0,-0.0019335151486256086,,,-0.004079242537831762,611537064424.6816
2021-02-18,2021-02-18 17:00:00+00:00,2021-02-18,0,1108.56,58087000.0,52091.02,,0.0,0.005904802826592892,,,0.012298516090818223,576146319110.0032
2021-02-19,2021-02-19 17:00:00+00:00,2021-02-19,0,1105.81,61428000.0,54368.65,,0.0,0.021732747604295444,,,0.02956234783207523,678916354331.9436
2021-02-20,2021-02-20 17:00:00+00:00,2021-02-19,1,1105.81,65100000.0,56720.16,,0.0,0.03791796311526263,,,0.04050629897951441,1045276468562.317
2021-02-21,2021-02-21 17:00:00+00:00,2021-02-19,2,1105.81,65320000.0,57733.96,,0.0,0.023138238245582254,,,0.03046532297056359,642672271300.2927
2021-02-22,2021-02-22 17:00:00+00:00,2021-02-22,0,1111.56,60770000.0,53180.05,,0.0,0.02803425252830216,,,0.026983764465821958,1593337420644.38
2021-02-23,2021-02-23 17:00:00+00:00,2021-02-23,0,1110.25,53476000.0,47365.61,,0.0,0.016892391748795088,,,0.01517591270990426,2000831102309.1006
2021-02-24,2021-02-24 17:00:00+00:00,2021-02-24,0,1112.19,55440000.0,49308.28,,0.0,0.010937675829680638,,,0.02263604194678548,1177664992389.1597
2021-02-25,2021-02-25 17:00:00+00:00,2021-02-25,0,1107.73,57551000.0,50630.66,,0.0,0.026137048378551464,,,0.03879600593029653,765294074853.8291
2021-02-26,2021-02-26 17:00:00+00:00,2021-02-26,0,1123.36,54830000.0,48127.26,,0.0,0.014163913586639598,,,0.034979222180175906,847825640377.1617
2021-02-27,2021-02-27 17:00:00+00:00,2021-02-26,1,1123.36,53965000.0,46883.19,,0.0,0.02465124402613128,,,0.032819957580096704,429634167206.44763
2021-02-28,2021-02-28 17:00:00+00:00,2021-02-26,2,1123.36,50282000.0,43514.78,,0.0,0.028624338025548424,,,0.021584366592154236,561697278456.0963
2021-03-01,2021-03-01 17:00:00+00:00,2021-03-01,0,1118.59,55432000.0,49065.4,,0.0,0.009983484389375796,,,0.017279364431352917,611238245249.8478
2021-03-02,2021-03-02 17:00:00+00:00,2021-03-02,0,1125.61,54891000.0,47520.01,,0.0,0.026211026273948113,,,0.02704653606991725,565928729076.0529
2021-03-03,2021-03-03 17:00:00+00:00,2021-03-03,0,1123.96,58023000.0,51077.0,,0.0,0.010703903208354015,,,0.023719844760450526,614206612740.9476
2021-03-04,2021-03-04 17:00:00+00:00,2021-03-04,0,1124.45,56880000.0,49693.59,,0.0,0.017932701432866294,,,0.03735237948068093,615289496218.2367
2021-03-05,2021-03-05 17:00:00+00:00,2021-03-05,0,1124.85,55707000.0,47658.14,,0.0,0.03914958755985842,,,0.033108921813239656,523408779690.2917
2021-03-06,2021-03-06 17:00:00+00:00,2021-03-05,1,1124.85,55283000.0,47757.43,,0.0,0.02909636003084981,,,0.022548951767592307,309412457517.62683
2021-03-07,2021-03-07 17:00:00+00:00,2021-03-05,2,1124.85,58382000.0,51052.9,,0.0,0.01663238291971747,,,0.014291773323319656,420561261902.9961
2021-03-08,2021-03-08 17:00:00+00:00,2021-03-08,0,1132.64,58288000.0,50664.91,,0.0,0.015733984605339035,,,0.008408105998906956,424822204098.03357
2021-03-09,2021-03-09 17:00:00+00:00,2021-03-09,0,1140.63,61998000.0,54098.11,,0.0,0.004733302032871478,,,0.0055283816724489565,634436164837.2621
2021-03-10,2021-03-10 17:00:00+00:00,2021-03-10,0,1139.85,65120000.0,57009.53,,0.0,0.0021188416298181245,,,0.010800170304447798,664580149412.4419
2021-03-11,2021-03-11 17:00:00+00:00,2021-03-11,0,1135.19,65179000.0,56872.1,,0.0,0.009577984491355274,,,0.009522004331106615,651775857823.8309
2021-03-12,2021-03-12 17:00:00+00:00,2021-03-12,0,1133.09,66666000.0,57367.21,,0.0,0.025595867747394196,,,0.02729354372660553,638395946502.391
2021-03-13,2021-03-13 17:00:00+00:00,2021-03-12,1,1133.09,68926000.0,59820.43,,0.0,0.016878671851582316,,,0.01850585657289483,756145748071.8981
2021-03-14,2021-03-14 16:00:00+00:00,2021-03-12,2,1133.09,69111000.0,59681.26,,0.0,0.02198562425144135,,,0.026499445631416485,545789874489.17737
2021-03-15,2021-03-15 16:00:00+00:00,2021-03-15,0,1136.37,65173000.0,56224.13,,0.0,0.020058804453791712,,,0.020556390586557338,1174649743238.1416
2021-03-16,2021-03-16 16:00:00+00:00,2021-03-16,0,1129.69,64607000.0,55844.92,,0.0,0.024086444787446704,,,0.027065745108663997,901259369223.267
2021-03-17,2021-03-17 16:00:00+00:00,2021-03-17,0,1130.24,63805000.0,54930.0,,0.0,0.027719130432452,,,0.028657835820712352,798216308596.1072
2021-03-18,2021-03-18 16:00:00+00:00,2021-03-18,0,1123.51,69646000.0,59533.68,,0.0,0.041253579703608434,,,0.036603034743929674,845641527088.2788
2021-03-19,2021-03-19 16:00:00+00:00,2021-03-19,0,1130.38,69000000.0,58971.5,,0.0,0.03510033998745232,,,0.03625279968735384,684728848814.8848
2021-03-20,2021-03-20 16:00:00+00:00,2021-03-19,1,1130.38,69065000.0,59244.52,,0.0,0.031300827253618824,,,0.03306063112016777,502336859400.8791
2021-03-21,2021-03-21 16:00:00+00:00,2021-03-19,2,1130.38,67199000.0,57159.04,,0.0,0.040048086524644644,,,0.03533822231375927,614007205704.95
2021-03-22,2021-03-22 16:00:00+00:00,2021-03-22,0,1128.19,67095000.0,57083.0,,0.0,0.04184022631547957,,,0.06078417350979293,467738038049.48773
2021-03-23,2021-03-23 16:00:00+00:00,2021-03-23,0,1128.96,65322000.0,55165.19,,0.0,0.0488558388478868,,,0.0669828279452318,698189679040.6254
2021-03-24,2021-03-24 16:00:00+00:00,2021-03-24,0,1133.35,67543000.0,56298.12,,0.0,0.0585768813551919,,,0.0927599880876746,641652023820.5247
2021-03-25,2021-03-25 16:00:00+00:00,2021-03-25,0,1133.31,62673000.0,50996.15,,0.0,0.08441214540999686,,,0.08938739754906955,790260424159.3062
2021-03-26,2021-03-26 16:00:00+00:00,2021-03-26,0,1129.26,64450000.0,53308.27,,0.0,0.07061762313017517,,,0.056918326631661964,513385742239.3129
2021-03-27,2021-03-27 16:00:00+00:00,2021-03-26,1,1129.26,65990000.0,54961.85,,0.0,0.06321927369227986,,,0.056462319096915126,374585718668.1095
2021-03-28,2021-03-28 16:00:00+00:00,2021-03-26,2,1129.26,67427000.0,56354.35,,0.0,0.059528021917612195,,,0.06581555182175358,374972692323.3247
2021-03-29,2021-03-29 16:00:00+00:00,2021-03-29,0,1133.57,68876000.0,57719.74,,0.0,0.05267717779030079,,,0.051537767964096926,499209797804.21094
2021-03-30,2021-03-30 16:00:00+00:00,2021-03-30,0,1133.44,70487000.0,58526.42,,0.0,0.06257240275220677,,,0.06329117093712244,570427533245.4562
2021-03-31,2021-03-31 16:00:00+00:00,2021-03-31,0,1126.72,71826000.0,59304.75,,0.0,0.07492013579548407,,,0.0805154603184206,673065480311.1165
2021-04-01,2021-04-01 16:00:00+00:00,2021-04-01,0,1131.63,72869000.0,58974.65,,0.0,0.09187515813277525,,,0.0947961828480055,638773428427.1184
2021-04-02,2021-04-02 16:00:00+00:00,2021-04-02,0,1127.3,74105000.0,59480.06,,0.0,0.10518913476537195,,,0.11136448015901768,659355725277.111
2021-04-03,2021-04-03 16:00:00+00:00,2021-04-02,1,1127.3,74868000.0,58829.99,,0.0,0.12890643888904219,,,0.12240364827988715,563126342358.9354
2021-04-04,2021-04-04 16:00:00+00:00,2021-04-02,2,1127.3,73211000.0,57918.11,,0.0,0.12130162254334498,,,0.12746121965941537,639330944407.242
2021-04-05,2021-04-05 16:00:00+00:00,2021-04-05,0,1127.34,77686000.0,59018.29,,0.0,0.16761918341016013,,,0.18167520569744422,875450529623.9083
2021-04-06,2021-04-06 16:00:00+00:00,2021-04-06,0,1117.12,77436000.0,57818.53,,0.0,0.19888089153198685,,,0.20315378390372052,928468345026.4438
2021-04-07,2021-04-07 16:00:00+00:00,2021-04-07,0,1116.21,72082000.0,56451.45,,0.0,0.14394677308206427,,,0.1664248877582648,1392474192074.606
2021-04-08,2021-04-08 16:00:00+00:00,2021-04-08,0,1116.96,74025000.0,57768.13,,0.0,0.1472352589965229,,,0.16102497778828817,716690299163.9563
2021-04-09,2021-04-09 16:00:00+00:00,2021-04-09,0,1120.84,76188000.0,58240.0,,0.0,0.16713632358148978,,,0.16722063654528285,700847933028.1714
2021-04-10,2021-04-10 16:00:00+00:00,2021-04-09,1,1120.84,79174000.0,60247.26,,0.0,0.17246979960461672,,,0.1722359650497194,704332566157.5486
2021-04-11,2021-04-11 16:00:00+00:00,2021-04-09,2,1120.84,78391000.0,59645.46,,0.0,0.17258731265504856,,,0.1708452446030504,620376323689.8992
2021-04-12,2021-04-12 16:00:00+00:00,2021-04-12,0,1124.6,78470000.0,59986.83,,0.0,0.16318732507164424,,,0.1613142741802127,505944595004.50305
2021-04-13,2021-04-13 16:00:00+00:00,2021-04-13,0,1125.63,81467000.0,63331.83,,0.0,0.14278367363705713,,,0.128197675810918,814984369645.2775
2021-04-14,2021-04-14 16:00:00+00:00,2021-04-14,0,1116.43,80747000.0,63045.02,,0.0,0.14721313560688465,,,0.14384841577675989,866599214978.7231
2021-04-15,2021-04-15 16:00:00+00:00,2021-04-15,0,1115.04,79316000.0,62715.18,,0.0,0.13422099971619184,,,0.13125988255371235,608556878834.2928
2021-04-16,2021-04-16 16:00:00+00:00,2021-04-16,0,1114.93,79122000.0,61551.62,,0.0,0.15294918696309545,,,0.1603736263242901,790537271366.245
2021-04-17,2021-04-17 16:00:00+00:00,2021-04-16,1,1114.93,77969000.0,60264.66,,0.0,0.16041050582266614,,,0.1644431115968561,550075577316.2128
2021-04-18,2021-04-18 16:00:00+00:00,2021-04-16,2,1114.93,74750000.0,55452.45,,0.0,0.20904608940454894,,,0.208290345185425,1102419398660.7922
2021-04-19,2021-04-19 16:00:00+00:00,2021-04-19,0,1115.03,71615000.0,54585.22,,0.0,0.17663666962631264,,,0.1519100739496424,869647088528.2217
2021-04-20,2021-04-20 16:00:00+00:00,2021-04-20,0,1116.68,69110000.0,55323.19,,0.0,0.1186775973674199,,,0.11733831419292473,1105848720763.5994
2021-04-21,2021-04-21 16:00:00+00:00,2021-04-21,0,1117.8,70180000.0,56153.75,,0.0,0.11807386111748674,,,0.13429266721620658,619161685626.5339
2021-04-22,2021-04-22 16:00:00+00:00,2021-04-22,0,1117.3,65450000.0,54651.64,,0.0,0.07185651791644432,,,0.03822555246499215,989056056216.1759
2021-04-23,2021-04-23 16:00:00+00:00,2021-04-23,0,1115.1,57586000.0,49836.62,,0.0,0.03622607635363795,,,0.06824032109972089,1563981340214.2117
2021-04-24,2021-04-24 16:00:00+00:00,2021-04-23,1,1115.1,60191000.0,50212.03,,0.0,0.07500371035366915,,,0.09039245816905783,598950488136.6399
2021-04-25,2021-04-25 16:00:00+00:00,2021-04-23,2,1115.1,61076000.0,50257.97,,0.0,0.08981260779216793,,,0.09402733070061431,478736922380.7953
2021-04-26,2021-04-26 16:00:00+00:00,2021-04-26,0,1110.88,62747000.0,53571.12,,0.0,0.054374981932912236,,,0.07016171927863502,704486963457.1106
2021-04-27,2021-04-27 16:00:00+00:00,2021-04-27,0,1109.6,64257000.0,54981.87,,0.0,0.053257331524785956,,,0.061036039403156384,561064861615.2197
2021-04-28,2021-04-28 16:00:00+00:00,2021-04-28,0,1112.28,63014000.0,54338.14,,0.0,0.04260103571640217,,,0.050744680283501875,528098776820.58057
2021-04-29,2021-04-29 16:00:00+00:00,2021-04-29,0,1108.54,63560000.0,53703.11,,0.0,0.0676602727615161,,,0.07489136920999706,540184813533.3185
2021-04-30,2021-04-30 16:00:00+00:00,2021-04-30,0,1115.58,67700000.0,57180.06,,0.0,0.061312653831313346,,,0.0555668623289054,1126182177701.1458
2021-05-01,2021-05-01 16:00:00+00:00,2021-04-30,1,1115.58,68615000.0,57356.58,,0.0,0.07234640516928525,,,0.07084362393922072,786952351460.979
2021-05-02,2021-05-02 16:00:00+00:00,2021-04-30,2,1115.58,68280000.0,56595.2,,0.0,0.08146680550880925,,,0.08451663705197898,558224282334.1204
2021-05-03,2021-05-03 16:00:00+00:00,2021-05-03,0,1122.88,69675000.0,57601.83,,0.0,0.0772272965609857,,,0.09037608502001993,592536412547.8134
2021-05-04,2021-05-04 16:00:00+00:00,2021-05-04,0,1122.05,68074000.0,53799.33,,0.0,0.12769639764623264,,,0.11954366953478779,817887252362.4824
2021-05-05,2021-05-05 16:00:00+00:00,2021-05-05,0,1125.82,69910000.0,57636.74,,0.0,0.07738502277757897,,,0.06211119104356211,801475332991.6583
2021-05-06,2021-05-06 16:00:00+00:00,2021-05-06,0,1121.94,68950000.0,57088.49,,0.0,0.07650507734750245,,,0.0868760296605342,840680300458.0643
2021-05-07,2021-05-07 16:00:00+00:00,2021-05-07,0,1121.06,68142000.0,57519.24,,0.0,0.05675151733088324,,,0.0670740356278503,858489473445.29
2021-05-08,2021-05-08 16:00:00+00:00,2021-05-07,1,1121.06,69561000.0,57599.87,,0.0,0.077247404794762,,,0.08716917978112959,850372376751.2557
2021-05-09,2021-05-09 16:00:00+00:00,2021-05-07,2,1121.06,70881000.0,57379.58,,0.0,0.10190363058763663,,,0.09516592795355105,953843727792.9648
2021-05-10,2021-05-10 16:00:00+00:00,2021-05-10,0,1112.28,71987000.0,58296.36,,0.0,0.1101930606734296,,,0.14204852813109836,746525429777.5938
2021-05-11,2021-05-11 16:00:00+00:00,2021-05-11,0,1119.38,68817000.0,56052.82,,0.0,0.09678304042147134,,,0.09940386986240957,1026947876992.5299
2021-05-12,2021-05-12 16:00:00+00:00,2021-05-12,0,1124.33,69218000.0,55479.13,,0.0,0.10967449849674704,,,0.11567721703138512,956906177327.6428
2021-05-13,2021-05-13 16:00:00+00:00,2021-05-13,0,1130.35,62332000.0,49627.64,,0.0,0.11115462980896518,,,0.12331191421744081,1881430330406.4014
2021-05-14,2021-05-14 16:00:00+00:00,2021-05-14,0,1126.76,62331000.0,51211.98,,0.0,0.08019237216360464,,,0.10038662443473179,872982814951.911
2021-05-15,2021-05-15 16:00:00+00:00,2021-05-14,1,1126.76,60250000.0,48982.99,,0.0,0.09164225654560632,,,0.11608001532022016,976159710078.6506
2021-05-16,2021-05-16 16:00:00+00:00,2021-05-14,2,1126.76,58810000.0,47727.26,,0.0,0.09358679079734622,,,0.10191385334862191,836785429323.4113
2021-05-17,2021-05-17 16:00:00+00:00,2021-05-17,0,1136.03,52947000.0,43362.75,,0.0,0.07481752951710674,,,0.09293231162389826,1664757512986.1655
2021-05-18,2021-05-18 16:00:00+00:00,2021-05-18,0,1129.67,53481000.0,42969.47,,0.0,0.10176234815080054,,,0.1035590120065113,888886955478.169
2021-05-19,2021-05-19 16:00:00+00:00,2021-05-19,0,1128.18,49700000.0,37318.52,,0.0,0.1804662648299722,,,0.21708908938109772,1729491352855.1602
2021-05-20,2021-05-20 16:00:00+00:00,2021-05-20,0,1127.74,51554000.0,41432.88,,0.0,0.10333719801779506,,,0.12288961260344444,1278293980385.777
2021-05-21,2021-05-21 16:00:00+00:00,2021-05-21,0,1126.59,47712000.0,36794.57,,0.0,0.15100708756735104,,,0.17023212884099315,1007066327127.8129
2021-05-22,2021-05-22 16:00:00+00:00,2021-05-21,1,1126.59,47637000.0,38162.4,,0.0,0.1080078369434081,,,0.12489801645695975,997391430157.4617
2021-05-23,2021-05-23 16:00:00+00:00,2021-05-21,2,1126.59,41311000.0,33318.09,,0.0,0.1005751914186539,,,0.09074121413911906,908352607150.7655
2021-05-24,2021-05-24 16:00:00+00:00,2021-05-24,0,1125.28,45402000.0,37539.63,,0.0,0.07479192897803855,,,0.07573434560749459,1137455517129.2524
2021-05-25,2021-05-25 16:00:00+00:00,2021-05-25,0,1123.21,47035000.0,38277.57,,0.0,0.09399623565578574,,,0.09292908482088036,861111540061.262
2021-05-26,2021-05-26 16:00:00+00:00,2021-05-26,0,1117.63,47199000.0,38758.61,,0.0,0.08959864128166095,,,0.07905215003086097,529365237356.88477
2021-05-27,2021-05-27 16:00:00+00:00,2021-05-27,0,1117.47,47433000.0,39667.0,,0.0,0.07007782526248785,,,0.08144963231835756,501579927793.7781
2021-05-28,2021-05-28 16:00:00+00:00,2021-05-28,0,1114.48,44807000.0,36749.31,,0.0,0.09401782668617398,,,0.10005356559364253,607105011100.9945
2021-05-29,2021-05-29 16:00:00+00:00,2021-05-28,1,1114.48,42202000.0,34416.27,,0.0,0.10026412782451466,,,0.10686025365001428,506632756074.15454
2021-05-30,2021-05-30 16:00:00+00:00,2021-05-28,2,1114.48,42692000.0,35477.0,,0.0,0.0797602453530919,,,0.08699366652806506,409854737376.8531
2021-05-31,2021-05-31 16:00:00+00:00,2021-05-28,3,1114.48,43452000.0,36961.16,,0.0,0.05485289437378005,,,0.054008863927320405,416568085923.5963
2021-06-01,2021-06-01 16:00:00+00:00,2021-06-01,0,1106.43,43146000.0,36235.29,,0.0,0.07617984669283939,,,0.06408303184985242,411699440405.76685
2021-06-02,2021-06-02 16:00:00+00:00,2021-06-02,0,1110.37,43991000.0,38040.7,,0.0,0.04147203976417857,,,0.04834851375093141,328931480909.3492
2021-06-03,2021-06-03 16:00:00+00:00,2021-06-03,0,1117.63,44869000.0,38535.61,,0.0,0.04180419439856453,,,0.035738461974750724,390496164777.47076
2021-06-04,2021-06-04 16:00:00+00:00,2021-06-04,0,1112.03,43600000.0,36948.85,,0.0,0.061131140352075786,,,0.048420202955540725,435687368179.13837
2021-06-05,2021-06-05 16:00:00+00:00,2021-06-04,1,1112.03,42604000.0,36321.42,,0.0,0.054802263937655304,,,0.062070092844274116,278249864706.3392
2021-06-06,2021-06-06 16:00:00+00:00,2021-06-04,2,1112.03,42089000.0,36157.47,,0.0,0.04677675299713391,,,0.04957546858454953,216705171267.93088
2021-06-07,2021-06-07 16:00:00+00:00,2021-06-07,0,1111.01,41644000.0,36035.51,,0.0,0.04016873783656205,,,0.0479247666964977,211602497111.3635
2021-06-08,2021-06-08 16:00:00+00:00,2021-06-08,0,1116.43,36815000.0,31705.24,,0.0,0.040069262512650194,,,0.03291521120455032,573953781200.8604
2021-06-09,2021-06-09 16:00:00+00:00,2021-06-09,0,1116.58,41828000.0,36357.11,,0.0,0.03035741439625017,,,0.03667953008281,582578165083.2755
2021-06-10,2021-06-10 16:00:00+00:00,2021-06-10,0,1114.17,42904000.0,36896.75,,0.0,0.043658008051132624,,,0.04828362277819509,827186001442.5946
2021-06-11,2021-06-11 16:00:00+00:00,2021-06-11,0,1116.57,42676000.0,36818.41,,0.0,0.038084536613687714,,,0.048321712362828784,667325972228.6243
2021-06-12,2021-06-12 16:00:00+00:00,2021-06-11,1,1116.57,41216000.0,35384.96,,0.0,0.04318462431495629,,,0.043847121003316,745270954244.5795
2021-06-13,2021-06-13 16:00:00+00:00,2021-06-11,2,1116.57,42030000.0,36034.97,,0.0,0.04459819272584564,,,0.027009956880299946,315304200036.396
2021-06-14,2021-06-14 16:00:00+00:00,2021-06-14,0,1117.57,47014000.0,40685.37,,0.0,0.03398490358220885,,,0.026970305712400444,994314807104.7981
2021-06-15,2021-06-15 16:00:00+00:00,2021-06-15,0,1118.33,46288000.0,40065.01,,0.0,0.03307817228524024,,,0.03329412132666909,503904126099.7222
2021-06-16,2021-06-16 16:00:00+00:00,2021-06-16,0,1118.42,44995000.0,38775.66,,0.0,0.0375287330699694,,,0.05606629585291856,447205697860.1108
2021-06-17,2021-06-17 16:00:00+00:00,2021-06-17,0,1130.14,45650000.0,39007.91,,0.0,0.035513710374768026,,,0.041895344530998635,537435320256.1193
2021-06-18,2021-06-18 16:00:00+00:00,2021-06-18,0,1135.28,43308000.0,36355.1,,0.0,0.049300301118987866,,,0.04754521067636985,629994942247.7275
2021-06-19,2021-06-19 16:00:00+00:00,2021-06-18,1,1135.28,42428000.0,36114.85,,0.0,0.03481748379117744,,,0.04478314604662925,488116009956.92883
2021-06-20,2021-06-20 16:00:00+00:00,2021-06-18,2,1135.28,40838000.0,34422.71,,0.0,0.045000310951539335,,,0.035279222977230074,505998920245.85693
2021-06-21,2021-06-21 16:00:00+00:00,2021-06-21,0,1134.19,38848000.0,32687.99,,0.0,0.04783918375926932,,,0.04302495900685632,786113475083.7312
2021-06-22,2021-06-22 16:00:00+00:00,2021-06-22,0,1137.07,36824000.0,31708.08,,0.0,0.021348170262364796,,,0.02213824761298744,1093555449310.2212
2021-06-23,2021-06-23 16:00:00+00:00,2021-06-23,0,1133.89,38778000.0,33490.14,,0.0,0.021168754961492287,,,0.023300283430883084,795290256320.4176
2021-06-24,2021-06-24 16:00:00+00:00,2021-06-24,0,1131.5,39468000.0,33886.52,,0.0,0.029351235881245552,,,0.022353006413704746,478834188162.5441
2021-06-25,2021-06-25 16:00:00+00:00,2021-06-25,0,1127.36,38150000.0,32607.07,,0.0,0.03781548158318748,,,0.04338900978863225,489629864218.08826
2021-06-26,2021-06-26 16:00:00+00:00,2021-06-25,1,1127.36,36851000.0,31523.5,,0.0,0.03693665207868557,,,0.033897357158175545,594719153407.4468
2021-06-27,2021-06-27 16:00:00+00:00,2021-06-25,2,1127.36,38593000.0,33200.02,,0.0,0.031116110888847803,,,0.022117322783981486,424967603930.3208
2021-06-28,2021-06-28 16:00:00+00:00,2021-06-28,0,1130.29,40482000.0,34969.99,,0.0,0.02418065175884787,,,0.024872786698994398,525203009607.24005
2021-06-29,2021-06-29 16:00:00+00:00,2021-06-29,0,1131.68,41705000.0,36248.99,,0.0,0.0166432333732085,,,0.021835644307856672,572033015875.0137
2021-06-30,2021-06-30 16:00:00+00:00,2021-06-30,0,1130.42,40236000.0,34193.44,,0.0,0.04095551876102643,,,0.026717553966516316,362945851500.99896
2021-07-01,2021-07-01 16:00:00+00:00,2021-07-01,0,1134.37,39288000.0,33432.54,,0.0,0.03594289409113438,,,0.03455402020278786,374815996960.5923
2021-07-02,2021-07-02 16:00:00+00:00,2021-07-02,0,1132.42,39439000.0,33704.91,,0.0,0.03329705554047724,,,0.03087866189412125,280016863102.3061
2021-07-03,2021-07-03 16:00:00+00:00,2021-07-02,1,1132.42,40210000.0,34608.48,,0.0,0.025992099540313562,,,0.0264641715950924,201500026084.33832
2021-07-04,2021-07-04 16:00:00+00:00,2021-07-02,2,1132.42,41205000.0,35513.29,,0.0,0.024593224719707818,,,0.024746531253976745,191408533416.696
2021-07-05,2021-07-05 16:00:00+00:00,2021-07-02,3,1132.42,39297000.0,33585.91,,0.0,0.03322461975435398,,,0.03550622192750885,332459121425.5779
2021-07-06,2021-07-06 16:00:00+00:00,2021-07-06,0,1137.17,39751000.0,34042.43,,0.0,0.0268384239626851,,,0.02312874416845756,261649918073.38812
2021-07-07,2021-07-07 16:00:00+00:00,2021-07-07,0,1141.26,40278000.0,34528.6,,0.0,0.022125755706500216,,,0.028399617279409872,223164320257.18716
2021-07-08,2021-07-08 16:00:00+00:00,2021-07-08,0,1147.96,39056000.0,32900.01,,0.0,0.03410580610973546,,,0.035559087084397145,333402493668.8042
2021-07-09,2021-07-09 16:00:00+00:00,2021-07-09,0,1145.08,39486000.0,33558.67,,0.0,0.027549071953174353,,,0.02836107997045456,234249454366.96204
2021-07-10,2021-07-10 16:00:00+00:00,2021-07-09,1,1145.08,39967000.0,33862.54,,0.0,0.030733022440067925,,,0.03290978995243643,155428802760.60046
2021-07-11,2021-07-11 16:00:00+00:00,2021-07-09,2,1145.08,39922000.0,33948.68,,0.0,0.026960094984701977,,,0.024591723983030445,168737345340.90945
2021-07-12,2021-07-12 16:00:00+00:00,2021-07-12,0,1146.29,39400000.0,33337.49,,0.0,0.03102410644593845,,,0.03338337157064153,197978807553.87683
2021-07-13,2021-07-13 16:00:00+00:00,2021-07-13,0,1146.29,38655000.0,32790.08,,0.0,0.028415699016107965,,,0.03185665711072572,203918916534.61697
2021-07-14,2021-07-14 16:00:00+00:00,2021-07-14,0,1147.43,38730000.0,32786.0,,0.0,0.029515434506824256,,,0.024783783226670186,250329743050.17267
2021-07-15,2021-07-15 16:00:00+00:00,2021-07-15,0,1141.21,37538000.0,31677.01,,0.0,0.0383921103319147,,,0.033649408439524464,262896156040.79752
2021-07-16,2021-07-16 16:00:00+00:00,2021-07-16,0,1139.35,37962000.0,32127.39,,0.0,0.03709008649978829,,,0.04032159174010852,224055597214.5527
2021-07-17,2021-07-17 16:00:00+00:00,2021-07-16,1,1139.35,37578000.0,31764.75,,0.0,0.038319627895208486,,,0.03599337672456859,141520307976.85846
2021-07-18,2021-07-18 16:00:00+00:00,2021-07-16,2,1139.35,37126000.0,31365.6,,0.0,0.038884828397398374,,,0.04021602429524118,144638300061.02203
2021-07-19,2021-07-19 16:00:00+00:00,2021-07-19,0,1147.17,36652000.0,30687.96,,0.0,0.0411226082021674,,,0.04015675864986501,154261666951.74396
2021-07-20,2021-07-20 16:00:00+00:00,2021-07-20,0,1150.45,35408000.0,29888.36,,0.0,0.029749435542140157,,,0.030131960699997684,243962170686.6379
2021-07-21,2021-07-21 16:00:00+00:00,2021-07-21,0,1153.03,37533000.0,31933.0,,0.0,0.019372587896848925,,,0.025615861254608463,203918243736.76376
2021-07-22,2021-07-22 16:00:00+00:00,2021-07-22,0,1149.99,38260000.0,32504.82,,0.0,0.023536033132135037,,,0.021392507317608223,211724246202.88947
2021-07-23,2021-07-23 16:00:00+00:00,2021-07-23,0,1153.53,37993000.0,32315.0,,0.0,0.019226093469235206,,,0.007991873474005873,140594416163.06085
2021-07-24,2021-07-24 16:00:00+00:00,2021-07-23,1,1153.53,39688000.0,33847.51,,0.0,0.016491134112234684,,,0.01503646160894978,209645005740.47168
2021-07-25,2021-07-25 16:00:00+00:00,2021-07-23,2,1153.53,39873000.0,34174.08,,0.0,0.01147042154411615,,,0.006295336567107013,191969508169.46576
2021-07-26,2021-07-26 16:00:00+00:00,2021-07-26,0,1154.75,44890000.0,38562.21,,0.0,0.008090957393127152,,,2.0497617883252772e-05,576260759887.7529
2021-07-27,2021-07-27 16:00:00+00:00,2021-07-27,0,1156.32,44102000.0,38209.58,,0.0,-0.0018220232622391253,,,-0.004754407543977601,628581025245.005
2021-07-28,2021-07-28 16:00:00+00:00,2021-07-28,0,1156.27,45850000.0,39689.04,,0.0,-0.0008987831916270617,,,0.001655018461113933,566602031424.9592
2021-07-29,2021-07-29 16:00:00+00:00,2021-07-29,0,1142.09,45985000.0,39939.33,,0.0,0.008126629673416375,,,0.0044763132771639125,302737909331.24097
2021-07-30,2021-07-30 16:00:00+00:00,2021-07-30,0,1151.86,45353000.0,39073.85,,0.0,0.00767415062558241,,,-0.0012512251465325308,337663005440.67773
2021-07-31,2021-07-31 16:00:00+00:00,2021-07-30,1,1151.86,48090000.0,41537.83,,0.0,0.005104634378721995,,,0.004622795405746949,359319745520.4236
2021-08-01,2021-08-01 16:00:00+00:00,2021-07-30,2,1151.86,47833000.0,41286.98,,0.0,0.0058073523977004715,,,0.008227916364420107,252125205425.1313
2021-08-02,2021-08-02 16:00:00+00:00,2021-08-02,0,1150.72,46077000.0,39705.12,,0.0,0.008481697541461442,,,0.008941994431148181,385999303697.852
2021-08-03,2021-08-03 16:00:00+00:00,2021-08-03,0,1149.45,44891000.0,38169.44,,0.0,0.023183214946246533,,,0.02395209452023206,340267148072.5624
2021-08-04,2021-08-04 16:00:00+00:00,2021-08-04,0,1142.99,45410000.0,39302.0,,0.0,0.010867932636111854,,,0.00693348726690779,279321947634.2552
2021-08-05,2021-08-05 16:00:00+00:00,2021-08-05,0,1142.53,44959000.0,38750.01,,0.0,0.015493648875580579,,,0.009690440249650933,371277623498.4242
2021-08-06,2021-08-06 16:00:00+00:00,2021-08-06,0,1145.87,48737000.0,42199.98,,0.0,0.00788550238582375,,,0.005368507151358504,442795221866.04425
2021-08-07,2021-08-07 16:00:00+00:00,2021-08-06,1,1145.87,49963000.0,43370.23,,0.0,0.005359608228838075,,,-0.0023169446363533464,584729391366.2521
2021-08-08,2021-08-08 16:00:00+00:00,2021-08-06,2,1145.87,50781000.0,43984.55,,0.0,0.007548002807972631,,,0.012282037511709643,507204418487.8338
2021-08-09,2021-08-09 16:00:00+00:00,2021-08-09,0,1145.83,52529000.0,45870.75,,0.0,-0.0005913512998692028,,,-0.0028780668527798037,519217595772.53015
2021-08-10,2021-08-10 16:00:00+00:00,2021-08-10,0,1152.5,52168000.0,45165.73,,0.0,0.0021995863215071854,,,-0.0037631021996237246,520828976515.68665
2021-08-11,2021-08-11 16:00:00+00:00,2021-08-11,0,1156.09,53200000.0,46456.02,,0.0,-0.009446384056100432,,,-0.0004715780416494342,576052404442.5979
2021-08-12,2021-08-12 16:00:00+00:00,2021-08-12,0,1162.78,51776000.0,44196.19,,0.0,0.0075024488645023535,,,0.00876938788799042,734455041125.3367
2021-08-13,2021-08-13 16:00:00+00:00,2021-08-13,0,1168.36,53856000.0,46357.15,,0.0,-0.00564677594550278,,,-0.01256290153017825,565194175503.1415
2021-08-14,2021-08-14 16:00:00+00:00,2021-08-13,1,1168.36,54623000.0,46944.47,,0.0,-0.004102990101804593,,,-0.0032906817401098243,614448847425.7634
2021-08-15,2021-08-15 16:00:00+00:00,2021-08-13,2,1168.36,54120000.0,46167.9,,0.0,0.003323506445503943,,,-0.004488372208664382,467920236612.42285
2021-08-16,2021-08-16 16:00:00+00:00,2021-08-16,0,1166.78,53987000.0,46344.03,,0.0,-0.0015957476911646618,,,0.005719038195605819,482475401833.5113
2021-08-17,2021-08-17 16:00:00+00:00,2021-08-17,0,1177.08,53628000.0,45730.0,,0.0,-0.0037131026351397978,,,0.0009369038186319845,439158643321.4609
2021-08-18,2021-08-18 16:00:00+00:00,2021-08-18,0,1170.18,53539000.0,45820.0,,0.0,-0.0014668230241418057,,,0.009534178795505444,762249911460.4097
2021-08-19,2021-08-19 16:00:00+00:00,2021-08-19,0,1173.89,53879000.0,45779.58,,0.0,0.002582961295591657,,,0.0022804086036019022,740790687805.9093
2021-08-20,2021-08-20 16:00:00+00:00,2021-08-20,0,1180.4,56960000.0,48718.38,,0.0,-0.00951491261472659,,,-0.009227779804595992,704062398102.1842
2021-08-21,2021-08-21 16:00:00+00:00,2021-08-20,1,1180.4,57692000.0,49180.98,,0.0,-0.006222372114637498,,,-0.0013245918513383748,564677403293.9526
2021-08-22,2021-08-22 16:00:00+00:00,2021-08-20,2,1180.4,57050000.0,48526.61,,0.0,-0.004029454929337151,,,-0.007587066437692913,418186766448.3281
2021-08-23,2021-08-23 16:00:00+00:00,2021-08-23,0,1169.73,57768000.0,49537.97,,0.0,-0.003072679659463895,,,-0.004518895677979251,665683960047.0447
2021-08-24,2021-08-24 16:00:00+00:00,2021-08-24,0,1165.43,56790000.0,48310.74,,0.0,0.008653466708353541,,,0.010318054022483647,811663261463.3472
2021-08-25,2021-08-25 16:00:00+00:00,2021-08-25,0,1164.24,56765000.0,48822.49,,0.0,-0.0013387454373593455,,,0.0014610092483395842,774795095287.3417
2021-08-26,2021-08-26 16:00:00+00:00,2021-08-26,0,1169.88,55185000.0,46800.0,,0.0,0.007938136105127391,,,0.007724090915902426,544508519169.21564
2021-08-27,2021-08-27 16:00:00+00:00,2021-08-27,0,1162.5,56727000.0,48184.67,,0.0,0.012716686756155227,,,0.006262582582708953,449529162303.7656
2021-08-28,2021-08-28 16:00:00+00:00,2021-08-27,1,1162.5,57209000.0,48811.12,,0.0,0.008213763805311025,,,0.010329818838128446,318616937279.6687
2021-08-29,2021-08-29 16:00:00+00:00,2021-08-27,2,1162.5,57299000.0,48474.95,,0.0,0.016802747926328854,,,0.010219986395535452,601989896225.3164
2021-08-30,2021-08-30 16:00:00+00:00,2021-08-30,0,1166.33,56674000.0,48019.64,,0.0,0.011913801780374378,,,0.018293191540410092,840131643177.4414
2021-08-31,2021-08-31 16:00:00+00:00,2021-08-31,0,1158.32,55480000.0,47397.13,,0.0,0.010545453058969256,,,0.012318968644611683,665475161164.998
2021-09-01,2021-09-01 16:00:00+00:00,2021-09-01,0,1156.03,55495000.0,47488.49,,0.0,0.010872520136261388,,,0.0005064039442408408,458625959114.1151
2021-09-02,2021-09-02 16:00:00+00:00,2021-09-02,0,1160.95,57696000.0,49540.7,,0.0,0.0031596387661818603,,,-0.0003128529803183566,590467732233.6608
2021-09-03,2021-09-03 16:00:00+00:00,2021-09-03,0,1155.44,58469000.0,50550.44,,0.0,0.0010443707366958321,,,0.00020760722659440844,606727447606.917
2021-09-04,2021-09-04 16:00:00+00:00,2021-09-03,1,1155.44,57697000.0,49873.53,,0.0,0.0012343153334530843,,,0.0026436786934425083,453384014386.5561
2021-09-05,2021-09-05 16:00:00+00:00,2021-09-03,2,1155.44,57625000.0,50214.95,,0.0,-0.006814191010597992,,,-0.009865384582663284,394172863878.6536
2021-09-06,2021-09-06 16:00:00+00:00,2021-09-03,3,1155.44,59500000.0,51604.45,,0.0,-0.0021105899045237297,,,-0.00018038817121124318,449884907248.9372
2021-09-07,2021-09-07 16:00:00+00:00,2021-09-07,0,1162.88,56626000.0,46656.07,,0.0,0.04369314117465439,,,0.03991246994615816,1009274136771.1204
2021-09-08,2021-09-08 16:00:00+00:00,2021-09-08,0,1166.21,54926000.0,46087.35,,0.0,0.021926060427854388,,,0.03497077220047595,856663354614.4365
2021-09-09,2021-09-09 16:00:00+00:00,2021-09-09,0,1169.61,56095000.0,47001.65,,0.0,0.02039888503622178,,,0.030144730980784296,456080498434.3092
2021-09-10,2021-09-10 16:00:00+00:00,2021-09-10,0,1169.63,55432000.0,45420.86,,0.0,0.04341408844856498,,,0.04902936796895374,567292092368.488
2021-09-11,2021-09-11 16:00:00+00:00,2021-09-10,1,1169.63,54962000.0,45573.99,,0.0,0.031090952432459407,,,0.03716175092076934,278728722847.35657
2021-09-12,2021-09-12 16:00:00+00:00,2021-09-10,2,1169.63,55102000.0,45886.99,,0.0,0.026666267006790312,,,0.02313655329016595,217906376395.10376
2021-09-13,2021-09-13 16:00:00+00:00,2021-09-13,0,1173.33,54203000.0,44361.31,,0.0,0.04135495265199185,,,0.0292752567698491,441398379887.75635
2021-09-14,2021-09-14 16:00:00+00:00,2021-09-14,0,1170.71,56195000.0,46754.42,,0.0,0.02665771167526554,,,0.02556612888130516,282336747813.55664
2021-09-15,2021-09-15 16:00:00+00:00,2021-09-15,0,1168.58,57499000.0,48288.0,,0.0,0.018972877664384935,,,0.01730781369201928,326003350715.4617
2021-09-16,2021-09-16 16:00:00+00:00,2021-09-16,0,1171.23,57343000.0,48020.24,,0.0,0.019562599428603278,,,0.024413969971532223,306831120347.4023
2021-09-17,2021-09-17 16:00:00+00:00,2021-09-17,0,1175.34,57578000.0,47527.52,,0.0,0.0307370936058875,,,0.03684674200250315,389745930877.49585
2021-09-18,2021-09-18 16:00:00+00:00,2021-09-17,1,1175.34,58477000.0,48414.99,,0.0,0.02764170529898058,,,0.032357265334765684,319095324448.70795
2021-09-19,2021-09-19 16:00:00+00:00,2021-09-17,2,1175.34,58001000.0,47646.72,,0.0,0.0357118746267755,,,0.044140050910971285,263194797389.73447
2021-09-20,2021-09-20 16:00:00+00:00,2021-09-20,0,1186.73,54978000.0,43844.88,,0.0,0.05661830426525438,,,0.05393114773025931,568425614864.6957
2021-09-21,2021-09-21 16:00:00+00:00,2021-09-21,0,1185.15,52763000.0,43072.81,,0.0,0.03360108013747065,,,0.05018294713801663,525297374865.131
2021-09-22,2021-09-22 16:00:00+00:00,2021-09-22,0,1182.41,53010000.0,43222.96,,0.0,0.03723032425189743,,,0.04602380637406722,514301011586.36334
2021-09-23,2021-09-23 16:00:00+00:00,2021-09-23,0,1173.48,53216000.0,43747.63,,0.0,0.036601910662128256,,,0.03345803179335527,474727810410.859
2021-09-24,2021-09-24 16:00:00+00:00,2021-09-24,0,1176.53,51805000.0,41944.01,,0.0,0.049781038643364806,,,0.03589745378996012,604089692060.0684
2021-09-25,2021-09-25 16:00:00+00:00,2021-09-24,1,1176.53,52133000.0,42669.96,,0.0,0.03845450766718894,,,0.04228232854890379,252259470886.92505
2021-09-26,2021-09-26 16:00:00+00:00,2021-09-24,2,1176.53,52812000.0,43343.73,,0.0,0.035626909806226736,,,0.0397381370707075,299150457138.13275
2021-09-27,2021-09-27 16:00:00+00:00,2021-09-27,0,1175.9,52740000.0,43293.26,,0.0,0.035975406218387684,,,0.04586122105621371,252391425431.93405
2021-09-28,2021-09-28 16:00:00+00:00,2021-09-28,0,1183.61,50995000.0,41447.18,,0.0,0.03949877815868175,,,0.036029608306122674,320809018578.20557
2021-09-29,2021-09-29 16:00:00+00:00,2021-09-29,0,1181.75,50888000.0,41698.98,,0.0,0.03267660849061338,,,0.03522795360571074,274862931188.5701
2021-09-30,2021-09-30 16:00:00+00:00,2021-09-30,0,1183.7,52834000.0,43149.02,,0.0,0.03442952490025153,,,0.03177688575328652,345817764489.77954
2021-10-01,2021-10-01 16:00:00+00:00,2021-10-01,0,1187.24,57341000.0,47363.68,,0.0,0.01972086113622762,,,0.020861542939869082,493142288665.3948
2021-10-02,2021-10-02 16:00:00+00:00,2021-10-01,1,1187.24,58489000.0,47828.52,,0.0,0.030027295620417505,,,0.029598960060321478,314280610918.84705
2021-10-03,2021-10-03 16:00:00+00:00,2021-10-01,2,1187.24,58068000.0,47879.82,,0.0,0.02151756530694371,,,0.023451648748368692,238623048508.2248
2021-10-04,2021-10-04 16:00:00+00:00,2021-10-04,0,1182.4,58045000.0,47758.23,,0.0,0.027903090329841618,,,0.031208239863303344,342775025547.9159
2021-10-05,2021-10-05 16:00:00+00:00,2021-10-05,0,1188.31,60147000.0,49793.57,,0.0,0.016508358600666018,,,0.008196226310986487,619751667300.5072
2021-10-06,2021-10-06 16:00:00+00:00,2021-10-06,0,1192.6,66337000.0,54984.19,,0.0,0.011633472400895295,,,0.015633648755290386,773600620884.6202
2021-10-07,2021-10-07 16:00:00+00:00,2021-10-07,0,1190.76,65805000.0,53899.99,,0.0,0.02528822908445294,,,0.022713793088364964,700186649799.8861
2021-10-08,2021-10-08 16:00:00+00:00,2021-10-08,0,1194.58,66270000.0,54324.84,,0.0,0.02118229218153389,,,0.02330049772595455,578148034654.3379
2021-10-09,2021-10-09 16:00:00+00:00,2021-10-08,1,1194.58,67060000.0,54977.29,,0.0,0.02109225336986209,,,0.021558864856265236,351496331345.6182
2021-10-10,2021-10-10 16:00:00+00:00,2021-10-08,2,1194.58,67732000.0,55373.01,,0.0,0.023954192477354752,,,0.03838684619663635,320591462742.32135
2021-10-11,2021-10-11 16:00:00+00:00,2021-10-08,3,1194.58,70650000.0,57490.18,,0.0,0.02873439021731694,,,0.033018769194941955,628393373159.8359
2021-10-12,2021-10-12 16:00:00+00:00,2021-10-12,0,1198.72,70375000.0,56303.2,,1.0,0.04271969774480211,,,0.03038169102342847,600698676036.4734
2021-10-13,2021-10-13 16:00:00+00:00,2021-10-13,0,1193.89,68972000.0,56168.85,,0.0,0.028520548433369264,,,0.01996079154612551,666382670900.41
2021-10-14,2021-10-14 16:00:00+00:00,2021-10-14,0,1186.3,69852000.0,57331.31,,0.0,0.02705204004653483,,,0.025739980452478273,488342798195.7864
2021-10-15,2021-10-15 16:00:00+00:00,2021-10-15,0,1182.34,74000000.0,60038.36,,0.0,0.04246268080379889,,,0.03799116419502857,937486963237.2008
2021-10-16,2021-10-16 16:00:00+00:00,2021-10-15,1,1182.34,74531000.0,60941.04,,0.0,0.03439093113443281,,,0.039324128223099164,810718218718.0907
2021-10-17,2021-10-17 16:00:00+00:00,2021-10-15,2,1182.34,74792000.0,60764.12,,0.0,0.04103552877441796,,,0.0437897994779155,311694798404.64496
2021-10-18,2021-10-18 16:00:00+00:00,2021-10-18,0,1187.55,76315000.0,62003.03,,0.0,0.036442208808273424,,,0.039465276665094695,686643851027.9431
2021-10-19,2021-10-19 16:00:00+00:00,2021-10-19,0,1175.32,76750000.0,62395.99,,0.0,0.0465634848443075,,,0.04269656823753731,535790180700.37964
2021-10-20,2021-10-20 16:00:00+00:00,2021-10-20,0,1175.05,81423000.0,66875.83,,0.0,0.03614746261900281,,,0.030456379273950507,1187996124552.6448
2021-10-21,2021-10-21 16:00:00+00:00,2021-10-21,0,1177.25,77323000.0,62971.2,,0.0,0.04303294702089744,,,0.043420505067039095,1243115862011.1055
2021-10-22,2021-10-22 16:00:00+00:00,2021-10-22,0,1176.85,74500000.0,60690.94,,0.0,0.04306481777300575,,,0.04120736348097154,939578703757.0527
2021-10-23,2021-10-23 16:00:00+00:00,2021-10-22,1,1176.85,75000000.0,61446.87,,0.0,0.03714716881853897,,,0.03749984849068966,640878563474.2151
2021-10-24,2021-10-24 16:00:00+00:00,2021-10-22,2,1176.85,73834000.0,59859.97,,0.0,0.04809051491277838,,,0.040314289232764144,413145992699.2531
2021-10-25,2021-10-25 16:00:00+00:00,2021-10-25,0,1167.59,76930000.0,63606.87,,0.0,0.035860662055258175,,,0.03462107225757638,548913244186.7647
2021-10-26,2021-10-26 16:00:00+00:00,2021-10-26,0,1167.58,75302000.0,62514.59,,0.0,0.03166447666026606,,,0.04052158166972952,489154203271.3703
2021-10-27,2021-10-27 16:00:00+00:00,2021-10-27,0,1171.19,72210000.0,58819.14,,0.0,0.04821729019987964,,,0.050162269280628946,1171313465294.2825
2021-10-28,2021-10-28 16:00:00+00:00,2021-10-28,0,1167.34,73598000.0,61138.62,,0.0,0.03122400408733017,,,0.03407226636266558,563832591852.2076
2021-10-29,2021-10-29 16:00:00+00:00,2021-10-29,0,1174.94,74963000.0,62299.99,,0.0,0.024102184031284724,,,0.01946323270285566,588589831071.2227
2021-10-30,2021-10-30 16:00:00+00:00,2021-10-29,1,1174.94,73420000.0,61377.19,,0.0,0.018102934897385348,,,0.010073677390867175,410743709054.4516
2021-10-31,2021-10-31 16:00:00+00:00,2021-10-29,2,1174.94,71890000.0,60460.23,,0.0,0.012005794886313259,,,0.005101286998365984,599511330782.131
2021-11-01,2021-11-01 16:00:00+00:00,2021-11-01,0,1177.73,73060000.0,61550.89,,0.0,0.007858569864657827,,,0.009258261237450105,450429468240.6183
2021-11-02,2021-11-02 16:00:00+00:00,2021-11-02,0,1177.04,75290000.0,64018.73,,0.0,-0.0008308400008606442,,,-0.003527057700777103,541290966237.3228
2021-11-03,2021-11-03 16:00:00+00:00,2021-11-03,0,1184.56,73400000.0,62190.0,,0.0,-0.0036350542494377747,,,0.001279727448350032,542078873536.3821
2021-11-04,2021-11-04 16:00:00+00:00,2021-11-04,0,1186.77,73772000.0,61035.01,,0.0,0.01846469341041823,,,0.012973115581655481,510749692069.70667
2021-11-05,2021-11-05 16:00:00+00:00,2021-11-05,0,1183.28,74034000.0,60782.17,,0.0,0.029360478121177813,,,0.02794959809358999,414206872947.0283
2021-11-06,2021-11-06 16:00:00+00:00,2021-11-05,1,1183.28,74085000.0,60648.59,,0.0,0.03233832982021978,,,0.0252699180534961,304297149031.2142
2021-11-07,2021-11-07 17:00:00+00:00,2021-11-05,2,1183.28,75319000.0,62042.04,,0.0,0.025961235482852008,,,0.022246802643866248,293828152364.97845
2021-11-08,2021-11-08 17:00:00+00:00,2021-11-08,0,1180.64,79771000.0,65932.46,,0.0,0.024774389776073047,,,0.021064051900569147,674188290566.0901
2021-11-09,2021-11-09 17:00:00+00:00,2021-11-09,0,1178.64,80146000.0,66693.0,,0.0,0.019577922391597946,,,0.024710169225832024,772859918381.4205
2021-11-10,2021-11-10 17:00:00+00:00,2021-11-10,0,1181.16,81886000.0,68524.69,,0.0,0.011704883606286298,,,0.03945205949442432,773245094191.8436
2021-11-11,2021-11-11 17:00:00+00:00,2021-11-10,1,1181.16,78900000.0,65034.3,,0.0,0.027130917400159493,,,0.031476590430367324,874219216358.0145
2021-11-12,2021-11-12 17:00:00+00:00,2021-11-12,0,1179.23,77200000.0,63082.75,,0.0,0.03778685052842268,,,0.033725418637756244,576323527581.5303
2021-11-13,2021-11-13 17:00:00+00:00,2021-11-12,1,1179.23,78349000.0,64616.64,,0.0,0.028230701456117613,,,0.025661257776486535,346665427079.88684
2021-11-14,2021-11-14 17:00:00+00:00,2021-11-12,2,1179.23,77688000.0,63705.58,,0.0,0.03413669271044051,,,0.026506036171760394,293189049375.6878
2021-11-15,2021-11-15 17:00:00+00:00,2021-11-15,0,1181.61,77977000.0,64275.7,,0.0,0.026704699208383698,,,0.032513215388532135,505957163980.36255
2021-11-16,2021-11-16 17:00:00+00:00,2021-11-16,0,1183.3,74505000.0,60647.89,,0.0,0.03818526015692414,,,0.03981190733343154,968455281379.1488
2021-11-17,2021-11-17 17:00:00+00:00,2021-11-17,0,1182.4,73884000.0,60388.99,,0.0,0.034732791528234275,,,0.03620408515103235,777776882447.7549
2021-11-18,2021-11-18 17:00:00+00:00,2021-11-18,0,1183.42,71901000.0,57276.9,,0.0,0.06075850203628885,,,0.048781835280241825,999034478069.1625
2021-11-19,2021-11-19 17:00:00+00:00,2021-11-19,0,1184.93,72100000.0,58151.12,,0.0,0.04636808753166055,,,0.04397811043515043,764685960832.0629
2021-11-20,2021-11-20 17:00:00+00:00,2021-11-19,1,1184.93,71981000.0,57771.68,,0.0,0.05150219534636369,,,0.04126943283545792,393665103187.2724
2021-11-21,2021-11-21 17:00:00+00:00,2021-11-19,2,1184.93,74105000.0,59857.69,,0.0,0.04480408948059189,,,0.05159596258693844,344898131488.13446
2021-11-22,2021-11-22 17:00:00+00:00,2021-11-22,0,1185.33,71773000.0,57716.56,,0.0,0.04911086464810244,,,0.058758718508439944,518057293016.6148
2021-11-23,2021-11-23 17:00:00+00:00,2021-11-23,0,1190.31,71758000.0,57458.78,,0.0,0.04918927629438641,,,0.04832759105412099,602965720663.0339
2021-11-24,2021-11-24 17:00:00+00:00,2021-11-24,0,1186.01,70801000.0,56608.82,,0.0,0.05454942373445415,,,0.05774847255398763,499814880928.87976
2021-11-25,2021-11-25 17:00:00+00:00,2021-11-24,1,1186.01,73695000.0,58985.85,,0.0,0.05342065668662688,,,0.046382608918958734,665964694718.6251
2021-11-26,2021-11-26 17:00:00+00:00,2021-11-26,0,1194.43,69511000.0,54275.13,,0.0,0.07223989291312738,,,0.0681976760908698,842514128608.135
2021-11-27,2021-11-27 17:00:00+00:00,2021-11-26,1,1194.43,69844000.0,54902.02,,0.0,0.0650747212613243,,,0.07158091571772984,411868410751.5126
2021-11-28,2021-11-28 17:00:00+00:00,2021-11-26,2,1194.43,69509000.0,54188.43,,0.0,0.073924546996331,,,0.05689398596351802,302547334382.5064
2021-11-29,2021-11-29 17:00:00+00:00,2021-11-29,0,1192.96,71784000.0,57467.8,,0.0,0.047073578968730656,,,0.04809947877769183,467808699221.98737
2021-11-30,2021-11-30 17:00:00+00:00,2021-11-30,0,1187.45,70823000.0,56777.38,,0.0,0.05046996416518357,,,0.04548635354359187,631192280321.3882
2021-12-01,2021-12-01 17:00:00+00:00,2021-12-01,0,1187.45,72260000.0,58430.46,,0.0,0.04146174017964066,,,0.04466321189706779,526375968590.25977
2021-12-02,2021-12-02 17:00:00+00:00,2021-12-02,0,1175.18,70226000.0,56329.0,,0.0,0.06086836525766137,,,0.06274141274587564,663261952027.3839
2021-12-03,2021-12-03 17:00:00+00:00,2021-12-03,0,1179.84,69351000.0,55000.0,,0.0,0.06872734669724112,,,0.0760956155817667,956263861969.2124
2021-12-04,2021-12-04 17:00:00+00:00,2021-12-03,1,1179.84,60354000.0,47842.97,,0.0,0.06921442828717916,,,0.07266426657306235,1857778413813.8596
2021-12-05,2021-12-05 17:00:00+00:00,2021-12-03,2,1179.84,60913000.0,48479.81,,0.0,0.06494202169514107,,,0.0617235493634285,811937751299.6827
2021-12-06,2021-12-06 17:00:00+00:00,2021-12-06,0,1182.29,61097000.0,49129.72,,0.0,0.05184459747880932,,,0.050120286500910494,655355708155.1646
2021-12-07,2021-12-07 17:00:00+00:00,2021-12-07,0,1179.24,63685000.0,51358.51,,0.0,0.05153210135859276,,,0.05946520170115965,567841956692.5712
2021-12-08,2021-12-08 17:00:00+00:00,2021-12-08,0,1175.19,62216000.0,50439.61,,0.0,0.0495962701748196,,,0.04895639376257521,470777526620.5627
2021-12-09,2021-12-09 17:00:00+00:00,2021-12-09,0,1173.59,60317000.0,48504.98,,0.0,0.05958793037172061,,,0.06498269054059991,388688767432.2656
2021-12-10,2021-12-10 17:00:00+00:00,2021-12-10,0,1180.99,59676000.0,47533.58,,0.0,0.06304820999545968,,,0.07203723937442907,495539928179.3339
2021-12-11,2021-12-11 17:00:00+00:00,2021-12-10,1,1180.99,60948000.0,48983.91,,0.0,0.05356125303632231,,,0.05311099509967443,245868811535.64294
2021-12-12,2021-12-12 17:00:00+00:00,2021-12-10,2,1180.99,62046000.0,49875.08,,0.0,0.05337731882103869,,,0.0496648270773401,201589750954.69977
2021-12-13,2021-12-13 17:00:00+00:00,2021-12-13,0,1184.19,59170000.0,47141.41,,0.0,0.059931042925348565,,,0.060050171045763046,406522097678.38403
2021-12-14,2021-12-14 17:00:00+00:00,2021-12-14,0,1182.7,58023000.0,46737.53,,0.0,0.04968701754212401,,,0.048174446375563784,452916164148.56195
2021-12-15,2021-12-15 17:00:00+00:00,2021-12-15,0,1186.06,58467000.0,47004.32,,0.0,0.04873648360186733,,,0.05592444584672718,464884896194.2135
2021-12-16,2021-12-16 17:00:00+00:00,2021-12-16,0,1183.59,60598000.0,48506.58,,0.0,0.05549540792208196,,,0.06101386426399258,600616870220.701
2021-12-17,2021-12-17 17:00:00+00:00,2021-12-17,0,1181.03,58939000.0,47077.3,,0.0,0.06005960758141282,,,0.06614380825600974,546096806127.4503
2021-12-18,2021-12-18 17:00:00+00:00,2021-12-17,1,1181.03,58379000.0,46799.94,,0.0,0.05621036651564948,,,0.055847237052339516,353332167232.02563
2021-12-19,2021-12-19 17:00:00+00:00,2021-12-17,2,1181.03,58777000.0,47162.04,,0.0,0.05524646007979239,,,0.05798938573803514,336901154099.9646
2021-12-20,2021-12-20 17:00:00+00:00,2021-12-20,0,1191.07,57610000.0,46412.41,,0.0,0.04214096843874726,,,0.038171545071865154,374397893466.4089
2021-12-21,2021-12-21 17:00:00+00:00,2021-12-21,0,1192.35,59815000.0,48685.19,,0.0,0.03040861674294293,,,0.029662676747656214,414050677864.8411
2021-12-22,2021-12-22 17:00:00+00:00,2021-12-22,0,1190.21,60052000.0,48998.0,,0.0,0.029735126524403244,,,0.03325060174138428,352135990960.1777
2021-12-23,2021-12-23 17:00:00+00:00,2021-12-23,0,1187.59,60030000.0,49089.49,,0.0,0.029706113470614692,,,0.01845673551885496,294882570848.0822
2021-12-24,2021-12-24 17:00:00+00:00,2021-12-23,1,1187.59,62192000.0,50926.97,,0.0,0.028300752329263323,,,0.026273220763360916,409979224969.80396
2021-12-25,2021-12-25 17:00:00+00:00,2021-12-23,2,1187.59,61418000.0,50600.02,,0.0,0.022064842784709437,,,0.022101528024012218,236048890643.99542
2021-12-26,2021-12-26 17:00:00+00:00,2021-12-23,3,1187.59,60899000.0,50240.53,,0.0,0.020679558438234436,,,0.01934538725321744,254713375628.10547
2021-12-27,2021-12-27 17:00:00+00:00,2021-12-27,0,1186.82,61974000.0,51468.0,,0.0,0.014582528178097132,,,0.02217782505192023,306671703411.39856
2021-12-28,2021-12-28 17:00:00+00:00,2021-12-28,0,1188.15,59532000.0,48627.97,,0.0,0.030369656586534788,,,0.03159734332935504,406286503267.91113
2021-12-29,2021-12-29 17:00:00+00:00,2021-12-29,0,1185.51,57946000.0,47727.43,,0.0,0.024118451897757298,,,0.03639295097053474,503226454672.44885
2021-12-30,2021-12-30 17:00:00+00:00,2021-12-30,0,1188.59,57856000.0,47578.69,,0.0,0.023066471815088363,,,0.021293708257595467,344719323493.20197
2021-12-31,2021-12-31 17:00:00+00:00,2021-12-30,1,1188.59,57900000.0,47471.66,,0.0,0.026152891308975024,,,0.03369595356698585,258247768999.1002
2022-01-01,2022-01-01 17:00:00+00:00,2021-12-30,2,1188.59,57605000.0,47268.62,,0.0,0.025309982116493712,,,0.021020441223546626,186345080800.84625
2022-01-02,2022-01-02 17:00:00+00:00,2021-12-30,3,1188.59,58118000.0,47792.3,,0.0,0.023106060180918764,,,0.023612592183974712,191603631165.51147
2022-01-03,2022-01-03 17:00:00+00:00,2022-01-03,0,1191.39,56737000.0,46482.34,,0.0,0.024529422353704478,,,0.023593946566774493,337161227227.53284
2022-01-04,2022-01-04 17:00:00+00:00,2022-01-04,0,1193.77,56832000.0,46767.27,,0.0,0.017958938127147883,,,0.02394539377853122,339985290656.3265
2022-01-05,2022-01-05 17:00:00+00:00,2022-01-05,0,1196.38,56399000.0,46301.62,,0.0,0.01813665452163349,,,0.035971353256073924,329160036929.84204
2022-01-06,2022-01-06 17:00:00+00:00,2022-01-06,0,1205.02,52865000.0,42882.22,,0.0,0.02304967306226713,,,0.0255023336452167,559429315826.1162
2022-01-07,2022-01-07 17:00:00+00:00,2022-01-07,0,1200.78,52159000.0,42135.26,,0.0,0.0309085287251627,,,0.030790111669356524,394084375034.5246
2022-01-08,2022-01-08 17:00:00+00:00,2022-01-07,1,1200.78,51319000.0,41346.01,,0.0,0.033668148353234395,,,0.041835707941972444,163052844396.70065
2022-01-09,2022-01-09 17:00:00+00:00,2022-01-07,2,1200.78,51950000.0,42143.04,,0.0,0.026588147465898215,,,0.02800469544793338,215505972939.0911
2022-01-10,2022-01-10 17:00:00+00:00,2022-01-10,0,1199.13,51345000.0,41904.4,,0.0,0.021814975133801928,,,0.021842161671898896,389566833638.7386
2022-01-11,2022-01-11 17:00:00+00:00,2022-01-11,0,1194.62,51933000.0,42705.24,,0.0,0.01796410149373817,,,0.02471797520379937,294323147352.0055
2022-01-12,2022-01-12 17:00:00+00:00,2022-01-12,0,1187.34,53158000.0,43611.02,,0.0,0.026590614867795015,,,0.023435199970856413,320995385573.68134
2022-01-13,2022-01-13 17:00:00+00:00,2022-01-13,0,1187.95,52711000.0,43250.89,,0.0,0.025907122432152763,,,0.026221046964509886,271035679634.4009
2022-01-14,2022-01-14 17:00:00+00:00,2022-01-14,0,1186.96,52350000.0,43201.06,,0.0,0.020907041658797754,,,0.021904520029395247,284424866501.89685
2022-01-15,2022-01-15 17:00:00+00:00,2022-01-14,1,1186.96,52427000.0,43338.22,,0.0,0.019172867872655264,,,0.02381085494828472,141984207955.10956
2022-01-16,2022-01-16 17:00:00+00:00,2022-01-14,2,1186.96,52449000.0,43381.45,,0.0,0.01858450351743901,,,0.02035551942964431,115787612863.01022
2022-01-17,2022-01-17 17:00:00+00:00,2022-01-14,3,1186.96,51478000.0,42217.03,,0.0,0.027301458659984013,,,0.02683811634715849,139269620351.29663
2022-01-18,2022-01-18 17:00:00+00:00,2022-01-18,0,1192.74,50546000.0,41706.66,,0.0,0.016098001919060634,,,0.01314325453034404,207712855438.79572
2022-01-19,2022-01-19 17:00:00+00:00,2022-01-19,0,1188.51,50641000.0,41912.76,,0.0,0.016607179175988973,,,0.016554357673673303,248250191983.1272
2022-01-20,2022-01-20 17:00:00+00:00,2022-01-20,0,1191.96,52120000.0,43274.78,,0.0,0.010433780142915294,,,0.02388084344971908,202862330264.39618
2022-01-21,2022-01-21 17:00:00+00:00,2022-01-21,0,1193.87,47291000.0,38720.72,,0.0,0.023005654121009078,,,0.041484666322507024,573529111720.7788
2022-01-22,2022-01-22 17:00:00+00:00,2022-01-21,1,1193.87,43312000.0,35100.02,,0.0,0.033579377025420465,,,0.035926870645820674,705581349896.7742
2022-01-23,2022-01-23 17:00:00+00:00,2022-01-21,2,1193.87,43288000.0,35228.45,,0.0,0.029240687964755985,,,0.02268754404511175,250182464027.32593
2022-01-24,2022-01-24 17:00:00+00:00,2022-01-24,0,1195.68,42252000.0,34417.76,,0.0,0.026714520941893083,,,0.020462466221903064,407712959120.5799
2022-01-25,2022-01-25 17:00:00+00:00,2022-01-25,0,1198.66,44817000.0,36837.7,,0.0,0.014972469254393328,,,0.01373665534949331,369508798555.6165
2022-01-26,2022-01-26 17:00:00+00:00,2022-01-26,0,1197.46,46600000.0,38264.86,,0.0,0.017008945249596064,,,0.023192848966150814,384856400975.7785
2022-01-27,2022-01-27 17:00:00+00:00,2022-01-27,0,1202.65,44689000.0,36528.86,,0.0,0.017244293231681862,,,0.025025528377811135,413283064846.96106
2022-01-28,2022-01-28 17:00:00+00:00,2022-01-28,0,1209.04,45855000.0,37103.62,,0.0,0.022185568070803408,,,0.021648077546888356,284603869014.2875
2022-01-29,2022-01-29 17:00:00+00:00,2022-01-28,1,1209.04,46418000.0,37538.19,,0.0,0.022756920128804037,,,0.021687260659667196,193083320574.1
2022-01-30,2022-01-30 17:00:00+00:00,2022-01-28,2,1209.04,46914000.0,37832.44,,0.0,0.025645885618328368,,,0.030729685270625362,137992030140.08536
2022-01-31,2022-01-31 17:00:00+00:00,2022-01-31,0,1206.78,47287000.0,38341.99,,0.0,0.021972027021171625,,,0.01820109132319847,201437613486.1791
2022-02-01,2022-02-01 17:00:00+00:00,2022-02-01,0,1209.44,48080000.0,39110.89,,0.0,0.016441602473919348,,,0.02053931681871579,201700342680.6368
2022-02-02,2022-02-02 17:00:00+00:00,2022-02-02,0,1201.7,46289000.0,37336.71,,0.0,0.031681614080277365,,,0.026582947572471927,191816220882.24234
2022-02-03,2022-02-03 17:00:00+00:00,2022-02-03,0,1206.35,45292000.0,36687.0,,0.0,0.023377749886674515,,,0.01830978708811326,182314461063.26724
2022-02-04,2022-02-04 17:00:00+00:00,2022-02-04,0,1199.43,49250000.0,40268.51,,0.0,0.019684381735504353,,,0.015393384617073291,288589752357.38214
2022-02-05,2022-02-05 17:00:00+00:00,2022-02-04,1,1199.43,50686000.0,41283.81,,0.0,0.023607222206950773,,,0.023218857746863497,332634533916.22504
2022-02-06,2022-02-06 17:00:00+00:00,2022-02-04,2,1199.43,51090000.0,41640.85,,0.0,0.022919386505063644,,,0.017687626075541196,203263742587.377
2022-02-07,2022-02-07 17:00:00+00:00,2022-02-07,0,1198.64,53375000.0,43797.71,,0.0,0.016711457853147094,,,0.018319016684143374,314215645354.32733
2022-02-08,2022-02-08 17:00:00+00:00,2022-02-08,0,1198.05,52775000.0,43017.01,,0.0,0.024030938784667555,,,0.01677786441845175,578705874362.4739
2022-02-09,2022-02-09 17:00:00+00:00,2022-02-09,0,1196.36,53264000.0,44077.34,,0.0,0.01008173069148044,,,0.01081745534377454,292802698036.06274
2022-02-10,2022-02-10 17:00:00+00:00,2022-02-10,0,1196.31,55017000.0,45382.86,,0.0,0.013354290946913983,,,0.020928038386285097,450504148784.62146
2022-02-11,2022-02-11 17:00:00+00:00,2022-02-11,0,1198.72,52970000.0,43577.92,,0.0,0.014018140107360688,,,0.021415074332206796,289094115319.36206
2022-02-12,2022-02-12 17:00:00+00:00,2022-02-11,1,1198.72,52169000.0,42730.49,,0.0,0.018490277735399907,,,0.019554349232653312,311319400373.8111
2022-02-13,2022-02-13 17:00:00+00:00,2022-02-11,2,1198.72,51710000.0,42311.15,,0.0,0.01953457167212469,,,0.02260313334876818,153922900877.15207
2022-02-14,2022-02-14 17:00:00+00:00,2022-02-14,0,1196.21,51830000.0,42651.0,,0.0,0.01588503322650947,,,0.013837592155615308,213376075349.96964
2022-02-15,2022-02-15 17:00:00+00:00,2022-02-15,0,1199.78,53297000.0,44123.18,,0.0,0.006779446924997545,,,0.007259330064215197,248459210308.52228
2022-02-16,2022-02-16 17:00:00+00:00,2022-02-16,0,1197.51,53119000.0,43647.36,,0.0,0.01627855443902071,,,0.01444589308391464,245490686993.5889
2022-02-17,2022-02-17 17:00:00+00:00,2022-02-17,0,1197.39,51140000.0,41979.68,,0.0,0.017386506032888827,,,0.017787073662852704,309114351063.3985
2022-02-18,2022-02-18 17:00:00+00:00,2022-02-18,0,1195.4,48850000.0,39933.41,,0.0,0.02332814634809588,,,0.025730730543141123,370297182344.28613
2022-02-19,2022-02-19 17:00:00+00:00,2022-02-18,1,1195.4,48623000.0,39946.4,,0.0,0.018241639714902336,,,0.02346785987979172,147530338503.7297
2022-02-20,2022-02-20 17:00:00+00:00,2022-02-18,2,1195.4,46847000.0,38271.61,,0.0,0.023980769868552132,,,0.027094668306431702,252871773797.17908
2022-02-21,2022-02-21 17:00:00+00:00,2022-02-18,3,1195.4,47208000.0,38696.1,,0.0,0.020552035922902334,,,0.027361160180421562,304420973824.2251
2022-02-22,2022-02-22 17:00:00+00:00,2022-02-22,0,1192.07,45864000.0,37709.99,,0.0,0.020266795965703688,,,0.01976534309981348,312882753837.9701
2022-02-23,2022-02-23 17:00:00+00:00,2022-02-23,0,1193.42,46842000.0,38638.24,,0.0,0.015838766230358958,,,0.024476332104587106,257457348623.36905
2022-02-24,2022-02-24 17:00:00+00:00,2022-02-24,0,1202.34,44460000.0,36156.98,,0.0,0.02270413924057113,,,0.018329415808352678,622903457085.0265
2022-02-25,2022-02-25 17:00:00+00:00,2022-02-25,0,1201.93,48078000.0,39374.0,,0.0,0.01591572093681526,,,0.01468651121026765,436237434340.9777
2022-02-26,2022-02-26 17:00:00+00:00,2022-02-25,1,1201.93,47822000.0,39148.75,,0.0,0.01632043993723964,,,0.01687613085383477,238372226010.16254
2022-02-27,2022-02-27 17:00:00+00:00,2022-02-25,2,1201.93,47655000.0,39092.99,,0.0,0.014215889429430861,,,0.023092448670725574,217278286033.22256
2022-02-28,2022-02-28 17:00:00+00:00,2022-02-28,0,1202.28,49720000.0,41010.09,,0.0,0.008404499738504434,,,0.008510151379663267,391309129152.3623
2022-03-01,2022-03-01 17:00:00+00:00,2022-03-01,0,1204.34,52896000.0,43385.53,,0.0,0.012345633076273455,,,0.005453862732731629,734409666517.692
2022-03-02,2022-03-02 17:00:00+00:00,2022-03-02,0,1205.58,53801000.0,44243.19,,0.0,0.008667158300867506,,,0.00836225338783203,420164802936.2553
2022-03-03,2022-03-03 17:00:00+00:00,2022-03-03,0,1204.35,51864000.0,42416.84,,0.0,0.015254634396952627,,,0.013935701498862807,272990243578.9763
2022-03-04,2022-03-04 17:00:00+00:00,2022-03-04,0,1213.71,50197000.0,40754.4,,0.0,0.014818389895379758,,,0.019675418453530824,352196190811.0198
2022-03-05,2022-03-05 17:00:00+00:00,2022-03-04,1,1213.71,48571000.0,39334.06,,0.0,0.01740376134723065,,,0.016464656409844736,341575705951.64624
2022-03-06,2022-03-06 17:00:00+00:00,2022-03-04,2,1213.71,48419000.0,39211.05,,0.0,0.01740159332494917,,,0.023873849468607045,212119827120.94214
2022-03-07,2022-03-07 17:00:00+00:00,2022-03-07,0,1226.78,48072000.0,38828.33,,0.0,0.009198954330484899,,,0.01742554723392309,301910120960.2445
2022-03-08,2022-03-08 17:00:00+00:00,2022-03-08,0,1237.18,47745000.0,38309.73,,0.0,0.0073628155276113105,,,0.006182370667579207,258908050436.19724
2022-03-09,2022-03-09 17:00:00+00:00,2022-03-09,0,1234.01,51830000.0,42233.16,,0.0,-0.005490463450921301,,,-0.0036032110890027447,469861861075.0365
2022-03-10,2022-03-10 17:00:00+00:00,2022-03-10,0,1228.21,48687000.0,39141.28,,0.0,0.012757252809318276,,,0.010295763714101014,501816480985.79553
2022-03-11,2022-03-11 17:00:00+00:00,2022-03-11,0,1231.47,48383000.0,38724.67,,0.0,0.014568166225200407,,,0.013014057983179228,340870605338.98065
2022-03-12,2022-03-12 17:00:00+00:00,2022-03-11,1,1231.47,48705000.0,39147.7,,0.0,0.010283964360845221,,,0.014854549089803326,159858026850.8715
2022-03-13,2022-03-13 16:00:00+00:00,2022-03-11,2,1231.47,48497000.0,38936.0,,0.0,0.011439020988994075,,,0.02124470819176394,156696966234.92297
2022-03-14,2022-03-14 16:00:00+00:00,2022-03-14,0,1241.46,48473000.0,38964.25,,0.0,0.002076429272251934,,,-0.0016125548129789502,295155075084.3233
2022-03-15,2022-03-15 16:00:00+00:00,2022-03-15,0,1242.65,48438000.0,39017.11,,0.0,-0.0009613718626544365,,,-0.0035176416146673883,281461775667.7511
2022-03-16,2022-03-16 16:00:00+00:00,2022-03-16,0,1228.04,50044000.0,40611.67,,0.0,0.003433633702835559,,,-0.0019932122086163684,531758197573.3685
2022-03-17,2022-03-17 16:00:00+00:00,2022-03-17,0,1214.33,49861000.0,40798.56,,0.0,0.006420385898929348,,,0.007671223840868491,452847458878.7004
2022-03-18,2022-03-18 16:00:00+00:00,2022-03-18,0,1212.2,50057000.0,40931.08,,0.0,0.008874939724131004,,,0.0029938958454103215,228911153569.7163
2022-03-19,2022-03-19 16:00:00+00:00,2022-03-18,1,1212.2,50957000.0,41937.68,,0.0,0.0023633307441053297,,,0.0017356683454743393,309157068315.4604
2022-03-20,2022-03-20 16:00:00+00:00,2022-03-18,2,1212.2,50566000.0,41340.3,,0.0,0.009045376412185169,,,0.008878221475590253,223499475143.267
2022-03-21,2022-03-21 16:00:00+00:00,2022-03-21,0,1216.12,50316000.0,41224.48,,0.0,0.0036319801433593035,,,0.00530133066393379,227399606390.97452
2022-03-22,2022-03-22 16:00:00+00:00,2022-03-22,0,1217.09,51836000.0,42573.81,,0.0,0.0003829227736624752,,,0.0027742117510027864,438236000667.5813
2022-03-23,2022-03-23 16:00:00+00:00,2022-03-23,0,1217.92,51865000.0,42618.18,,0.0,-0.0007809145315301746,,,-0.0017188376486189094,260140752929.55804
2022-03-24,2022-03-24 16:00:00+00:00,2022-03-24,0,1220.45,53104000.0,44000.01,,0.0,-0.01109523814033142,,,-0.013473379513977313,348313486565.5517
2022-03-25,2022-03-25 16:00:00+00:00,2022-03-25,0,1218.77,53633000.0,44318.21,,0.0,-0.007048300113789208,,,-0.0040096248236972665,333248655966.08105
2022-03-26,2022-03-26 16:00:00+00:00,2022-03-25,1,1218.77,53800000.0,44205.31,,0.0,-0.0014126052311203008,,,-0.0063964411225893025,190707417834.47763
2022-03-27,2022-03-27 16:00:00+00:00,2022-03-25,2,1218.77,54107000.0,44857.52,,0.0,-0.010316249090131069,,,-0.01968152088212194,189517437393.10403
2022-03-28,2022-03-28 16:00:00+00:00,2022-03-28,0,1225.46,57085000.0,47422.51,,0.0,-0.01771315366917492,,,-0.014414469212283176,424524156303.05615
2022-03-29,2022-03-29 16:00:00+00:00,2022-03-29,0,1219.21,57171000.0,47440.0,,0.0,-0.011554810330903886,,,-0.01466261069767083,366733937837.1867
2022-03-30,2022-03-30 16:00:00+00:00,2022-03-30,0,1208.46,56691000.0,47160.81,,0.0,-0.005280613133061274,,,-0.004567232517528441,287840483700.0606
2022-03-31,2022-03-31 16:00:00+00:00,2022-03-31,0,1211.55,56165000.0,46453.81,,0.0,-0.0020630989379527565,,,0.003880216358444377,262671669735.9466
2022-04-01,2022-04-01 16:00:00+00:00,2022-04-01,0,1215.29,56542000.0,46532.0,,0.0,-0.0001392448718986472,,,0.002153636287356875,403283894266.4401
2022-04-02,2022-04-02 16:00:00+00:00,2022-04-01,1,1215.29,56353000.0,46295.06,,0.0,0.0016187952168535968,,,0.006759926980099529,220023764462.0504
2022-04-03,2022-04-03 16:00:00+00:00,2022-04-01,2,1215.29,56645000.0,46412.49,,0.0,0.004261441068077021,,,0.004266285356815835,174437813888.69684
2022-04-04,2022-04-04 16:00:00+00:00,2022-04-04,0,1214.72,55932000.0,45633.88,,0.0,0.009013021376498509,,,0.008354610612513635,317038397335.08765
2022-04-05,2022-04-05 16:00:00+00:00,2022-04-05,0,1212.55,56272000.0,45763.72,,0.0,0.01407803334063562,,,0.0178898052663381,310186216496.88403
2022-04-06,2022-04-06 16:00:00+00:00,2022-04-06,0,1212.55,54327000.0,44168.35,,0.0,0.014389842756521443,,,0.013862409783845342,336720304638.7479
2022-04-07,2022-04-07 16:00:00+00:00,2022-04-07,0,1218.96,53566000.0,43331.81,,0.0,0.014128370157698411,,,0.0161881249116258,332542791311.3745
2022-04-08,2022-04-08 16:00:00+00:00,2022-04-08,0,1225.13,54134000.0,43648.01,,0.0,0.012333236875632148,,,0.022598530943238382,237491392489.42584
2022-04-09,2022-04-09 16:00:00+00:00,2022-04-08,1,1225.13,52760000.0,42260.77,,0.0,0.019025862784617598,,,0.01677820997654411,179824283816.86298
2022-04-10,2022-04-10 16:00:00+00:00,2022-04-08,2,1225.13,53329000.0,42747.47,,0.0,0.018288523731263995,,,0.022631683877456288,93927486351.26646
2022-04-11,2022-04-11 16:00:00+00:00,2022-04-11,0,1233.38,51322000.0,40581.51,,0.0,0.02536494988817206,,,0.026538924773526817,229321830325.65454
2022-04-12,2022-04-12 16:00:00+00:00,2022-04-12,0,1236.03,50586000.0,40179.13,,0.0,0.018593262518780795,,,0.021059787867445223,297290705755.78925
2022-04-13,2022-04-13 16:00:00+00:00,2022-04-13,0,1227.17,51531000.0,41158.18,,0.0,0.02025252540664524,,,0.023856987632139504,170109212761.26453
2022-04-14,2022-04-14 16:00:00+00:00,2022-04-14,0,1224.18,50419000.0,39964.02,,0.0,0.030575420306914847,,,0.027575240840830517,160548125812.2828
2022-04-15,2022-04-15 16:00:00+00:00,2022-04-15,0,1227.97,50699000.0,40412.2,,0.0,0.0216429507681013,,,0.021155764057807724,141971391580.76505
2022-04-16,2022-04-16 16:00:00+00:00,2022-04-15,1,1227.97,50302000.0,40062.68,,0.0,0.022486300332274167,,,0.01982814142072442,68885985252.82532
2022-04-17,2022-04-17 16:00:00+00:00,2022-04-15,2,1227.97,50533000.0,40445.3,,0.0,0.017464496478780234,,,0.025418082466197145,60027676513.29285
2022-04-18,2022-04-18 16:00:00+00:00,2022-04-18,0,1233.73,49332000.0,39254.5,,0.0,0.018636297441813943,,,0.009961184146671798,169352666513.7755
2022-04-19,2022-04-19 16:00:00+00:00,2022-04-19,0,1236.53,51523000.0,41445.87,,0.0,0.005345236774711326,,,0.0029320850403038445,185940259936.75275
2022-04-20,2022-04-20 16:00:00+00:00,2022-04-20,0,1235.28,51344000.0,41261.73,,0.0,0.0073418031900032155,,,0.005853615828874226,140685014357.81915
2022-04-21,2022-04-21 16:00:00+00:00,2022-04-21,0,1238.13,52231000.0,42135.33,,0.0,0.001188135634800691,,,0.013677012271390732,190210007409.6761
2022-04-22,2022-04-22 16:00:00+00:00,2022-04-22,0,1239.66,49795000.0,39433.6,,0.0,0.01863060804830008,,,0.014446016834429809,189578311677.01868
2022-04-23,2022-04-23 16:00:00+00:00,2022-04-22,1,1239.66,50000000.0,39792.65,,0.0,0.013595220951515774,,,0.017340023915670688,125130509054.76219
2022-04-24,2022-04-24 16:00:00+00:00,2022-04-22,2,1239.66,49885000.0,39656.49,,0.0,0.014736112482411912,,,0.014625406962967213,79826286852.10124
2022-04-25,2022-04-25 16:00:00+00:00,2022-04-25,0,1249.87,49318000.0,38976.76,,0.0,0.012359767317323911,,,0.0017150196803243922,178651530207.36374
2022-04-26,2022-04-26 16:00:00+00:00,2022-04-26,0,1260.37,49073000.0,38563.94,,0.0,0.009632106783357575,,,0.01542507061371512,172354430115.55457
2022-04-27,2022-04-27 16:00:00+00:00,2022-04-27,0,1269.35,49609000.0,39005.76,,0.0,0.0019599010248509963,,,0.003014601969340225,199070517162.71066
2022-04-28,2022-04-28 16:00:00+00:00,2022-04-28,0,1271.5,50350000.0,39438.01,,0.0,0.004079539973286916,,,0.0009490610926676801,141285722351.82465
2022-04-29,2022-04-29 16:00:00+00:00,2022-04-29,0,1255.87,50006000.0,39004.86,,0.0,0.02084241651508223,,,0.025980178556265,147832364762.69315
2022-04-30,2022-04-30 16:00:00+00:00,2022-04-29,1,1255.87,49551000.0,38466.56,,0.0,0.025709522574205224,,,0.04281915370210343,102156930413.55942
2022-05-01,2022-05-01 16:00:00+00:00,2022-04-29,2,1255.87,49461000.0,38490.0,,0.0,0.023223004009337522,,,0.022184343364882286,152177640946.20584
2022-05-02,2022-05-02 16:00:00+00:00,2022-05-02,0,1265.24,49653000.0,38696.05,,0.0,0.014158755454712013,,,0.015928798543693334,132576590782.89401
2022-05-03,2022-05-03 16:00:00+00:00,2022-05-03,0,1267.82,49170000.0,38326.36,,0.0,0.011917333453487,,,0.01972429924664021,118080470144.50937
2022-05-04,2022-05-04 16:00:00+00:00,2022-05-04,0,1265.22,50032000.0,38973.2,,0.0,0.014648807529616725,,,0.007953910554700405,157290049218.91464
2022-05-05,2022-05-05 16:00:00+00:00,2022-05-05,0,1256.05,48037000.0,36909.67,,0.0,0.03616468628086911,,,0.0377815931974157,265886214205.12
2022-05-06,2022-05-06 16:00:00+00:00,2022-05-06,0,1272.58,46819000.0,36004.34,,0.0,0.021838321227851454,,,0.02619650894679193,284383047118.8984
2022-05-07,2022-05-07 16:00:00+00:00,2022-05-06,1,1272.58,46857000.0,35962.47,,0.0,0.02385834289668387,,,0.03025037544863829,73483201216.35085
2022-05-08,2022-05-08 16:00:00+00:00,2022-05-06,2,1272.58,45160000.0,34357.92,,0.0,0.03286122941929359,,,0.033553265071049276,167480888319.62872
2022-05-09,2022-05-09 16:00:00+00:00,2022-05-09,0,1276.29,43059000.0,32341.53,,0.0,0.04316741237733357,,,0.06814723923805466,244784543427.17523
2022-05-10,2022-05-10 16:00:00+00:00,2022-05-10,0,1275.02,41263000.0,31320.0,,0.0,0.03328957872956906,,,0.03789316851282876,554051459872.74
2022-05-11,2022-05-11 16:00:00+00:00,2022-05-11,0,1275.04,41721000.0,30977.61,,0.0,0.05628957139560864,,,0.0857295836423484,1183663795762.1248
2022-05-12,2022-05-12 16:00:00+00:00,2022-05-12,0,1288.65,39074000.0,29021.27,,0.0,0.04480797858170149,,,0.04902038223807459,998731030013.1757
2022-05-13,2022-05-13 16:00:00+00:00,2022-05-13,0,1283.51,40197000.0,30339.99,,0.0,0.03223588239875497,,,0.044686580324267755,585003575838.3212
2022-05-14,2022-05-14 16:00:00+00:00,2022-05-13,1,1283.51,38684000.0,28818.06,,0.0,0.04584512582913902,,,0.03496856884308874,248954652642.86652
2022-05-15,2022-05-15 16:00:00+00:00,2022-05-13,2,1283.51,39518000.0,30013.47,,0.0,0.02583967353306682,,,0.017285254555244656,174222793169.4252
2022-05-16,2022-05-16 16:00:00+00:00,2022-05-16,0,1284.79,39182000.0,29676.56,,0.0,0.027639750317816292,,,0.022775639094410716,225452181930.64874
2022-05-17,2022-05-17 16:00:00+00:00,2022-05-17,0,1274.33,39125000.0,30153.74,,0.0,0.018195697262574306,,,0.011911067642997653,194753173836.7512
2022-05-18,2022-05-18 16:00:00+00:00,2022-05-18,0,1266.36,37427000.0,28984.99,,0.0,0.019658345523634546,,,0.02021418783755169,244675216868.6255
2022-05-19,2022-05-19 16:00:00+00:00,2022-05-19,0,1276.91,38912000.0,30389.45,,0.0,0.002767904345976291,,,0.001680799218709561,260334400950.56924
2022-05-20,2022-05-20 16:00:00+00:00,2022-05-20,0,1267.87,37771000.0,29152.9,,0.0,0.02188492954770571,,,0.019958235795508594,202816260503.60114
2022-05-21,2022-05-21 16:00:00+00:00,2022-05-20,1,1267.87,38192000.0,29552.47,,0.0,0.019304380762140916,,,0.018870732542451307,155588634714.26
2022-05-22,2022-05-22 16:00:00+00:00,2022-05-20,2,1267.87,38563000.0,29844.01,,0.0,0.019151879531955407,,,0.013648502334234536,121305759997.44054
2022-05-23,2022-05-23 16:00:00+00:00,2022-05-23,0,1263.85,38807000.0,30373.53,,0.0,0.010925774564109814,,,0.017570204244487186,141925374658.84644
2022-05-24,2022-05-24 16:00:00+00:00,2022-05-24,0,1265.97,37447000.0,29382.31,,0.0,0.006717643441469301,,,0.007596633399179931,187977030804.5509
2022-05-25,2022-05-25 16:00:00+00:00,2022-05-25,0,1264.58,37850000.0,29629.36,,0.0,0.010176599967606448,,,0.015433952392692962,147131366105.3451
2022-05-26,2022-05-26 16:00:00+00:00,2022-05-26,0,1267.83,37682000.0,29393.1,,0.0,0.011177806321688744,,,0.01727746810982045,183510098309.52597
2022-05-27,2022-05-27 16:00:00+00:00,2022-05-27,0,1250.13,36962000.0,28850.45,,0.0,0.02482023959388946,,,0.029226033025380627,161124885774.08154
2022-05-28,2022-05-28 16:00:00+00:00,2022-05-27,1,1250.13,37000000.0,28988.21,,0.0,0.020998603229392288,,,0.020418943658952804,99805051878.13922
2022-05-29,2022-05-29 16:00:00+00:00,2022-05-27,2,1250.13,37237000.0,29215.98,,0.0,0.01952774487697506,,,0.014686739471090116,59765068293.08355
2022-05-30,2022-05-30 16:00:00+00:00,2022-05-27,3,1250.13,38530000.0,30634.08,,0.0,0.006094997380620137,,,-0.0030727151263635344,154897180384.38916
2022-05-31,2022-05-31 16:00:00+00:00,2022-05-31,0,1236.93,40210000.0,32058.53,,0.0,0.01401725624656569,,,0.014931479139282278,275352624541.7996
2022-06-01,2022-06-01 16:00:00+00:00,2022-06-01,0,1246.52,38865000.0,30742.59,,0.0,0.014189168322094048,,,0.019552277779192773,183596338367.12408
2022-06-02,2022-06-02 16:00:00+00:00,2022-06-02,0,1252.03,38188000.0,30212.73,,0.0,0.009536926740931095,,,0.006934772297931158,201948034752.07812
2022-06-03,2022-06-03 16:00:00+00:00,2022-06-03,0,1242.23,37611000.0,29506.24,,0.0,0.026121994651264968,,,0.02592549953294898,146641222564.81238
2022-06-04,2022-06-04 16:00:00+00:00,2022-06-03,1,1242.23,37977000.0,29858.8,,0.0,0.023873473562948666,,,0.02204952961022566,58137262129.87067
2022-06-05,2022-06-05 16:00:00+00:00,2022-06-03,2,1242.23,37987000.0,29972.22,,0.0,0.020267544795282255,,,0.021671636814609263,42519301869.89572
2022-06-06,2022-06-06 16:00:00+00:00,2022-06-06,0,1253.52,39712000.0,31541.42,,0.0,0.004405890011137226,,,0.005217603380678781,160787998050.1263
2022-06-07,2022-06-07 16:00:00+00:00,2022-06-07,0,1255.32,38016000.0,29891.17,,0.0,0.013139053169357151,,,0.008337138265806843,210800903552.46158
2022-06-08,2022-06-08 16:00:00+00:00,2022-06-08,0,1253.5,38675000.0,30476.77,,0.0,0.01236482384129145,,,0.018998650358196256,284504789033.01965
2022-06-09,2022-06-09 16:00:00+00:00,2022-06-09,0,1256.91,38511000.0,30302.24,,0.0,0.011127403689572546,,,0.010847476877509532,130086653430.01105
2022-06-10,2022-06-10 16:00:00+00:00,2022-06-10,0,1268.01,37920000.0,29454.53,,0.0,0.015298051986421868,,,0.019577902881408482,142417066398.44525
2022-06-11,2022-06-11 16:00:00+00:00,2022-06-10,1,1268.01,36970000.0,28405.54,,0.0,0.02641673009099854,,,0.028166403404947582,179424257677.95935
2022-06-12,2022-06-12 16:00:00+00:00,2022-06-10,2,1268.01,36327000.0,28094.42,,0.0,0.01973372970979148,,,0.0303064721398163,199433262896.60788
2022-06-13,2022-06-13 16:00:00+00:00,2022-06-13,0,1283.69,30625000.0,23271.54,,0.0,0.025158024564029713,,,0.017498841183388958,551201429638.2297
2022-06-14,2022-06-14 16:00:00+00:00,2022-06-14,0,1285.87,29456000.0,22680.38,,0.0,0.01001164335682514,,,0.012803804401448904,664752824107.8047
2022-06-15,2022-06-15 16:00:00+00:00,2022-06-15,0,1290.05,27970000.0,21419.1,,0.0,0.01224281977304087,,,0.004080163787882007,409399708111.5358
2022-06-16,2022-06-16 16:00:00+00:00,2022-06-16,0,1286.76,27643000.0,21074.77,,0.0,0.01935340528405205,,,0.02462366480965117,443100608438.96545
2022-06-17,2022-06-17 16:00:00+00:00,2022-06-17,0,1287.36,27194000.0,20663.7,,0.0,0.022268536633204272,,,0.025019148517434697,273315013869.47162
2022-06-18,2022-06-18 16:00:00+00:00,2022-06-17,1,1287.36,25196000.0,18953.76,,0.0,0.032609726914804904,,,0.027465289407220483,290259209886.95874
2022-06-19,2022-06-19 16:00:00+00:00,2022-06-17,2,1287.36,25873000.0,19824.97,,0.0,0.013757870183862098,,,0.0058844109672582245,453675638991.755
2022-06-20,2022-06-20 16:00:00+00:00,2022-06-17,3,1287.36,26933000.0,20824.74,,0.0,0.004627662494586682,,,0.005927544802430296,369813545591.50397
2022-06-21,2022-06-21 16:00:00+00:00,2022-06-21,0,1293.25,27590000.0,21392.19,,0.0,-0.0027272181826225594,,,0.0062053531494901115,285068051604.1819
2022-06-22,2022-06-22 16:00:00+00:00,2022-06-22,0,1297.21,26253000.0,20080.1,,0.0,0.007865964416062798,,,0.010196434940279442,217439672940.33307
2022-06-23,2022-06-23 16:00:00+00:00,2022-06-23,0,1300.86,26615000.0,20351.91,,0.0,0.0052885527225636775,,,-0.0015412116416592125,283494736497.47363
2022-06-24,2022-06-24 16:00:00+00:00,2022-06-24,0,1298.71,27201000.0,20884.17,,0.0,0.0028949999440344154,,,0.0005583294619562196,386556555573.59863
2022-06-25,2022-06-25 16:00:00+00:00,2022-06-24,1,1298.71,27313000.0,20961.89,,0.0,0.0032906905425549304,,,-0.0028241146407428364,199845054277.4944
2022-06-26,2022-06-26 16:00:00+00:00,2022-06-24,2,1298.71,27770000.0,21326.11,,0.0,0.002656215105796056,,,0.005037930514023348,146661211056.19287
2022-06-27,2022-06-27 16:00:00+00:00,2022-06-27,0,1286.2,26990000.0,20754.73,,0.0,0.011060843574267176,,,0.013490694541725246,164731808928.4613
2022-06-28,2022-06-28 16:00:00+00:00,2022-06-28,0,1290.18,26826000.0,20606.4,,0.0,0.009028630204984012,,,0.014540922690471136,131318353702.28903
2022-06-29,2022-06-29 16:00:00+00:00,2022-06-29,0,1298.39,26403000.0,20084.48,,0.0,0.01248249114177602,,,0.01609357211514051,248447330178.72717
2022-06-30,2022-06-30 16:00:00+00:00,2022-06-30,0,1298.95,25219000.0,19143.98,,0.0,0.014152336365975682,,,0.003824373615440635,257083563216.08163
2022-07-01,2022-07-01 16:00:00+00:00,2022-07-01,0,1297.18,25498000.0,19290.94,,0.0,0.018949082172269538,,,0.021856968605362015,323072342099.4263
2022-07-02,2022-07-02 16:00:00+00:00,2022-07-01,1,1297.18,25470000.0,19229.39,,0.0,0.021088049191236413,,,0.01956566345311428,98225461147.82921
2022-07-03,2022-07-03 16:00:00+00:00,2022-07-01,2,1297.18,25241000.0,19046.78,,0.0,0.02160908704965192,,,0.014602891851827726,93968801148.33963
2022-07-04,2022-07-04 16:00:00+00:00,2022-07-01,3,1297.18,25947000.0,19801.47,,0.0,0.010158390782188054,,,0.005651078782602292,144897732309.11996
2022-07-05,2022-07-05 16:00:00+00:00,2022-07-05,0,1299.69,25853000.0,19519.98,,0.0,0.019041334791997988,,,0.01241978022927226,201343177050.08694
2022-07-06,2022-07-06 16:00:00+00:00,2022-07-06,0,1307.1,26501000.0,20148.86,,0.0,0.006243222385099889,,,0.0027577877491336,184206413286.27298
2022-07-07,2022-07-07 16:00:00+00:00,2022-07-07,0,1299.51,27287000.0,20888.44,,0.0,0.0052409178751244845,,,0.00046695243329164526,184837335944.4933
2022-07-08,2022-07-08 16:00:00+00:00,2022-07-08,0,1299.51,28658000.0,21962.52,,0.0,0.004116451206753746,,,0.006357446151193491,345428512846.22955
2022-07-09,2022-07-09 16:00:00+00:00,2022-07-08,1,1299.51,28152000.0,21546.9,,0.0,0.005413776800753389,,,0.005032325035843055,155461319107.34283
2022-07-10,2022-07-10 16:00:00+00:00,2022-07-08,2,1299.51,27425000.0,20899.76,,0.0,0.00977755111325207,,,0.00759882330141326,131166765228.63219
2022-07-11,2022-07-11 16:00:00+00:00,2022-07-11,0,1308.9,26987000.0,20437.44,,0.0,0.008838496760381842,,,0.012614857041348237,145765618539.7835
2022-07-12,2022-07-12 16:00:00+00:00,2022-07-12,0,1311.91,26324000.0,19886.33,,0.0,0.009004719714531761,,,0.014410664643692339,140661375281.9226
2022-07-13,2022-07-13 16:00:00+00:00,2022-07-13,0,1306.65,25775000.0,19456.2,,0.0,0.013867914262858827,,,0.006471550971896667,204821990220.92294
2022-07-14,2022-07-14 16:00:00+00:00,2022-07-14,0,1311.76,26967000.0,20390.5,,0.0,0.008208550099916279,,,0.004716567283204576,179068874157.27423
2022-07-15,2022-07-15 16:00:00+00:00,2022-07-15,0,1321.15,27418000.0,20792.19,,0.0,-0.0018785062426804888,,,-5.8407301375962284e-05,198366798747.0514
2022-07-16,2022-07-16 16:00:00+00:00,2022-07-15,1,1321.15,27637000.0,20943.02,,0.0,-0.0011518674956521036,,,-0.00519834272021924,100973318213.91037
2022-07-17,2022-07-17 16:00:00+00:00,2022-07-15,2,1321.15,27923000.0,21170.09,,0.0,-0.0016398378868132113,,,0.0010012165200354861,218222664529.5011
2022-07-18,2022-07-18 16:00:00+00:00,2022-07-18,0,1316.7,29545000.0,22675.83,,0.0,-0.010458605542887134,,,-0.007278269475437638,337385713100.5683
2022-07-19,2022-07-19 16:00:00+00:00,2022-07-19,0,1313.52,30333000.0,23136.08,,0.0,-0.0018658885907606448,,,-0.002340507295612193,408104207161.5405
2022-07-20,2022-07-20 16:00:00+00:00,2022-07-20,0,1313.1,31773000.0,24172.63,,0.0,0.0010056225731593926,,,0.00034382478032268793,391228050735.45703
2022-07-21,2022-07-21 16:00:00+00:00,2022-07-21,0,1307.58,29885000.0,22642.34,,0.0,0.00940089020445356,,,0.004679344829194854,372499236643.2316
2022-07-22,2022-07-22 16:00:00+00:00,2022-07-22,0,1312.82,30728000.0,23290.68,,0.0,0.004955754533957135,,,0.010036616990244385,244139238330.1803
2022-07-23,2022-07-23 16:00:00+00:00,2022-07-22,1,1312.82,29498000.0,22215.61,,0.0,0.01141442726653663,,,0.00840688355508945,192925665730.7521
2022-07-24,2022-07-24 16:00:00+00:00,2022-07-22,2,1312.82,30034000.0,22847.08,,0.0,0.0013301425832827896,,,0.005901702758481342,159093917488.3248
2022-07-25,2022-07-25 16:00:00+00:00,2022-07-25,0,1313.27,29029000.0,21895.79,,0.0,0.009525823865797367,,,0.020296389549542715,213224570809.09192
2022-07-26,2022-07-26 16:00:00+00:00,2022-07-26,0,1308.33,27778000.0,20746.81,,0.0,0.023369204714105418,,,0.02132030312397326,202495144230.687
2022-07-27,2022-07-27 16:00:00+00:00,2022-07-27,0,1313.14,28719000.0,21530.86,,0.0,0.015773563865854268,,,0.002064374942404079,145144817296.05142
2022-07-28,2022-07-28 16:00:00+00:00,2022-07-28,0,1299.69,31074000.0,23745.57,,0.0,0.00687320822875459,,,0.007376378832057107,361922274708.0086
2022-07-29,2022-07-29 16:00:00+00:00,2022-07-29,0,1299.08,31651000.0,24010.74,,0.0,0.014719471759996994,,,0.01683709354238938,353036134058.7248
2022-07-30,2022-07-30 16:00:00+00:00,2022-07-29,1,1299.08,32293000.0,24529.1,,0.0,0.01342329322496072,,,0.018433746173410315,207339609324.055
2022-07-31,2022-07-31 16:00:00+00:00,2022-07-29,2,1299.08,31326000.0,23774.97,,0.0,0.014259465353434031,,,0.016229864581675413,219742517004.20053
2022-08-01,2022-08-01 16:00:00+00:00,2022-08-01,0,1304.18,30890000.0,23326.73,,0.0,0.015375101968271299,,,0.01665234821146888,225299779026.48215
2022-08-02,2022-08-02 16:00:00+00:00,2022-08-02,0,1304.89,30639000.0,22979.5,,0.0,0.021786378660831218,,,0.025251671534575193,229045348881.8484
2022-08-03,2022-08-03 16:00:00+00:00,2022-08-03,0,1310.69,31189000.0,23352.76,,0.0,0.018974341688194896,,,0.02675524023370479,201862288960.00516
2022-08-04,2022-08-04 16:00:00+00:00,2022-08-04,0,1310.2,30673000.0,22931.68,,0.0,0.020899019568747956,,,0.022751596052228207,159207841245.3487
2022-08-05,2022-08-05 16:00:00+00:00,2022-08-05,0,1298.22,30590000.0,22988.25,,0.0,0.025003315164469297,,,0.01659857653685104,178967243735.8115
2022-08-06,2022-08-06 16:00:00+00:00,2022-08-05,1,1298.22,30725000.0,23202.21,,0.0,0.020033048488995453,,,0.024644127314036313,91274225888.27989
2022-08-07,2022-08-07 16:00:00+00:00,2022-08-05,2,1298.22,30528000.0,23023.14,,0.0,0.0213756577437465,,,0.01992801447071857,70331183197.4069
2022-08-08,2022-08-08 16:00:00+00:00,2022-08-08,0,1306.11,31678000.0,23991.38,,0.0,0.010933923687480362,,,0.01159287882988469,177783862127.68393
2022-08-09,2022-08-09 16:00:00+00:00,2022-08-09,0,1304.5,30850000.0,23075.0,,0.0,0.024871403139478332,,,0.026420984954348636,180782977149.901
2022-08-10,2022-08-10 16:00:00+00:00,2022-08-10,0,1310.54,31762000.0,23997.1,,0.0,0.0099475016703241,,,0.0060606149331456916,240421678797.1532
2022-08-11,2022-08-11 16:00:00+00:00,2022-08-11,0,1302.72,32272000.0,24343.68,,0.0,0.017626878926088274,,,0.018928642824336483,300360944803.21655
2022-08-12,2022-08-12 16:00:00+00:00,2022-08-12,0,1302.13,31954000.0,23980.66,,0.0,0.023315976033896346,,,0.018605927419378387,290172829631.1036
2022-08-13,2022-08-13 16:00:00+00:00,2022-08-12,1,1302.13,32626000.0,24512.66,,0.0,0.022160385597453924,,,0.023130435317638698,158659859852.04953
2022-08-14,2022-08-14 16:00:00+00:00,2022-08-12,2,1302.13,32681000.0,24524.54,,0.0,0.023387532805587252,,,0.02829251036394753,168831460598.24933
2022-08-15,2022-08-15 16:00:00+00:00,2022-08-15,0,1305.85,32543000.0,24226.0,,0.0,0.028685409304498366,,,0.031171256788620205,258782230271.56448
2022-08-16,2022-08-16 16:00:00+00:00,2022-08-16,0,1308.54,32097000.0,23901.27,,0.0,0.026257777530801052,,,0.02777901050070275,134907590104.46034
2022-08-17,2022-08-17 16:00:00+00:00,2022-08-17,0,1310.16,31582000.0,23391.9,,0.0,0.03050426725180211,,,0.031533615907103574,174202515113.1047
2022-08-18,2022-08-18 16:00:00+00:00,2022-08-18,0,1319.94,31646000.0,23452.28,,0.0,0.022302829919745415,,,0.036229059576738276,97553773735.90475
2022-08-19,2022-08-19 16:00:00+00:00,2022-08-19,0,1325.5,29511000.0,21443.36,,0.0,0.03827251426062417,,,0.03845657127825364,324156868819.6865
2022-08-20,2022-08-20 16:00:00+00:00,2022-08-19,1,1325.5,29275000.0,21299.44,,0.0,0.03692891836715084,,,0.04706575616148179,182110500838.5092
2022-08-21,2022-08-21 16:00:00+00:00,2022-08-19,2,1325.5,29360000.0,21420.2,,0.0,0.0340768072030464,,,0.03296261748243223,118212142933.33766
2022-08-22,2022-08-22 16:00:00+00:00,2022-08-22,0,1339.4,29385000.0,21400.47,,0.0,0.02516103048925533,,,0.020830656532595304,124681322528.81012
2022-08-23,2022-08-23 16:00:00+00:00,2022-08-23,0,1339.4,29305000.0,21474.67,,0.0,0.01883752540228012,,,0.016330107665509574,123536367133.8127
2022-08-24,2022-08-24 16:00:00+00:00,2022-08-24,0,1342.05,29387000.0,21618.45,,0.0,0.012889347924192274,,,0.014888857379444564,73918825474.83429
2022-08-25,2022-08-25 16:00:00+00:00,2022-08-25,0,1335.46,29360000.0,21565.12,,0.0,0.019467270769733425,,,0.017670809596483705,114346538195.4454
2022-08-26,2022-08-26 16:00:00+00:00,2022-08-26,0,1331.17,28534000.0,20781.08,,0.0,0.031480497633195714,,,0.03803113415770665,184006234118.09772
2022-08-27,2022-08-27 16:00:00+00:00,2022-08-26,1,1331.17,27616000.0,19977.36,,0.0,0.03845852670618988,,,0.0399478855725004,131492311633.96721
2022-08-28,2022-08-28 16:00:00+00:00,2022-08-26,2,1331.17,27658000.0,20022.03,,0.0,0.03771750541218255,,,0.04099435846240573,56701100088.86672
2022-08-29,2022-08-29 16:00:00+00:00,2022-08-29,0,1349.8,27896000.0,20262.28,,0.0,0.019962484317305407,,,0.014985262798547838,105773185521.20776
2022-08-30,2022-08-30 16:00:00+00:00,2022-08-30,0,1346.37,27358000.0,19756.24,,0.0,0.028526831587858847,,,0.02400013247516042,109828053549.43343
2022-08-31,2022-08-31 16:00:00+00:00,2022-08-31,0,1338.66,27648000.0,20140.63,,0.0,0.02546391598503761,,,0.025701792859251338,109864882087.81168
2022-09-01,2022-09-01 16:00:00+00:00,2022-09-01,0,1354.34,27336000.0,19782.59,,0.0,0.020291127867914094,,,0.013613079801123584,92515572657.73145
2022-09-02,2022-09-02 16:00:00+00:00,2022-09-02,0,1362.2,27940000.0,20355.85,,0.0,0.007618851004744798,,,0.014444410479756975,97948231939.13647
2022-09-03,2022-09-03 16:00:00+00:00,2022-09-02,1,1362.2,27386000.0,19772.95,,0.0,0.01675486642627222,,,0.015990582759708882,71562215403.17522
2022-09-04,2022-09-04 16:00:00+00:00,2022-09-02,2,1362.2,27343000.0,19789.9,,0.0,0.014288932871588056,,,0.010409157472974107,44536027148.58141
2022-09-05,2022-09-05 16:00:00+00:00,2022-09-02,3,1362.2,27470000.0,19854.59,,0.0,0.015679905243807468,,,0.012672574436021877,78157761725.84917
2022-09-06,2022-09-06 16:00:00+00:00,2022-09-06,0,1378.95,27391000.0,19818.37,,0.0,0.002285474654065034,,,0.017354904545525907,165247934167.65814
2022-09-07,2022-09-07 16:00:00+00:00,2022-09-07,0,1383.72,26482000.0,18871.35,,0.0,0.014143925416084224,,,0.0042744947381321285,192391545323.99734
2022-09-08,2022-09-08 16:00:00+00:00,2022-09-08,0,1380.51,26898000.0,19250.81,,0.0,0.01211864336130386,,,0.008093555515148898,138636526370.88058
2022-09-09,2022-09-09 16:00:00+00:00,2022-09-09,0,1376.74,29300000.0,21266.79,,0.0,0.0007226903478496638,,,-0.001949101298837519,250723990362.573
2022-09-10,2022-09-10 16:00:00+00:00,2022-09-09,1,1376.74,29167000.0,21219.36,,0.0,-0.0015931545342777742,,,-0.002588084170774607,189236546989.1216
2022-09-11,2022-09-11 16:00:00+00:00,2022-09-09,2,1376.74,29695000.0,21643.16,,0.0,-0.003423300478905489,,,-0.0007296192518692068,115188322200.8781
2022-09-12,2022-09-12 16:00:00+00:00,2022-09-12,0,1377.38,30457000.0,22114.5,,0.0,-0.00010078801522761527,,,-0.006206166026538118,218526335036.2584
2022-09-13,2022-09-13 16:00:00+00:00,2022-09-13,0,1373.76,29117000.0,20829.77,,0.0,0.017539518645502516,,,0.0237195977587612,368668659919.6389
2022-09-14,2022-09-14 16:00:00+00:00,2022-09-14,0,1391.1,28308000.0,20178.79,,0.0,0.008453123939047291,,,0.007343389694067781,295372830186.198
2022-09-15,2022-09-15 16:00:00+00:00,2022-09-15,0,1393.93,27959000.0,19737.36,,0.0,0.01622905239472283,,,0.020425938976727842,240710098501.79602
2022-09-16,2022-09-16 16:00:00+00:00,2022-09-16,0,1384.48,27685000.0,19661.24,,0.0,0.017060849310954085,,,0.018153782833224108,149299865838.8042
2022-09-17,2022-09-17 16:00:00+00:00,2022-09-16,1,1384.48,28064000.0,19963.34,,0.0,0.015382518240761422,,,0.011746202563327923,103151676708.41165
2022-09-18,2022-09-18 16:00:00+00:00,2022-09-16,2,1384.48,27843000.0,19814.63,,0.0,0.014947022611047744,,,0.022643503915612317,76478969793.14742
2022-09-19,2022-09-19 16:00:00+00:00,2022-09-19,0,1393.05,27026000.0,19080.49,,0.0,0.016776603480227248,,,0.012858381144567277,268527454973.26068
2022-09-20,2022-09-20 16:00:00+00:00,2022-09-20,0,1389.86,27133000.0,19238.1,,0.0,0.014762899693301357,,,0.019951220967227012,154756709800.75653
2022-09-21,2022-09-21 16:00:00+00:00,2022-09-21,0,1395.92,27110000.0,19191.17,,0.0,0.01196976100282865,,,0.029778852460020433,124460809011.68529
2022-09-22,2022-09-22 16:00:00+00:00,2022-09-22,0,1412.29,27113000.0,18986.89,,0.0,0.011113376051523405,,,0.006250635643534785,280509346066.18286
2022-09-23,2022-09-23 16:00:00+00:00,2022-09-23,0,1409.42,26967000.0,18711.86,,0.0,0.02252808606271639,,,0.014948552749887156,186410076901.66855
2022-09-24,2022-09-24 16:00:00+00:00,2022-09-23,1,1409.42,27452000.0,19124.14,,0.0,0.01847798509015952,,,0.022614859111922625,110852547709.69942
2022-09-25,2022-09-25 16:00:00+00:00,2022-09-23,2,1409.42,27274000.0,18988.74,,0.0,0.01908933866508722,,,0.02050372653993926,68221865085.03658
2022-09-26,2022-09-26 16:00:00+00:00,2022-09-26,0,1432.47,27442000.0,19113.48,,0.0,0.0022832168146544873,,,0.0019505554072560827,129526552289.27286
2022-09-27,2022-09-27 16:00:00+00:00,2022-09-27,0,1422.39,28490000.0,19887.73,,0.0,0.007136982202538,,,0.013377432553021151,204956572686.10922
2022-09-28,2022-09-28 16:00:00+00:00,2022-09-28,0,1440.5,28082000.0,19487.79,,0.0,0.0003504719435927228,,,-0.00043510003028623956,296278699183.75604
2022-09-29,2022-09-29 16:00:00+00:00,2022-09-29,0,1439.15,27765000.0,19288.85,,0.0,0.0001963836877396652,,,-0.005749988196721345,175905954424.22714
2022-09-30,2022-09-30 16:00:00+00:00,2022-09-30,0,1431.67,28328000.0,19756.01,,0.0,0.001552574900280046,,,0.004215949910198802,207247637200.4746
2022-10-01,2022-10-01 16:00:00+00:00,2022-09-30,1,1431.67,27851000.0,19330.95,,0.0,0.0063398512179984046,,,0.007996996091112818,94428050833.81892
2022-10-02,2022-10-02 16:00:00+00:00,2022-09-30,2,1431.67,27733000.0,19143.94,,0.0,0.011865066362873655,,,0.014952549700481432,76697980656.69934
2022-10-03,2022-10-03 16:00:00+00:00,2022-10-03,0,1434.83,27960000.0,19335.92,,0.0,0.007794254320934391,,,0.004779337665339112,105437571895.50232
2022-10-04,2022-10-04 16:00:00+00:00,2022-10-04,0,1425.75,28728000.0,20099.7,,0.0,0.0024724277095720115,,,-0.0005740962076581368,145156411904.7116
2022-10-05,2022-10-05 16:00:00+00:00,2022-10-05,0,1410.74,28600000.0,20001.7,,0.0,0.013566256242023123,,,0.009949210693857236,158021254720.17316
2022-10-06,2022-10-06 16:00:00+00:00,2022-10-06,0,1402.33,28425000.0,20010.0,,0.0,0.012985338782549594,,,0.015238713762672607,145962783532.9134
2022-10-07,2022-10-07 16:00:00+00:00,2022-10-07,0,1412.54,27958000.0,19577.65,,0.0,0.010985171082968037,,,0.007901055137162105,127967583814.29475
2022-10-08,2022-10-08 16:00:00+00:00,2022-10-07,1,1412.54,27836000.0,19487.88,,0.0,0.011210280394327032,,,0.011460820579979769,92509552865.5369
2022-10-09,2022-10-09 16:00:00+00:00,2022-10-07,2,1412.54,27831000.0,19535.77,,0.0,0.008550206944598848,,,0.008034216958835216,49259462368.96748
2022-10-10,2022-10-10 16:00:00+00:00,2022-10-07,3,1412.54,27606000.0,19269.02,,0.0,0.01424552736574114,,,0.013930615156573456,100564734162.09773
2022-10-11,2022-10-11 16:00:00+00:00,2022-10-11,0,1435.36,27475000.0,19147.6,,0.0,-0.0003165198380665757,,,-0.0006930925730956883,117563097911.07271
2022-10-12,2022-10-12 16:00:00+00:00,2022-10-12,0,1423.81,27395000.0,19137.32,,0.0,0.0053983011472888975,,,0.006825766510078157,58396225952.67368
2022-10-13,2022-10-13 16:00:00+00:00,2022-10-13,0,1430.4,27336000.0,18958.59,,0.0,0.008025293813176848,,,0.003457220362378388,185070888342.8545
2022-10-14,2022-10-14 16:00:00+00:00,2022-10-14,0,1428.06,27827000.0,19358.59,,0.0,0.006575166041938196,,,0.010012242752102107,167890167088.1371
2022-10-15,2022-10-15 16:00:00+00:00,2022-10-14,1,1428.06,27570000.0,19127.95,,0.0,0.009303742237032342,,,0.010714028324686042,69032094801.50648
2022-10-16,2022-10-16 16:00:00+00:00,2022-10-14,2,1428.06,27608000.0,19158.49,,0.0,0.009083755689160533,,,0.005318638390910069,37346735517.82842
2022-10-17,2022-10-17 16:00:00+00:00,2022-10-17,0,1434.73,28005000.0,19535.19,,0.0,-0.0008107383029096749,,,-0.0019883451763422766,94842100166.56206
2022-10-18,2022-10-18 16:00:00+00:00,2022-10-18,0,1422.19,27830000.0,19375.01,,0.0,0.009982038555674144,,,0.011813026458077802,92510070532.31613
2022-10-19,2022-10-19 16:00:00+00:00,2022-10-19,0,1426.07,27748000.0,19266.43,,0.0,0.009926093253230794,,,0.014112584703385611,100652552836.7435
2022-10-20,2022-10-20 16:00:00+00:00,2022-10-20,0,1431.63,27679000.0,19253.3,,0.0,0.00418661253005248,,,0.008951110166461884,65836273849.28494
2022-10-21,2022-10-21 16:00:00+00:00,2022-10-21,0,1440.31,27620000.0,19168.25,,0.0,0.0004266063360693906,,,-0.0008199853282531144,81350107077.09962
2022-10-22,2022-10-22 16:00:00+00:00,2022-10-21,1,1440.31,27675000.0,19235.65,,0.0,-0.001093619362984577,,,-0.0014539780361552124,61440932128.21957
2022-10-23,2022-10-23 16:00:00+00:00,2022-10-21,2,1440.31,27607000.0,19190.14,,0.0,-0.0011849073438117141,,,-0.007323928789461753,52223024775.223335
2022-10-24,2022-10-24 16:00:00+00:00,2022-10-24,0,1439.14,27797000.0,19301.96,,0.0,0.0006759714540796047,,,-0.0005454434649126982,106021705361.10123
2022-10-25,2022-10-25 16:00:00+00:00,2022-10-25,0,1432.46,28128000.0,19748.48,,0.0,-0.005688012514635465,,,-0.009383188638261819,79342758949.85684
2022-10-26,2022-10-26 16:00:00+00:00,2022-10-26,0,1425.68,29324000.0,20846.66,,0.0,-0.013346478364459569,,,-0.018053857054221578,212419949717.96588
2022-10-27,2022-10-27 16:00:00+00:00,2022-10-27,0,1419.0,28885000.0,20563.09,,0.0,-0.010076577710263046,,,-0.007248960792014425,158115123298.72626
2022-10-28,2022-10-28 16:00:00+00:00,2022-10-28,0,1421.67,28889000.0,20484.59,,0.0,-0.008011965004610433,,,-0.010821633627160154,97829456196.22746
2022-10-29,2022-10-29 16:00:00+00:00,2022-10-28,1,1421.67,29262000.0,20923.33,,0.0,-0.01627342879139937,,,-0.016680485501270437,153139613270.0937
2022-10-30,2022-10-30 16:00:00+00:00,2022-10-28,2,1421.67,29073000.0,20676.7,,0.0,-0.010969185837905515,,,-0.012564828389381555,133030424541.81926
2022-10-31,2022-10-31 16:00:00+00:00,2022-10-31,0,1424.6,28713000.0,20401.53,,0.0,-0.012077463557072954,,,-0.014151850663326027,107846770529.28343
2022-11-01,2022-11-01 16:00:00+00:00,2022-11-01,0,1416.2,28722000.0,20444.0,,0.0,-0.007971348449673621,,,-0.008959409709134891,89043870458.70177
2022-11-02,2022-11-02 16:00:00+00:00,2022-11-02,0,1418.31,28878000.0,20409.03,,0.0,-0.002360621748540015,,,0.0017649077350427866,146539777685.42865
2022-11-03,2022-11-03 16:00:00+00:00,2022-11-03,0,1423.99,28719000.0,20248.62,,0.0,-0.0039825574426481936,,,-0.0028751170324575748,247953744586.11896
2022-11-04,2022-11-04 16:00:00+00:00,2022-11-04,0,1423.99,29122000.0,20838.7,,0.0,-0.018605464203326982,,,-0.024149899013911957,216252915466.0715
2022-11-05,2022-11-05 16:00:00+00:00,2022-11-04,1,1423.99,29679000.0,21299.22,,0.0,-0.021459905791366918,,,-0.018928064125497746,189825201286.20163
2022-11-06,2022-11-06 17:00:00+00:00,2022-11-04,2,1423.99,29732000.0,21257.44,,0.0,-0.01778576781277863,,,-0.009954432829720528,80409078070.32907
2022-11-07,2022-11-07 17:00:00+00:00,2022-11-07,0,1402.05,29032000.0,20662.98,,0.0,0.0021217730102609522,,,0.002605012837224141,144045869728.70746
2022-11-08,2022-11-08 17:00:00+00:00,2022-11-08,0,1384.61,28590000.0,20371.06,,0.0,0.013615081037495536,,,0.037745101172625306,359430420831.8754
2022-11-09,2022-11-09 17:00:00+00:00,2022-11-09,0,1364.85,24720000.0,17084.92,,0.0,0.060109173845735775,,,0.05460791785691077,617945853358.4705
2022-11-10,2022-11-10 17:00:00+00:00,2022-11-10,0,1377.52,24733000.0,17786.53,,0.0,0.00945660788536773,,,0.02198569891243274,629844164249.3256
2022-11-11,2022-11-11 17:00:00+00:00,2022-11-10,1,1377.52,23386000.0,16836.28,,0.0,0.008351369662742414,,,0.006009288159058324,332821741356.24695
2022-11-12,2022-11-12 17:00:00+00:00,2022-11-10,2,1377.52,23320000.0,16888.68,,0.0,0.002385847088273829,,,0.00954375332421753,143959769112.20923
2022-11-13,2022-11-13 17:00:00+00:00,2022-11-10,3,1377.52,22876000.0,16586.45,,0.0,0.0012181894714968777,,,0.0006803838869142709,139352451871.50662
2022-11-14,2022-11-14 17:00:00+00:00,2022-11-14,0,1327.38,22468000.0,16470.14,,0.0,0.027713010760739287,,,0.02904131212935801,310073197227.1014
2022-11-15,2022-11-15 17:00:00+00:00,2022-11-15,0,1317.88,23137000.0,17009.37,,0.0,0.03215031874028007,,,0.032778670411584665,141389262745.1771
2022-11-16,2022-11-16 17:00:00+00:00,2022-11-16,0,1326.46,22711000.0,16498.65,,0.0,0.03775226404716414,,,0.038525775932884754,119687327112.78047
2022-11-17,2022-11-17 17:00:00+00:00,2022-11-17,0,1338.97,22898000.0,16655.09,,0.0,0.02678548463630137,,,0.02823889481254338,77912665826.69685
2022-11-18,2022-11-18 17:00:00+00:00,2022-11-18,0,1339.61,23014000.0,16654.8,,0.0,0.03151205096058862,,,0.030793286675684817,80327096578.13452
2022-11-19,2022-11-19 17:00:00+00:00,2022-11-18,1,1339.61,23040000.0,16655.0,,0.0,0.03266499791020938,,,0.031673049409593146,54110523739.946815
2022-11-20,2022-11-20 17:00:00+00:00,2022-11-18,2,1339.61,23067000.0,16583.93,,0.0,0.03830579723673466,,,0.044882110939075126,77257658139.0149
2022-11-21,2022-11-21 17:00:00+00:00,2022-11-21,0,1354.87,22504000.0,16032.24,,0.0,0.03601939796624731,,,0.039211460300225376,111517711968.62288
2022-11-22,2022-11-22 17:00:00+00:00,2022-11-22,0,1356.66,22561000.0,16171.69,,0.0,0.028328606886782293,,,0.025872089806662002,128995234295.40402
2022-11-23,2022-11-23 17:00:00+00:00,2022-11-23,0,1352.49,22755000.0,16334.35,,0.0,0.030008764130017074,,,0.023578134854440824,101000534643.8885
2022-11-24,2022-11-24 17:00:00+00:00,2022-11-23,1,1352.49,22815000.0,16622.53,,0.0,0.01482062456337796,,,0.012832392853233454,99558894292.32469
2022-11-25,2022-11-25 17:00:00+00:00,2022-11-25,0,1325.22,22644000.0,16485.66,,0.0,0.036474987245866286,,,0.03564799549777753,72152189326.29936
2022-11-26,2022-11-26 17:00:00+00:00,2022-11-25,1,1325.22,22656000.0,16508.22,,0.0,0.035607069600775976,,,0.03891454149945406,48395455819.58365
2022-11-27,2022-11-27 17:00:00+00:00,2022-11-25,2,1325.22,22690000.0,16537.55,,0.0,0.035321765074013856,,,0.04015535064810427,42966355736.93963
2022-11-28,2022-11-28 17:00:00+00:00,2022-11-28,0,1340.66,22516000.0,16311.56,,0.0,0.02962028474164735,,,0.027741998601523488,79391953951.0363
2022-11-29,2022-11-29 17:00:00+00:00,2022-11-29,0,1327.24,22468000.0,16410.67,,0.0,0.031546098797942124,,,0.02721035097065405,59360275255.22968
2022-11-30,2022-11-30 17:00:00+00:00,2022-11-30,0,1316.84,22821000.0,16861.98,,0.0,0.027763265600740494,,,0.026114430972701053,84619109558.36815
2022-12-01,2022-12-01 17:00:00+00:00,2022-12-01,0,1299.11,23027000.0,16981.76,,0.0,0.04377943604330059,,,0.04291583041966063,97808301978.2928
2022-12-02,2022-12-02 17:00:00+00:00,2022-12-02,0,1300.5,22783000.0,16936.51,,0.0,0.03437170198323125,,,0.029146091656756745,64439763241.204575
2022-12-03,2022-12-03 17:00:00+00:00,2022-12-02,1,1300.5,22821000.0,16954.6,,0.0,0.03499145985783536,,,0.039655237754398165,30084417388.204163
2022-12-04,2022-12-04 17:00:00+00:00,2022-12-02,2,1300.5,22847000.0,17016.6,,0.0,0.03239533843161402,,,0.029669974478088168,37267844190.47612
2022-12-05,2022-12-05 17:00:00+00:00,2022-12-05,0,1292.58,22814000.0,17043.22,,0.0,0.035600747692003054,,,0.03623447801650048,75967969928.74936
2022-12-06,2022-12-06 17:00:00+00:00,2022-12-06,0,1319.31,22756000.0,16986.4,,0.0,0.015424701749194192,,,0.012213635695518699,72109357507.32693
2022-12-07,2022-12-07 17:00:00+00:00,2022-12-07,0,1322.23,22539000.0,16810.75,,0.0,0.014006052628851684,,,0.012671396406376045,78126581063.35185
2022-12-08,2022-12-08 17:00:00+00:00,2022-12-08,0,1317.56,22639000.0,16947.8,,0.0,0.013849538120674909,,,0.00988000908898723,48023126924.30245
2022-12-09,2022-12-09 17:00:00+00:00,2022-12-09,0,1301.61,22879000.0,17159.9,,0.0,0.024333577637317028,,,0.024862182247195497,66335313926.3475
2022-12-10,2022-12-10 17:00:00+00:00,2022-12-09,1,1301.61,22862000.0,17189.29,,0.0,0.0218223679428029,,,0.024118791091052083,32214784492.78488
2022-12-11,2022-12-11 17:00:00+00:00,2022-12-09,2,1301.61,22800000.0,17163.97,,0.0,0.02055455092223002,,,0.024144542349626708,33877568303.19486
2022-12-12,2022-12-12 17:00:00+00:00,2022-12-12,0,1307.62,22600000.0,17002.49,,0.0,0.01651632240194756,,,0.01422339419993035,52987085995.75046
2022-12-13,2022-12-13 17:00:00+00:00,2022-12-13,0,1301.47,23244000.0,17757.07,,0.0,0.005785564983276759,,,0.0012000563876597425,117154033936.27187
2022-12-14,2022-12-14 17:00:00+00:00,2022-12-14,0,1294.79,23673000.0,18103.26,,0.0,0.009943719280905094,,,0.007967406962509749,67637432233.74341
2022-12-15,2022-12-15 17:00:00+00:00,2022-12-15,0,1302.91,22981000.0,17398.61,,0.0,0.013771206626754351,,,0.014515552080041516,96401849344.33035
2022-12-16,2022-12-16 17:00:00+00:00,2022-12-16,0,1307.73,22386000.0,16811.67,,0.0,0.01823390984073514,,,0.02292737118126742,84717374670.93942
2022-12-17,2022-12-17 17:00:00+00:00,2022-12-16,1,1307.73,22129000.0,16693.79,,0.0,0.013651706879953096,,,0.013256729988313065,86097046438.6616
2022-12-18,2022-12-18 17:00:00+00:00,2022-12-16,2,1307.73,22189000.0,16694.85,,0.0,0.01633556206156017,,,0.014662148399035457,41971322295.19551
2022-12-19,2022-12-19 17:00:00+00:00,2022-12-19,0,1302.29,21999000.0,16635.86,,0.0,0.015429969615923023,,,0.011482099882238028,51718416349.0361
2022-12-20,2022-12-20 17:00:00+00:00,2022-12-20,0,1290.41,21950000.0,16834.4,,0.0,0.010436817818865407,,,0.009577034630733783,87546221911.60979
2022-12-21,2022-12-21 17:00:00+00:00,2022-12-21,0,1284.7,21936000.0,16780.84,,0.0,0.017517803403153787,,,0.01519091898723457,44893636446.42225
2022-12-22,2022-12-22 17:00:00+00:00,2022-12-22,0,1275.68,21731000.0,16662.08,,0.0,0.02237153600203179,,,0.02014273615492579,49669803971.757416
2022-12-23,2022-12-23 17:00:00+00:00,2022-12-23,0,1280.02,21913000.0,16827.49,,0.0,0.01733911364699825,,,0.01840051327497627,56104983849.57416
2022-12-24,2022-12-24 17:00:00+00:00,2022-12-23,1,1280.02,21961000.0,16836.15,,0.0,0.019043140835367955,,,0.01858093180874132,26875201528.41675
2022-12-25,2022-12-25 17:00:00+00:00,2022-12-23,2,1280.02,21824000.0,16815.96,,0.0,0.013901888319937328,,,0.01404299906240869,44165290115.38584
2022-12-26,2022-12-26 17:00:00+00:00,2022-12-23,3,1280.02,21641000.0,16839.47,,0.0,0.003996389539833833,,,0.002070558521735988,51285678072.88885
2022-12-27,2022-12-27 17:00:00+00:00,2022-12-27,0,1271.0,21450000.0,16777.2,,0.0,0.005917269649587942,,,0.004107437553630078,56368107370.24814
2022-12-28,2022-12-28 17:00:00+00:00,2022-12-28,0,1267.54,21209000.0,16608.23,,0.0,0.007477064774098707,,,0.004129928688187512,68964045955.59076
2022-12-29,2022-12-29 17:00:00+00:00,2022-12-29,0,1265.58,21196000.0,16632.06,,0.0,0.006974017435399826,,,0.007126175968210857,56068807118.12269
2022-12-30,2022-12-30 17:00:00+00:00,2022-12-30,0,1260.18,20947000.0,16545.86,,0.0,0.004615569726908797,,,0.006765245212062787,57572011971.80664
2022-12-31,2022-12-31 17:00:00+00:00,2022-12-30,1,1260.18,21070000.0,16600.39,,0.0,0.00719523303696068,,,0.011157722666292225,62023190242.40721
2023-01-01,2023-01-01 17:00:00+00:00,2022-12-30,2,1260.18,21130000.0,16565.14,,0.0,0.012212750415877327,,,0.00873462972036898,32867377018.06499
2023-01-02,2023-01-02 17:00:00+00:00,2022-12-30,3,1260.18,21314000.0,16710.88,,0.0,0.012122450030017662,,,0.009717979092545015,51685318225.71226
2023-01-03,2023-01-03 17:00:00+00:00,2023-01-03,0,1271.1,21340000.0,16622.58,,0.0,0.009988118091807996,,,0.0073211931643639705,47061006593.60291
2023-01-04,2023-01-04 17:00:00+00:00,2023-01-04,0,1272.15,21575000.0,16858.85,,0.0,0.005968856059115124,,,0.007082161431385847,49312396100.760086
2023-01-05,2023-01-05 17:00:00+00:00,2023-01-05,0,1268.91,21584000.0,16838.28,,0.0,0.010190744945273167,,,0.010155266069211022,78602174420.95415
2023-01-06,2023-01-06 17:00:00+00:00,2023-01-06,0,1268.13,21398000.0,16827.21,,0.0,0.002760669888189904,,,0.0009942587262050662,60529575895.993965
2023-01-07,2023-01-07 17:00:00+00:00,2023-01-06,1,1268.13,21532000.0,16922.79,,0.0,0.00334116135573459,,,0.0024364234212004288,41547669462.74491
2023-01-08,2023-01-08 17:00:00+00:00,2023-01-06,2,1268.13,21575000.0,16936.87,,0.0,0.004509095689535281,,,-0.000751142782989711,27404325737.81956
2023-01-09,2023-01-09 17:00:00+00:00,2023-01-09,0,1243.62,21760000.0,17327.84,,0.0,0.009779998609500407,,,0.013657688008615443,71599760121.31772
2023-01-10,2023-01-10 17:00:00+00:00,2023-01-10,0,1243.83,21848000.0,17302.15,,0.0,0.015197610714003718,,,0.010269748426767533,60851547610.37735
2023-01-11,2023-01-11 17:00:00+00:00,2023-01-11,0,1245.39,21902000.0,17347.62,,0.0,0.013767817157437134,,,0.00620429680144996,56944897400.53431
2023-01-12,2023-01-12 17:00:00+00:00,2023-01-12,0,1246.26,22742000.0,18134.55,,0.0,0.006266966108441796,,,0.0027338188273444697,141512266434.76913
2023-01-13,2023-01-13 17:00:00+00:00,2023-01-13,0,1241.59,23958000.0,19133.39,,0.0,0.008510514959042537,,,0.0023075010012190145,160241888037.8703
2023-01-14,2023-01-14 17:00:00+00:00,2023-01-13,1,1241.59,25785000.0,20810.66,,0.0,-0.0020631130622895677,,,-0.005243376453141213,390477431945.73944
2023-01-15,2023-01-15 17:00:00+00:00,2023-01-13,2,1241.59,25830000.0,20869.2,,0.0,-0.0031257017934274156,,,-0.0030040190076866535,132771303164.56322
2023-01-16,2023-01-16 17:00:00+00:00,2023-01-13,3,1241.59,26138000.0,20998.5,,0.0,0.002549616040210756,,,0.002437236987210989,131369418635.94287
2023-01-17,2023-01-17 17:00:00+00:00,2023-01-17,0,1238.7,26267000.0,21162.92,,0.0,0.002002364262934986,,,0.0028766901156511704,116488625889.02534
2023-01-18,2023-01-18 17:00:00+00:00,2023-01-18,0,1237.32,26047000.0,20845.47,,0.0,0.009866546184230218,,,0.005212220385910182,191935774420.83218
2023-01-19,2023-01-19 17:00:00+00:00,2023-01-19,0,1232.05,26001000.0,20875.41,,0.0,0.010943081105281749,,,0.009388897584207578,107428735120.25153
2023-01-20,2023-01-20 17:00:00+00:00,2023-01-20,0,1235.57,26576000.0,21313.29,,0.0,0.009187275294777697,,,0.000681093712779246,98247104130.28345
2023-01-21,2023-01-21 17:00:00+00:00,2023-01-20,1,1235.57,28901000.0,23197.45,,0.0,0.008335988155091956,,,0.00647690164541137,253323632652.24295
2023-01-22,2023-01-22 17:00:00+00:00,2023-01-20,2,1235.57,28364000.0,22819.28,,0.0,0.006000471847787958,,,0.011862374060857217,121509113495.13855
2023-01-23,2023-01-23 17:00:00+00:00,2023-01-23,0,1228.59,28660000.0,22911.17,,0.0,0.018173858031807377,,,0.016127862321934305,134441877568.32417
2023-01-24,2023-01-24 17:00:00+00:00,2023-01-24,0,1234.79,28617000.0,22875.18,,0.0,0.013133042425562236,,,0.01446078974954057,151440343235.09888
2023-01-25,2023-01-25 17:00:00+00:00,2023-01-25,0,1231.67,28275000.0,22629.75,,0.0,0.014444972301751902,,,0.011707444687865776,168543340200.77155
2023-01-26,2023-01-26 17:00:00+00:00,2023-01-26,0,1230.95,28908000.0,23003.98,,0.0,0.020879897449411988,,,0.02140506780082463,188834086224.05972
2023-01-27,2023-01-27 17:00:00+00:00,2023-01-27,0,1231.53,28975000.0,23129.72,,0.0,0.01720403337174159,,,0.018773577138536224,102929916356.6813
2023-01-28,2023-01-28 17:00:00+00:00,2023-01-27,1,1231.53,29016000.0,23018.14,,0.0,0.023581244887297848,,,0.02504062556458786,99010000264.91959
2023-01-29,2023-01-29 17:00:00+00:00,2023-01-27,2,1231.53,29550000.0,23586.44,,0.0,0.017302457381344727,,,0.014728275816571434,124488084757.76682
2023-01-30,2023-01-30 17:00:00+00:00,2023-01-30,0,1227.31,29009000.0,23170.38,,0.0,0.02010606306173912,,,0.02467405718594029,192868284938.43582
2023-01-31,2023-01-31 17:00:00+00:00,2023-01-31,0,1231.95,28994000.0,23109.17,,0.0,0.01842887759193501,,,0.020183088831314144,149928084547.0768
2023-02-01,2023-02-01 17:00:00+00:00,2023-02-01,0,1231.77,28806000.0,22999.85,,0.0,0.01678312567678719,,,0.013232272719446714,109659493382.68987
2023-02-02,2023-02-02 17:00:00+00:00,2023-02-02,0,1220.34,29804000.0,23790.35,,0.0,0.026580183560589443,,,0.03263643836671393,226926094117.144
2023-02-03,2023-02-03 17:00:00+00:00,2023-02-03,0,1229.22,29561000.0,23519.21,,0.0,0.022508139290194018,,,0.021839417873126488,156584890904.64764
2023-02-04,2023-02-04 17:00:00+00:00,2023-02-03,1,1229.22,29458000.0,23407.83,,0.0,0.023793776709279957,,,0.02602310331707769,90865845467.76917
2023-02-05,2023-02-05 17:00:00+00:00,2023-02-03,2,1229.22,29111000.0,23075.54,,0.0,0.026303083011766315,,,0.02839375540802469,117482764191.8533
2023-02-06,2023-02-06 17:00:00+00:00,2023-02-06,0,1252.61,29195000.0,22999.62,,0.0,0.013379103046520457,,,0.024881659815568113,320816823001.9385
2023-02-07,2023-02-07 17:00:00+00:00,2023-02-07,0,1255.53,29244000.0,22977.98,,0.0,0.013672894834536597,,,0.009352766375933852,459885541685.33154
2023-02-08,2023-02-08 17:00:00+00:00,2023-02-08,0,1260.03,29280000.0,22966.3,,0.0,0.011810433691390898,,,0.012750751074886324,339040649416.32227
2023-02-09,2023-02-09 17:00:00+00:00,2023-02-09,0,1259.67,28737000.0,22511.8,,0.0,0.013384879099314961,,,0.026835162015534264,301340711654.9944
2023-02-10,2023-02-10 17:00:00+00:00,2023-02-10,0,1264.15,27995000.0,21607.11,,0.0,0.024908700599811207,,,0.028624289757623433,227434949236.2208
2023-02-11,2023-02-11 17:00:00+00:00,2023-02-10,1,1264.15,28151000.0,21693.14,,0.0,0.026532724676264552,,,0.026755541499128066,136829014437.72896
2023-02-12,2023-02-12 17:00:00+00:00,2023-02-10,2,1264.15,28431000.0,22004.65,,0.0,0.022066282062662035,,,0.02633985073253764,102094479542.34058
2023-02-13,2023-02-13 17:00:00+00:00,2023-02-13,0,1277.05,28029000.0,21503.76,,0.0,0.020669877480492316,,,0.018073203901431745,155954129463.3593
2023-02-14,2023-02-14 17:00:00+00:00,2023-02-14,0,1268.93,28434000.0,22008.36,,0.0,0.018151985757146827,,,0.02229166030886076,218651215588.20966
2023-02-15,2023-02-15 17:00:00+00:00,2023-02-15,0,1282.16,29511000.0,22763.1,,0.0,0.011137682913552771,,,-4.245147811365868e-05,293099738407.67316
2023-02-16,2023-02-16 17:00:00+00:00,2023-02-16,0,1284.33,32022000.0,24898.43,,0.0,0.001382190058980326,,,0.00816059076094322,432375813262.97473
2023-02-17,2023-02-17 17:00:00+00:00,2023-02-17,0,1299.62,31161000.0,24091.21,,0.0,-0.004740373602196035,,,-0.009101460284502205,295970230662.6134
2023-02-18,2023-02-18 17:00:00+00:00,2023-02-17,1,1299.62,31766000.0,24642.84,,0.0,-0.00812855357846487,,,-0.006971561913021729,229260629512.67923
2023-02-19,2023-02-19 17:00:00+00:00,2023-02-17,2,1299.62,31981000.0,24777.62,,0.0,-0.006847214242144073,,,-0.0034575357402217843,214542257460.79404
2023-02-20,2023-02-20 17:00:00+00:00,2023-02-17,3,1299.62,31957000.0,24884.2,,0.0,-0.011843041329018589,,,-0.012464448796042249,295504588289.1816
2023-02-21,2023-02-21 17:00:00+00:00,2023-02-21,0,1295.99,31790000.0,24403.27,,0.0,0.005173087810232513,,,0.0014593095413903967,286155085379.7502
2023-02-22,2023-02-22 17:00:00+00:00,2023-02-22,0,1304.31,30955000.0,23634.98,,0.0,0.00414110439100579,,,0.002469846613997184,242086109806.43387
2023-02-23,2023-02-23 17:00:00+00:00,2023-02-23,0,1296.79,31110000.0,23762.61,,0.0,0.009569491397011909,,,0.011357170665894145,223902800345.30603
2023-02-24,2023-02-24 17:00:00+00:00,2023-02-24,0,1304.59,30843000.0,23191.67,,0.0,0.0194138880592285,,,0.02081847210625898,196408359743.2106
2023-02-25,2023-02-25 17:00:00+00:00,2023-02-24,1,1304.59,30515000.0,23012.55,,0.0,0.01642323423222125,,,0.024776766219970492,161898092063.63345
2023-02-26,2023-02-26 17:00:00+00:00,2023-02-24,2,1304.59,30904000.0,23184.92,,0.0,0.021727418966896117,,,0.017884431499083808,94854015903.96582
2023-02-27,2023-02-27 17:00:00+00:00,2023-02-27,0,1322.45,31130000.0,23391.49,,0.0,0.006333599549361413,,,0.006047731918610966,151455692790.5192
2023-02-28,2023-02-28 17:00:00+00:00,2023-02-28,0,1323.45,31176000.0,23456.05,,0.0,0.004287311666022697,,,0.012971983373609941,111830387961.46033
2023-03-01,2023-03-01 17:00:00+00:00,2023-03-01,0,1315.15,31269000.0,23691.9,,0.0,0.00354953100574229,,,0.000976974395445751,139275903675.51492
2023-03-02,2023-03-02 17:00:00+00:00,2023-03-02,0,1313.96,30903000.0,23279.98,,0.0,0.010266365816966161,,,0.008968076079966414,151463622060.37827
2023-03-03,2023-03-03 17:00:00+00:00,2023-03-03,0,1300.59,29755000.0,22374.15,,0.0,0.0225227957516827,,,0.021846757590222143,214611893635.30743
2023-03-04,2023-03-04 17:00:00+00:00,2023-03-03,1,1300.59,29799000.0,22324.86,,0.0,0.02629576223256347,,,0.02664058068988373,69779571925.10338
2023-03-05,2023-03-05 17:00:00+00:00,2023-03-03,2,1300.59,29952000.0,22442.92,,0.0,0.026138672158401155,,,0.02774712096760923,71644189558.86537
2023-03-06,2023-03-06 17:00:00+00:00,2023-03-06,0,1296.14,30020000.0,22524.46,,0.0,0.02826342023653461,,,0.02487400081498281,70660461202.52249
2023-03-07,2023-03-07 17:00:00+00:00,2023-03-07,0,1299.7,29736000.0,22238.77,,0.0,0.028794575965433333,,,0.025244159603770022,209637738728.79272
2023-03-08,2023-03-08 17:00:00+00:00,2023-03-08,0,1320.81,29505000.0,22140.61,,0.0,0.008940809286409168,,,0.012356229091778692,159163108090.7633
2023-03-09,2023-03-09 17:00:00+00:00,2023-03-09,0,1321.58,28819000.0,21478.85,,0.0,0.015253333810586245,,,0.02577813040371657,191919700883.24347
2023-03-10,2023-03-10 17:00:00+00:00,2023-03-10,0,1324.51,27091000.0,20016.36,,0.0,0.02184421689614724,,,0.024474137039635968,355452654700.3744
2023-03-11,2023-03-11 17:00:00+00:00,2023-03-10,1,1324.51,27330000.0,20091.11,,0.0,0.02702368351319162,,,0.023739032842499785,179185932622.65765
2023-03-12,2023-03-12 16:00:00+00:00,2023-03-10,2,1324.51,27317000.0,20358.96,,0.0,0.013029685584834416,,,0.002183180975817045,90905250102.42897
2023-03-13,2023-03-13 16:00:00+00:00,2023-03-13,0,1300.46,31502000.0,23981.72,,0.0,0.01009169552541378,,,0.010121103468586856,441902411041.65497
2023-03-14,2023-03-14 16:00:00+00:00,2023-03-14,0,1306.13,33909000.0,25894.67,,0.0,0.0025780608709888853,,,0.00829343498281232,548418704903.76056
2023-03-15,2023-03-15 16:00:00+00:00,2023-03-15,0,1317.78,32758000.0,24471.01,,0.0,0.015833596585549392,,,0.015868527115864728,401024049985.902
2023-03-16,2023-03-16 16:00:00+00:00,2023-03-16,0,1312.13,33215000.0,24888.44,,0.0,0.017090775806089198,,,0.0162598775240006,272320764583.8713
2023-03-17,2023-03-17 16:00:00+00:00,2023-03-17,0,1303.75,35161000.0,26421.34,,0.0,0.0207327681631031,,,0.013735965897170965,435905845322.2071
2023-03-18,2023-03-18 16:00:00+00:00,2023-03-17,1,1303.75,36161000.0,27226.23,,0.0,0.018728841027978227,,,0.01956520493320668,390446155067.538
2023-03-19,2023-03-19 16:00:00+00:00,2023-03-17,2,1303.75,36522000.0,27546.62,,0.0,0.01693199781619703,,,0.02093168351137975,244044125157.41354
2023-03-20,2023-03-20 16:00:00+00:00,2023-03-20,0,1310.69,36976000.0,27694.46,,0.0,0.018654811087484457,,,0.026607060993138365,429048596488.2491
2023-03-21,2023-03-21 16:00:00+00:00,2023-03-21,0,1310.65,37159000.0,28041.06,,0.0,0.01107380664161317,,,0.010439820038840475,334856128569.61487
2023-03-22,2023-03-22 16:00:00+00:00,2023-03-22,0,1307.5,37997000.0,28595.07,,0.0,0.016287180247274158,,,0.02080671738868567,239209816716.27692
2023-03-23,2023-03-23 16:00:00+00:00,2023-03-23,0,1278.93,37339000.0,28580.87,,0.0,0.021504921394924326,,,0.030014254159320464,429360018167.50885
2023-03-24,2023-03-24 16:00:00+00:00,2023-03-24,0,1292.57,37407000.0,28018.04,,0.0,0.03290661025504571,,,0.03556744615579377,233971474885.3988
2023-03-25,2023-03-25 16:00:00+00:00,2023-03-24,1,1292.57,36826000.0,27647.43,,0.0,0.030494574911681394,,,0.03527585477713191,149884160536.9535
2023-03-26,2023-03-26 16:00:00+00:00,2023-03-24,2,1292.57,37085000.0,27803.89,,0.0,0.031902464740041214,,,0.027920307535528988,113179955921.48868
2023-03-27,2023-03-27 16:00:00+00:00,2023-03-27,0,1301.01,35909000.0,26903.62,,0.0,0.02591636159618882,,,0.023242447542732636,219613014246.89218
2023-03-28,2023-03-28 16:00:00+00:00,2023-03-28,0,1298.26,35706000.0,26998.63,,0.0,0.018680040716121837,,,0.017914897062349944,193398546320.6328
2023-03-29,2023-03-29 16:00:00+00:00,2023-03-29,0,1303.38,37476000.0,28442.79,,0.0,0.010904158049569679,,,0.012233125475324735,255269538455.08197
2023-03-30,2023-03-30 16:00:00+00:00,2023-03-30,0,1298.89,37521000.0,28300.33,,0.0,0.02072918311777161,,,0.020629103332601817,243045084515.7928
2023-03-31,2023-03-31 16:00:00+00:00,2023-03-31,0,1303.8,37537000.0,28494.99,,0.0,0.010369144165468303,,,0.011501685758039448,244103001379.9143
2023-04-01,2023-04-01 16:00:00+00:00,2023-03-31,1,1303.8,37619000.0,28400.07,,0.0,0.015960585345901723,,,0.013163732330705225,119746033495.5118
2023-04-02,2023-04-02 16:00:00+00:00,2023-03-31,2,1303.8,37205000.0,28124.81,,0.0,0.014613729907924533,,,0.015532490460881343,131305719267.78409
2023-04-03,2023-04-03 16:00:00+00:00,2023-04-03,0,1316.38,37241000.0,28051.48,,0.0,0.008519452096568125,,,0.0059744179617942095,158713131042.39618
2023-04-04,2023-04-04 16:00:00+00:00,2023-04-04,0,1315.1,37087000.0,28030.04,,0.0,0.006095505756308794,,,0.0044435362565034,179884157615.80847
2023-04-05,2023-04-05 16:00:00+00:00,2023-04-05,0,1310.05,37177000.0,28031.09,,0.0,0.012386823756057153,,,0.006364557380409863,165520097618.74765
2023-04-06,2023-04-06 16:00:00+00:00,2023-04-06,0,1319.1,37139000.0,28090.39,,0.0,0.0022930445916757858,,,0.002125183550262033,137860564174.8459
2023-04-07,2023-04-07 16:00:00+00:00,2023-04-07,0,1319.1,37020000.0,27944.1,,0.0,0.004311804382178375,,,0.0049376249612604894,86337054251.2406
2023-04-08,2023-04-08 16:00:00+00:00,2023-04-07,1,1319.1,37101000.0,28014.7,,0.0,0.003972735620534351,,,0.006145490582176061,100956981401.24728
2023-04-09,2023-04-09 16:00:00+00:00,2023-04-07,2,1319.1,36890000.0,27891.91,,0.0,0.002657668470046115,,,-0.0013080665829773297,122026325682.7196
2023-04-10,2023-04-10 16:00:00+00:00,2023-04-10,0,1319.09,37584000.0,28439.38,,0.0,0.0018632522841504073,,,-0.0027962840611611695,164556036524.18005
2023-04-11,2023-04-11 16:00:00+00:00,2023-04-11,0,1322.04,39948000.0,30194.22,,0.0,0.0007523777825240163,,,0.0019495172300771912,400310140193.8872
2023-04-12,2023-04-12 16:00:00+00:00,2023-04-12,0,1325.34,39914000.0,29964.02,,0.0,0.0050736080784601345,,,0.002199980457205042,433468882067.57153
2023-04-13,2023-04-13 16:00:00+00:00,2023-04-13,0,1310.68,40059000.0,30441.43,,0.0,0.004010793102501742,,,0.002527365404344506,222281276785.394
2023-04-14,2023-04-14 16:00:00+00:00,2023-04-14,0,1299.12,39778000.0,30237.89,,0.0,0.012609953064461,,,0.005654390557255917,210750974653.0445
2023-04-15,2023-04-15 16:00:00+00:00,2023-04-14,1,1299.12,39875000.0,30325.27,,0.0,0.01215436173769402,,,0.011257035842195506,105743138375.81465
2023-04-16,2023-04-16 16:00:00+00:00,2023-04-14,2,1299.12,39781000.0,30332.98,,0.0,0.00951168098763655,,,0.0060357341330365966,78007828958.48529
2023-04-17,2023-04-17 16:00:00+00:00,2023-04-17,0,1311.36,38644000.0,29358.31,,0.0,0.0037581604869345586,,,0.002754884631906984,216781690790.83545
2023-04-18,2023-04-18 16:00:00+00:00,2023-04-18,0,1318.43,39497000.0,30184.86,,0.0,-0.007528904022071625,,,-0.010583648752745423,190258327344.2826
2023-04-19,2023-04-19 16:00:00+00:00,2023-04-19,0,1325.28,38842000.0,29260.44,,0.0,0.0016432931914303062,,,0.003557764564617427,218206798114.6741
2023-04-20,2023-04-20 16:00:00+00:00,2023-04-20,0,1323.28,37828000.0,28506.69,,0.0,0.0028011856403300506,,,0.007966521625560663,200352951285.2938
2023-04-21,2023-04-21 16:00:00+00:00,2023-04-21,0,1327.53,37242000.0,28040.7,,0.0,0.000460163562243876,,,0.003999808325177101,195257691022.35516
2023-04-22,2023-04-22 16:00:00+00:00,2023-04-21,1,1327.53,36772000.0,27488.93,,0.0,0.007662442485286913,,,0.0068863508873791,184660162417.921
2023-04-23,2023-04-23 16:00:00+00:00,2023-04-21,2,1327.53,36657000.0,27474.47,,0.0,0.005039780599849664,,,0.004768316182547361,102140656490.88397
2023-04-24,2023-04-24 16:00:00+00:00,2023-04-24,0,1334.94,36470000.0,27267.05,,0.0,0.0019264975937263173,,,0.0006687218778598236,122268104723.54826
2023-04-25,2023-04-25 16:00:00+00:00,2023-04-25,0,1331.93,36673000.0,27345.0,,0.0,0.0069017827769486395,,,0.004836990730417101,102731514838.28569
2023-04-26,2023-04-26 16:00:00+00:00,2023-04-26,0,1336.23,39641000.0,29820.03,,0.0,-0.0051552609662139925,,,0.0012546179232535426,308713345293.3982
2023-04-27,2023-04-27 16:00:00+00:00,2023-04-27,0,1337.75,39030000.0,29149.73,,0.0,0.0008962340432485671,,,-0.004291404811732624,342099506430.82733
2023-04-28,2023-04-28 16:00:00+00:00,2023-04-28,0,1338.41,38990000.0,29146.89,,0.0,-0.0005252188680950898,,,-0.003774365265919233,174963221982.43655
2023-04-29,2023-04-29 16:00:00+00:00,2023-04-28,1,1338.41,39025000.0,29271.21,,0.0,-0.003876780780330158,,,-0.0040214015431876415,76261222260.40422
2023-04-30,2023-04-30 16:00:00+00:00,2023-04-28,2,1338.41,39531000.0,29655.18,,0.0,-0.004025857534170285,,,0.0005873176865394125,104271286386.7745
2023-05-01,2023-05-01 16:00:00+00:00,2023-05-01,0,1339.65,37889000.0,28170.64,,0.0,0.00398004527048057,,,0.0044507492474150645,195258795174.7592
2023-05-02,2023-05-02 16:00:00+00:00,2023-05-02,0,1341.0,38325000.0,28540.68,,0.0,0.0013573027874254073,,,-0.0010737646808297585,194556172769.50967
2023-05-03,2023-05-03 16:00:00+00:00,2023-05-03,0,1337.94,38063000.0,28311.51,,0.0,0.004854875179140183,,,-0.0034056810399040183,160948653270.04074
2023-05-04,2023-05-04 16:00:00+00:00,2023-05-04,0,1322.21,38667000.0,28866.19,,0.0,0.013095940425589259,,,0.01179898360369136,214232181176.7883
2023-05-05,2023-05-05 16:00:00+00:00,2023-05-05,0,1318.38,39075000.0,29356.45,,0.0,0.009612791428730727,,,0.0039433275431923764,187938005448.11996
2023-05-06,2023-05-06 16:00:00+00:00,2023-05-05,1,1318.38,38350000.0,28576.61,,0.0,0.017920953820731222,,,0.01693560719215892,199296637897.74683
2023-05-07,2023-05-07 16:00:00+00:00,2023-05-05,2,1318.38,38628000.0,28942.67,,0.0,0.012332136511516545,,,0.017643948884374705,94431517364.97345
2023-05-08,2023-05-08 16:00:00+00:00,2023-05-08,0,1320.49,37432000.0,27887.58,,0.0,0.016475900307807434,,,0.019669159240979894,177018576190.9023
2023-05-09,2023-05-09 16:00:00+00:00,2023-05-09,0,1323.59,36980000.0,27400.39,,0.0,0.019663057771699854,,,0.015901611514201885,169751407818.28445
2023-05-10,2023-05-10 16:00:00+00:00,2023-05-10,0,1324.48,37778000.0,28153.2,,0.0,0.013131438092268244,,,0.014143669844391749,127441678664.00853
2023-05-11,2023-05-11 16:00:00+00:00,2023-05-11,0,1325.09,36676000.0,27179.42,,0.0,0.018348440723028547,,,0.01889283028717359,159394748324.7718
2023-05-12,2023-05-12 16:00:00+00:00,2023-05-12,0,1333.74,35770000.0,26320.84,,0.0,0.01893860938204317,,,0.016884842772705078,187121411884.26767
2023-05-13,2023-05-13 16:00:00+00:00,2023-05-12,1,1333.74,36405000.0,26816.25,,0.0,0.0178688256339683,,,0.018558236720390253,100266343585.84004
2023-05-14,2023-05-14 16:00:00+00:00,2023-05-12,2,1333.74,36643000.0,27082.02,,0.0,0.014469026664436502,,,0.014314141020059568,60328383524.45981
2023-05-15,2023-05-15 16:00:00+00:00,2023-05-15,0,1336.13,36948000.0,27396.8,,0.0,0.009351378154996759,,,0.009364280724430518,92001872958.33572
2023-05-16,2023-05-16 16:00:00+00:00,2023-05-16,0,1338.64,36499000.0,27038.02,,0.0,0.0084219327120576,,,0.006422479829627292,79827464240.05896
2023-05-17,2023-05-17 16:00:00+00:00,2023-05-17,0,1337.29,36175000.0,26796.93,,0.0,0.0094804228709513,,,0.0013847979316610193,100697416136.80461
2023-05-18,2023-05-18 16:00:00+00:00,2023-05-18,0,1333.88,36553000.0,27086.77,,0.0,0.011693699877497243,,,0.012959141662347573,105198715161.72978
2023-05-19,2023-05-19 16:00:00+00:00,2023-05-19,0,1326.12,36214000.0,26883.65,,0.0,0.015793523767341222,,,0.014294539938983553,131225954301.80664
2023-05-20,2023-05-20 16:00:00+00:00,2023-05-19,1,1326.12,36286000.0,26945.66,,0.0,0.015470814012430223,,,0.012351481833154043,43822024122.5325
2023-05-21,2023-05-21 16:00:00+00:00,2023-05-19,2,1326.12,36299000.0,26898.97,,0.0,0.017597860762637696,,,0.0163580901009448,54646902135.111664
2023-05-22,2023-05-22 16:00:00+00:00,2023-05-22,0,1317.77,35983000.0,26877.18,,0.0,0.015954018998587838,,,0.015992619565674326,96150026949.23526
2023-05-23,2023-05-23 16:00:00+00:00,2023-05-23,0,1312.01,36538000.0,27320.05,,0.0,0.019356593531173916,,,0.018721773788311413,86458093674.68555
2023-05-24,2023-05-24 16:00:00+00:00,2023-05-24,0,1316.71,35442000.0,26314.69,,0.0,0.022892111009943594,,,0.022624226715299844,147961773023.35846
2023-05-25,2023-05-25 16:00:00+00:00,2023-05-25,0,1325.9,35281000.0,26226.12,,0.0,0.01460283521067196,,,0.012688933334518815,132715541485.01122
2023-05-26,2023-05-26 16:00:00+00:00,2023-05-26,0,1324.4,35875000.0,26750.21,,0.0,0.01261776425500205,,,0.011356722348978998,83508081502.55077
2023-05-27,2023-05-27 16:00:00+00:00,2023-05-26,1,1324.4,35630000.0,26690.05,,0.0,0.007969202544630738,,,0.0072599195557172536,66715108984.936745
2023-05-28,2023-05-28 16:00:00+00:00,2023-05-26,2,1324.4,36429000.0,27272.17,,0.0,0.00857542583361548,,,0.004861917444419106,100448488819.17491
2023-05-29,2023-05-29 16:00:00+00:00,2023-05-26,3,1324.4,36914000.0,27630.51,,0.0,0.00874880829325031,,,0.0070210491921463,182394601861.10852
2023-05-30,2023-05-30 16:00:00+00:00,2023-05-30,0,1324.59,37040000.0,27673.08,,0.0,0.010489970666321291,,,0.006277298778734286,119402901068.0928
2023-05-31,2023-05-31 16:00:00+00:00,2023-05-31,0,1324.55,36167000.0,26911.54,,0.0,0.014625045405505466,,,0.00969802053858948,149024506571.05243
2023-06-01,2023-06-01 16:00:00+00:00,2023-06-01,0,1321.35,36032000.0,26894.48,,0.0,0.013928540885252527,,,0.01092475434567719,114224719674.61038
2023-06-02,2023-06-02 16:00:00+00:00,2023-06-02,0,1305.21,36008000.0,27095.92,,0.0,0.018156893470746338,,,0.014953303336677548,119916044655.08202
2023-06-03,2023-06-03 16:00:00+00:00,2023-06-02,1,1305.21,36098000.0,27305.26,,0.0,0.01287635254377717,,,0.015764713750957116,76663084416.93626
2023-06-04,2023-06-04 16:00:00+00:00,2023-06-02,2,1305.21,35900000.0,27179.0,,0.0,0.012000162904400424,,,0.013391997309347925,52393968683.05122
2023-06-05,2023-06-05 16:00:00+00:00,2023-06-05,0,1308.16,34723000.0,26007.53,,0.0,0.020604001528285565,,,0.019057119487748686,142210671128.01038
2023-06-06,2023-06-06 16:00:00+00:00,2023-06-06,0,1297.93,34539000.0,26066.11,,0.0,0.02089779312740503,,,0.014409247790227564,239856221747.77124
2023-06-07,2023-06-07 16:00:00+00:00,2023-06-07,0,1303.62,34960000.0,26349.52,,0.0,0.017765443344375687,,,0.01792581541782745,191922333971.9087
2023-06-08,2023-06-08 16:00:00+00:00,2023-06-08,0,1304.26,35273000.0,26721.68,,0.0,0.012079118026685709,,,0.012584183080026401,97610395691.58354
2023-06-09,2023-06-09 16:00:00+00:00,2023-06-09,0,1291.46,34880000.0,26477.37,,0.0,0.020048149740948373,,,0.019592538692544403,82392302533.2531
2023-06-10,2023-06-10 16:00:00+00:00,2023-06-09,1,1291.46,34090000.0,25628.8,,0.0,0.02995386056141447,,,0.02993780165109894,187622301400.9265
2023-06-11,2023-06-11 16:00:00+00:00,2023-06-09,2,1291.46,34255000.0,25751.36,,0.0,0.030013322753464022,,,0.025780839694687474,75040757079.93916
2023-06-12,2023-06-12 16:00:00+00:00,2023-06-12,0,1288.61,34109000.0,25824.63,,0.0,0.024975257558625064,,,0.02028996067260147,83733838576.01163
2023-06-13,2023-06-13 16:00:00+00:00,2023-06-13,0,1271.48,33872000.0,25759.54,,0.0,0.034173021358248956,,,0.028449528992814832,119236350767.2862
2023-06-14,2023-06-14 16:00:00+00:00,2023-06-14,0,1278.44,33929000.0,25986.75,,0.0,0.021265687884776563,,,0.027442223703568525,73577248428.11728
2023-06-15,2023-06-15 16:00:00+00:00,2023-06-15,0,1279.99,32680000.0,24959.95,,0.0,0.022896659025716914,,,0.020850659866622046,174185562823.6632
2023-06-16,2023-06-16 16:00:00+00:00,2023-06-16,0,1272.68,33897000.0,25840.01,,0.0,0.030740561578004755,,,0.02899736096967942,102406771444.67978
2023-06-17,2023-06-17 16:00:00+00:00,2023-06-16,1,1272.68,34637000.0,26410.82,,0.0,0.0304790455854973,,,0.030590496998634586,129684880485.6648
2023-06-18,2023-06-18 16:00:00+00:00,2023-06-16,2,1272.68,34815000.0,26562.09,,0.0,0.0298759971250131,,,0.02814978351454811,46821355133.46059
2023-06-19,2023-06-19 16:00:00+00:00,2023-06-16,3,1272.68,34700000.0,26444.0,,0.0,0.031058025464002492,,,0.027155057425305884,67330965636.28287
2023-06-20,2023-06-20 16:00:00+00:00,2023-06-20,0,1280.21,35600000.0,27071.93,,0.0,0.02718711817780317,,,0.019476401063385218,124829834909.86191
2023-06-21,2023-06-21 16:00:00+00:00,2023-06-21,0,1291.78,39191000.0,29851.58,,0.0,0.016319986196595915,,,0.01005259199592401,382581894098.7867
2023-06-22,2023-06-22 16:00:00+00:00,2023-06-22,0,1294.75,39279000.0,29850.65,,0.0,0.016297156685574965,,,0.01115173939044567,366311364899.1829
2023-06-23,2023-06-23 16:00:00+00:00,2023-06-23,0,1304.19,41220000.0,31238.0,,0.0,0.011774899313044207,,,0.015674867809978954,256615940134.51932
2023-06-24,2023-06-24 16:00:00+00:00,2023-06-23,1,1304.19,40590000.0,30398.71,,0.0,0.023818637523382202,,,0.02123474712227713,237053787469.70358
2023-06-25,2023-06-25 16:00:00+00:00,2023-06-23,2,1304.19,40588000.0,30585.16,,0.0,0.01752720390474649,,,0.015678772203847613,180905739701.40857
2023-06-26,2023-06-26 16:00:00+00:00,2023-06-26,0,1304.88,40182000.0,30419.62,,0.0,0.01229522908017433,,,0.014707915095682367,198000234752.15622
2023-06-27,2023-06-27 16:00:00+00:00,2023-06-27,0,1299.99,40401000.0,30498.74,,0.0,0.018990665473486157,,,0.0171713594294578,180004841501.48706
2023-06-28,2023-06-28 16:00:00+00:00,2023-06-28,0,1307.76,40329000.0,30411.06,,0.0,0.014046442236835821,,,0.017439510618309617,110895849091.91496
2023-06-29,2023-06-29 16:00:00+00:00,2023-06-29,0,1317.73,40696000.0,30478.8,,0.0,0.01327523203990122,,,0.011506750895392992,145405891425.51584
2023-06-30,2023-06-30 16:00:00+00:00,2023-06-30,0,1317.8,40044000.0,30067.72,,0.0,0.010618984438514278,,,0.009736985367587048,315267906442.1199
2023-07-01,2023-07-01 16:00:00+00:00,2023-06-30,1,1317.8,40670000.0,30572.58,,0.0,0.009468052699632468,,,0.009549447586307158,155612829570.59943
2023-07-02,2023-07-02 16:00:00+00:00,2023-06-30,2,1317.8,40630000.0,30498.01,,0.0,0.010941014805051053,,,0.007556372050215865,81880495947.55057
2023-07-03,2023-07-03 16:00:00+00:00,2023-07-03,0,1308.37,40988000.0,31068.64,,0.0,0.008332829320099044,,,0.010699743544364981,106579752297.70424
2023-07-04,2023-07-04 16:00:00+00:00,2023-07-03,1,1308.37,40807000.0,30964.37,,0.0,0.007260590230953268,,,0.008844375708877195,151894123858.33084
2023-07-05,2023-07-05 16:00:00+00:00,2023-07-05,0,1298.74,40131000.0,30356.11,,0.0,0.017915311992030336,,,0.019364597039092102,154167185042.8444
2023-07-06,2023-07-06 16:00:00+00:00,2023-07-06,0,1300.85,40431000.0,30407.01,,0.0,0.02214743902070837,,,0.024956109754583178,214798387412.16528
2023-07-07,2023-07-07 16:00:00+00:00,2023-07-07,0,1304.89,40268000.0,30390.83,,0.0,0.01541504948732797,,,0.016251549727452907,131907942095.62793
2023-07-08,2023-07-08 16:00:00+00:00,2023-07-07,1,1304.89,40029000.0,30208.0,,0.0,0.015497515473412715,,,0.016065777077737042,57235648187.36846
2023-07-09,2023-07-09 16:00:00+00:00,2023-07-07,2,1304.89,40129000.0,30349.47,,0.0,0.013288988557316195,,,0.012084210468693568,48436909680.798454
2023-07-10,2023-07-10 16:00:00+00:00,2023-07-10,0,1306.45,40034000.0,30312.81,,0.0,0.010904184510352133,,,0.008024031707904555,89086643792.9791
2023-07-11,2023-07-11 16:00:00+00:00,2023-07-11,0,1293.64,40220000.0,30596.45,,0.0,0.01614946029415143,,,0.012698210057395576,131267815426.19908
2023-07-12,2023-07-12 16:00:00+00:00,2023-07-12,0,1288.17,39990000.0,30524.63,,0.0,0.017016069266888145,,,0.01710494859580103,112514819169.36601
2023-07-13,2023-07-13 16:00:00+00:00,2023-07-13,0,1273.99,39865000.0,30917.48,,0.0,0.012095889025252493,,,0.0009888488719840272,153900899106.3454
2023-07-14,2023-07-14 16:00:00+00:00,2023-07-14,0,1266.28,39945000.0,31240.48,,0.0,0.009752599502076853,,,0.018458663864641123,333385392436.98773
2023-07-15,2023-07-15 16:00:00+00:00,2023-07-14,1,1266.28,38802000.0,30303.41,,0.0,0.011190223301364544,,,0.013922211655399419,189884957094.60892
2023-07-16,2023-07-16 16:00:00+00:00,2023-07-14,2,1266.28,38976000.0,30379.95,,0.0,0.013165666568513146,,,0.01700101639362117,75898986226.53802
2023-07-17,2023-07-17 16:00:00+00:00,2023-07-17,0,1267.02,38815000.0,30174.83,,0.0,0.015246002536526637,,,0.014574956117394233,84666660332.08485
2023-07-18,2023-07-18 16:00:00+00:00,2023-07-18,0,1260.87,38471000.0,29912.0,,0.0,0.020041195420679614,,,0.01998802427223878,114626487460.6543
2023-07-19,2023-07-19 16:00:00+00:00,2023-07-19,0,1265.76,38504000.0,29956.46,,0.0,0.015462735435804342,,,0.0122859053421156,89725690825.25877
2023-07-20,2023-07-20 16:00:00+00:00,2023-07-20,0,1269.26,38536000.0,29810.18,,0.0,0.01847750488989197,,,0.0196450143173843,126529225610.81084
2023-07-21,2023-07-21 16:00:00+00:00,2023-07-21,0,1283.71,38746000.0,29866.0,,0.0,0.010608365875939052,,,0.011563408488483251,89918120934.14435
2023-07-22,2023-07-22 16:00:00+00:00,2023-07-21,1,1283.71,38785000.0,29900.24,,0.0,0.010467145036614944,,,0.013834974137405975,51428393743.44227
2023-07-23,2023-07-23 16:00:00+00:00,2023-07-21,2,1283.71,38800000.0,29897.64,,0.0,0.010945848261238789,,,0.008446383549414183,74419835200.98587
2023-07-24,2023-07-24 16:00:00+00:00,2023-07-24,0,1280.54,37903000.0,29093.78,,0.0,0.017373183346393706,,,0.014194349841107234,174102124116.4859
2023-07-25,2023-07-25 16:00:00+00:00,2023-07-25,0,1275.32,37979000.0,29181.51,,0.0,0.020508424346065368,,,0.017002437728274034,100093076806.26997
2023-07-26,2023-07-26 16:00:00+00:00,2023-07-26,0,1274.04,38012000.0,29324.0,,0.0,0.017453210139503295,,,0.013970341031720457,76659862568.37431
2023-07-27,2023-07-27 16:00:00+00:00,2023-07-27,0,1277.23,37995000.0,29292.01,,0.0,0.01556602694035969,,,0.014730082202938144,129122896433.27414
2023-07-28,2023-07-28 16:00:00+00:00,2023-07-28,0,1276.69,37987000.0,29387.99,,0.0,0.012464155431586521,,,0.013545214787124893,125961180813.14561
2023-07-29,2023-07-29 16:00:00+00:00,2023-07-28,1,1276.69,37970000.0,29292.34,,0.0,0.015315635133845484,,,0.01137961775680063,49955750131.41979
2023-07-30,2023-07-30 16:00:00+00:00,2023-07-28,2,1276.69,37944000.0,29349.37,,0.0,0.01264884488552065,,,0.012495700517893615,77943145170.99052
2023-07-31,2023-07-31 16:00:00+00:00,2023-07-31,0,1273.85,37910000.0,29247.98,,0.0,0.017512178443765958,,,0.018569944454581266,97327309254.68811
2023-08-01,2023-08-01 16:00:00+00:00,2023-08-01,0,1283.84,37852000.0,28954.0,,0.0,0.018285028867256026,,,0.013222121242073115,93005250637.60753
2023-08-02,2023-08-02 16:00:00+00:00,2023-08-02,0,1297.66,38543000.0,29321.4,,0.0,0.012977722873661612,,,0.012792111542673235,142632038107.5255
2023-08-03,2023-08-03 16:00:00+00:00,2023-08-03,0,1298.54,38579000.0,29259.07,,0.0,0.015395223511012412,,,0.013898789086034924,84685526207.76936
2023-08-04,2023-08-04 16:00:00+00:00,2023-08-04,0,1309.49,38673000.0,29274.28,,0.0,0.008833405158284124,,,0.009640033039256535,77528748599.89227
2023-08-05,2023-08-05 16:00:00+00:00,2023-08-04,1,1309.49,38497000.0,29041.49,,0.0,0.012292003816051444,,,0.01062096296581383,86494820585.80444
2023-08-06,2023-08-06 16:00:00+00:00,2023-08-04,2,1309.49,38522000.0,29012.93,,0.0,0.013946523425935275,,,0.013494131428499756,133944990058.5552
2023-08-07,2023-08-07 16:00:00+00:00,2023-08-07,0,1305.94,38205000.0,28858.44,,0.0,0.013734271617929394,,,0.012428165293463467,211242023582.2174
2023-08-08,2023-08-08 16:00:00+00:00,2023-08-08,0,1316.02,39201000.0,29535.39,,0.0,0.008537257262483111,,,0.006598825425045085,209377585995.81366
2023-08-09,2023-08-09 16:00:00+00:00,2023-08-09,0,1315.45,39522000.0,29761.7,,0.0,0.009501186882476365,,,0.00759043204199128,135000797426.41383
2023-08-10,2023-08-10 16:00:00+00:00,2023-08-10,0,1315.54,39100000.0,29466.0,,0.0,0.008675599743368512,,,0.009516918101942329,117927139726.19687
2023-08-11,2023-08-11 16:00:00+00:00,2023-08-11,0,1324.17,39230000.0,29395.89,,0.0,0.00783155092178811,,,0.006876258182194617,75648166391.83478
2023-08-12,2023-08-12 16:00:00+00:00,2023-08-11,1,1324.17,39243000.0,29438.81,,0.0,0.006695680973271223,,,0.00801763910081843,59005521008.29447
2023-08-13,2023-08-13 16:00:00+00:00,2023-08-11,2,1324.17,39262000.0,29374.2,,0.0,0.009398434368277586,,,0.00811102314733958,45072886966.74332
2023-08-14,2023-08-14 16:00:00+00:00,2023-08-14,0,1330.05,39506000.0,29599.99,,0.0,0.003467999745643713,,,0.0036631239700859464,86600989796.40033
2023-08-15,2023-08-15 16:00:00+00:00,2023-08-15,0,1335.0,39445000.0,29332.66,,0.0,0.0073009566606214715,,,0.010825509209378747,118275919947.72618
2023-08-16,2023-08-16 16:00:00+00:00,2023-08-16,0,1336.84,39458000.0,29106.55,,0.0,0.01406292581373303,,,0.015436980453705784,153632011767.7163
2023-08-17,2023-08-17 16:00:00+00:00,2023-08-17,0,1341.13,38052000.0,27934.02,,0.0,0.015718051529321375,,,0.024717404526659603,188054600457.33392
2023-08-18,2023-08-18 16:00:00+00:00,2023-08-18,0,1337.99,35626000.0,26002.0,,0.0,0.024017649587183998,,,0.02954701068076515,492015484721.64465
2023-08-19,2023-08-19 16:00:00+00:00,2023-08-18,1,1337.99,36240000.0,26216.01,,0.0,0.03316272101443363,,,0.03248560109123222,125601874829.08871
2023-08-20,2023-08-20 16:00:00+00:00,2023-08-18,2,1337.99,35903000.0,26106.83,,0.0,0.0278357764199606,,,0.02588484421013648,64689877976.2999
2023-08-21,2023-08-21 16:00:00+00:00,2023-08-21,0,1342.45,35636000.0,25939.59,,0.0,0.023358317410919538,,,0.019812812527732815,76954744702.8428
2023-08-22,2023-08-22 16:00:00+00:00,2023-08-22,0,1335.06,35571000.0,25936.61,,0.0,0.027264023651460967,,,0.02580544746594926,64869767804.36838
2023-08-23,2023-08-23 16:00:00+00:00,2023-08-23,0,1339.12,35681000.0,26144.0,,0.0,0.019167312639156053,,,0.015380467038897505,80888830247.01141
2023-08-24,2023-08-24 16:00:00+00:00,2023-08-24,0,1321.07,35401000.0,25996.34,,0.0,0.030807313918106205,,,0.030339764531230662,84648336133.89566
2023-08-25,2023-08-25 16:00:00+00:00,2023-08-25,0,1324.11,35359000.0,25932.01,,0.0,0.02976879714687075,,,0.028188464124228707,78589241482.90318
2023-08-26,2023-08-26 16:00:00+00:00,2023-08-25,1,1324.11,35408000.0,26054.0,,0.0,0.026367572512053128,,,0.0275223241853646,29332639107.005566
2023-08-27,2023-08-27 16:00:00+00:00,2023-08-25,2,1324.11,35536000.0,26122.15,,0.0,0.02739052643068085,,,0.02431556896892273,27435380712.404762
2023-08-28,2023-08-28 16:00:00+00:00,2023-08-28,0,1323.2,35339000.0,26104.17,,0.0,0.023101861093869802,,,0.022366077132609075,60799564898.26528
2023-08-29,2023-08-29 16:00:00+00:00,2023-08-29,0,1321.87,37164000.0,27423.44,,0.0,0.02520749669474287,,,0.022043094773189775,180682826701.92413
2023-08-30,2023-08-30 16:00:00+00:00,2023-08-30,0,1323.42,36974000.0,27201.63,,0.0,0.027078916619575732,,,0.0271149954041614,215181506822.2445
2023-08-31,2023-08-31 16:00:00+00:00,2023-08-31,0,1322.43,36714000.0,26922.01,,0.0,0.031220479946318047,,,0.03489692439636993,143026765326.42776
2023-09-01,2023-09-01 16:00:00+00:00,2023-09-01,0,1318.34,35370000.0,25811.0,,0.0,0.03944807600591527,,,0.03909985434892671,220561958004.0743
2023-09-02,2023-09-02 16:00:00+00:00,2023-09-01,1,1318.34,35060000.0,25894.76,,0.0,0.02700508107814681,,,0.03222977030553986,246999462454.46985
2023-09-03,2023-09-03 16:00:00+00:00,2023-09-01,2,1318.34,35213000.0,25873.5,,0.0,0.032334439956392735,,,0.031225170120713353,105738773373.72437
2023-09-04,2023-09-04 16:00:00+00:00,2023-09-01,3,1318.34,34950000.0,25814.23,,0.0,0.026976664809629236,,,0.028299449147041633,121171494538.0758
2023-09-05,2023-09-05 16:00:00+00:00,2023-09-05,0,1330.16,35041000.0,25759.37,,0.0,0.022674366835193416,,,0.02181382065438653,116793505408.80737
2023-09-06,2023-09-06 16:00:00+00:00,2023-09-06,0,1330.87,34872000.0,25588.02,,0.0,0.024010804686572573,,,0.02175574472450248,63519413574.4561
2023-09-07,2023-09-07 16:00:00+00:00,2023-09-07,0,1335.03,35050000.0,25779.35,,0.0,0.01841557945999517,,,0.016084674605401972,56873294292.01009
2023-09-08,2023-09-08 16:00:00+00:00,2023-09-08,0,1332.83,35279000.0,25844.64,,0.0,0.024167569713001935,,,0.02202762087254828,114570277589.95981
2023-09-09,2023-09-09 16:00:00+00:00,2023-09-08,1,1332.83,35234000.0,25894.09,,0.0,0.020907836246457645,,,0.021943903183599733,47730268849.82176
2023-09-10,2023-09-10 16:00:00+00:00,2023-09-08,2,1332.83,35171000.0,25775.01,,0.0,0.023790545565649523,,,0.02187784084111155,55431197165.61258
2023-09-11,2023-09-11 16:00:00+00:00,2023-09-11,0,1331.59,34290000.0,25115.97,,0.0,0.025290667823023583,,,0.02449818161894446,122552679894.66362
2023-09-12,2023-09-12 16:00:00+00:00,2023-09-12,0,1327.29,35589000.0,26205.97,,0.0,0.02317453607042652,,,0.022733379219951555,157907311804.633
2023-09-13,2023-09-13 16:00:00+00:00,2023-09-13,0,1329.7,35569000.0,26241.31,,0.0,0.019371471034263843,,,0.018057174299699774,132631620383.66212
2023-09-14,2023-09-14 16:00:00+00:00,2023-09-14,0,1325.88,36113000.0,26693.97,,0.0,0.0203429784760929,,,0.020560872050501278,136236462802.20143
2023-09-15,2023-09-15 16:00:00+00:00,2023-09-15,0,1325.89,35674000.0,26321.21,,0.0,0.022206086888034715,,,0.018694380174315572,115782935395.84001
2023-09-16,2023-09-16 16:00:00+00:00,2023-09-15,1,1325.89,35856000.0,26507.12,,0.0,0.020215223883880196,,,0.02052520292726623,89579807867.26015
2023-09-17,2023-09-17 16:00:00+00:00,2023-09-15,2,1325.89,35766000.0,26549.98,,0.0,0.016011629054597742,,,0.016644786794216326,75016215182.34732
2023-09-18,2023-09-18 16:00:00+00:00,2023-09-18,0,1323.99,36645000.0,27269.42,,0.0,0.014972137038987254,,,0.01599355564492555,122601249453.44106
2023-09-19,2023-09-19 16:00:00+00:00,2023-09-19,0,1328.13,36750000.0,27422.24,,0.0,0.009052654489931866,,,0.009995842692800183,125642322620.24268
2023-09-20,2023-09-20 16:00:00+00:00,2023-09-20,0,1330.34,36530000.0,27180.63,,0.0,0.010246847931089986,,,0.011515091010655398,98846500214.49263
2023-09-21,2023-09-21 16:00:00+00:00,2023-09-21,0,1340.08,36061000.0,26584.02,,0.0,0.012246736472293795,,,0.011477777322224325,133078173340.37015
2023-09-22,2023-09-22 16:00:00+00:00,2023-09-22,0,1336.58,36040000.0,26631.01,,0.0,0.012516679902477401,,,0.011977444335184106,77597901753.60663
2023-09-23,2023-09-23 16:00:00+00:00,2023-09-22,1,1336.58,35986000.0,26581.55,,0.0,0.012880746442527569,,,0.012361832752620483,40873139779.97273
2023-09-24,2023-09-24 16:00:00+00:00,2023-09-22,2,1336.58,35932000.0,26578.06,,0.0,0.011493637366649656,,,0.012853504310535335,43797886218.49065
2023-09-25,2023-09-25 16:00:00+00:00,2023-09-25,0,1336.03,35524000.0,26243.72,,0.0,0.013165179931963644,,,0.009873222871535248,111405408076.72473
2023-09-26,2023-09-26 16:00:00+00:00,2023-09-26,0,1348.69,35482000.0,26126.66,,0.0,0.00695963219311535,,,0.005686312256394821,79910724923.8647
2023-09-27,2023-09-27 16:00:00+00:00,2023-09-27,0,1349.05,35900000.0,26304.42,,0.0,0.01166720560221779,,,0.01134162606181488,111938004522.29605
2023-09-28,2023-09-28 16:00:00+00:00,2023-09-28,0,1356.41,36731000.0,27020.0,,0.0,0.0022046756625724306,,,-0.0015301615727202345,89547923910.33003
2023-09-29,2023-09-29 16:00:00+00:00,2023-09-29,0,1347.86,36432000.0,26888.57,,0.0,0.005241760753802893,,,0.004885592900399027,89579918931.27847
2023-09-30,2023-09-30 16:00:00+00:00,2023-09-29,1,1347.86,36632000.0,26996.29,,0.0,0.00672710265777976,,,0.007105982372891173,43824194813.3944
2023-10-01,2023-10-01 16:00:00+00:00,2023-09-29,2,1347.86,36823000.0,27153.18,,0.0,0.006129039991629837,,,0.0015620062985550742,73272012497.33356
2023-10-02,2023-10-02 16:00:00+00:00,2023-10-02,0,1351.67,38132000.0,28026.31,,0.0,0.0065908726348709035,,,0.007009448462528489,183284248317.87036
2023-10-03,2023-10-03 16:00:00+00:00,2023-10-03,0,1360.62,37245000.0,27345.0,,0.0,0.0010440772809898746,,,-0.003215425605958,118960316592.04648
2023-10-04,2023-10-04 16:00:00+00:00,2023-10-04,0,1362.94,37269000.0,27404.22,,0.0,-0.0021768925615274215,,,-0.007013220272038767,96278563828.93715
2023-10-05,2023-10-05 16:00:00+00:00,2023-10-05,0,1350.22,37447000.0,27555.0,,0.0,0.006496058932401683,,,0.006699347035185488,87662647550.61331
2023-10-06,2023-10-06 16:00:00+00:00,2023-10-06,0,1350.17,37820000.0,27941.12,,0.0,0.002511261807117693,,,0.002287888624311174,83484298777.81117
2023-10-07,2023-10-07 16:00:00+00:00,2023-10-06,1,1350.17,37913000.0,27939.8,,0.0,0.0050239329769043994,,,0.004126047929666754,56307001622.50487
2023-10-08,2023-10-08 16:00:00+00:00,2023-10-06,2,1350.17,37885000.0,27892.74,,0.0,0.005976091029977759,,,0.006267425898240253,60892483315.86543
2023-10-09,2023-10-09 16:00:00+00:00,2023-10-06,3,1350.17,37411000.0,27443.31,,0.0,0.009658188120499345,,,0.009225106155724916,117444782761.3249
2023-10-10,2023-10-10 16:00:00+00:00,2023-10-10,0,1349.79,37402000.0,27408.01,,0.0,0.010999906638964774,,,0.009875059187381297,84221815003.57104
2023-10-11,2023-10-11 16:00:00+00:00,2023-10-11,0,1339.31,36588000.0,26779.46,,0.0,0.020130526296055162,,,0.01879021627469002,106215000553.63129
2023-10-12,2023-10-12 16:00:00+00:00,2023-10-12,0,1338.21,36520000.0,26675.0,,0.0,0.0230622734462107,,,0.026249523054084012,76592431777.49434
2023-10-13,2023-10-13 16:00:00+00:00,2023-10-13,0,1349.65,36799000.0,26706.83,,0.0,0.020921890561496737,,,0.01968598851629122,60955883460.67062
2023-10-14,2023-10-14 16:00:00+00:00,2023-10-13,1,1349.65,36997000.0,26942.56,,0.0,0.01743457472947396,,,0.015135994105369477,50426862733.93743
2023-10-15,2023-10-15 16:00:00+00:00,2023-10-13,2,1349.65,36805000.0,26898.87,,0.0,0.013798459619721148,,,0.01193501170128175,58079265983.72593
2023-10-16,2023-10-16 16:00:00+00:00,2023-10-16,0,1353.67,38197000.0,28064.16,,0.0,0.0054590853865155164,,,0.0030157380655491117,322468277667.089
2023-10-17,2023-10-17 16:00:00+00:00,2023-10-17,0,1353.6,38782000.0,28461.72,,0.0,0.006650502082530041,,,0.005601318605640504,150703833137.44598
2023-10-18,2023-10-18 16:00:00+00:00,2023-10-18,0,1349.45,38625000.0,28247.45,,0.0,0.013286942380372091,,,0.012915284800063986,108545038114.6906
2023-10-19,2023-10-19 16:00:00+00:00,2023-10-19,0,1357.5,39002000.0,28680.09,,0.0,0.0017665587680069095,,,0.0005423112497759952,140112369033.06375
2023-10-20,2023-10-20 16:00:00+00:00,2023-10-20,0,1352.92,40049000.0,29550.98,,0.0,0.0017230601714790517,,,0.0027444655931736506,273650266204.93842
2023-10-21,2023-10-21 16:00:00+00:00,2023-10-20,1,1352.92,40462000.0,29937.36,,0.0,-0.0010086472453684214,,,-0.001620306385975101,95693523711.28415
2023-10-22,2023-10-22 16:00:00+00:00,2023-10-20,2,1352.92,40329000.0,29825.6,,0.0,-0.0005613339622512203,,,-0.005505502787216399,114388770794.42131
2023-10-23,2023-10-23 16:00:00+00:00,2023-10-23,0,1353.7,41659000.0,30883.33,,0.0,-0.003534447718380407,,,-0.013131268395622286,245025681112.9084
2023-10-24,2023-10-24 16:00:00+00:00,2023-10-24,0,1342.68,45314000.0,33668.9,,0.0,0.00237667611080683,,,0.0011335206035942846,959453186808.9369
2023-10-25,2023-10-25 16:00:00+00:00,2023-10-25,0,1349.07,46977000.0,34839.8,,0.0,-0.000517623363527564,,,-0.001151460097225998,351713938415.67426
2023-10-26,2023-10-26 16:00:00+00:00,2023-10-26,0,1359.32,45982000.0,34044.43,,0.0,-0.00638055266286397,,,-0.006075313137381633,353293372007.40826
2023-10-27,2023-10-27 16:00:00+00:00,2023-10-27,0,1355.15,45962000.0,33999.48,,0.0,-0.0024394312983275768,,,0.0011154031774156525,145894925432.60406
2023-10-28,2023-10-28 16:00:00+00:00,2023-10-27,1,1355.15,46503000.0,34192.98,,0.0,0.0035907488358368767,,,0.002795999165280616,117809822849.0174
2023-10-29,2023-10-29 16:00:00+00:00,2023-10-27,2,1355.15,46752000.0,34449.99,,0.0,0.001437210871720218,,,0.0007959382247091362,92048837149.93427
2023-10-30,2023-10-30 16:00:00+00:00,2023-10-30,0,1350.98,46987000.0,34656.32,,0.0,0.003566954795903632,,,0.003378000576618412,188552613647.37546
2023-10-31,2023-10-31 16:00:00+00:00,2023-10-31,0,1351.03,46539000.0,34272.19,,0.0,0.005102139923033988,,,0.004928090794256157,190325671886.6721
2023-11-01,2023-11-01 16:00:00+00:00,2023-11-01,0,1356.94,46936000.0,34291.94,,0.0,0.008679919720974372,,,0.0002963663443942277,241606902902.77414
2023-11-02,2023-11-02 16:00:00+00:00,2023-11-02,0,1342.91,47059000.0,34640.01,,0.0,0.011620863721713892,,,0.012628864039995635,338934044947.12366
2023-11-03,2023-11-03 16:00:00+00:00,2023-11-03,0,1322.04,46680000.0,34763.71,,0.0,0.01568756051360576,,,0.016973411049101772,248466255007.34094
2023-11-04,2023-11-04 16:00:00+00:00,2023-11-03,1,1322.04,46823000.0,34709.91,,0.0,0.020378156317335305,,,0.015026731378501745,132462887045.30067
2023-11-05,2023-11-05 17:00:00+00:00,2023-11-03,2,1322.04,47001000.0,34954.59,,0.0,0.01708743761447118,,,0.016611411556764155,154559967760.71115
2023-11-06,2023-11-06 17:00:00+00:00,2023-11-06,0,1297.94,46718000.0,34967.24,,0.0,0.029362330545739113,,,0.02843136316757411,171569135056.06396
2023-11-07,2023-11-07 17:00:00+00:00,2023-11-07,0,1308.33,46544000.0,34673.84,,0.0,0.02599315461998164,,,0.021316989932059993,144807142894.46722
2023-11-08,2023-11-08 17:00:00+00:00,2023-11-08,0,1309.98,47125000.0,35406.42,,0.0,0.016025671659323004,,,0.016935263372919174,144085389853.2499
2023-11-09,2023-11-09 17:00:00+00:00,2023-11-09,0,1309.89,48954000.0,36337.07,,0.0,0.028497999602788315,,,0.027574124151953372,493271994693.13806
2023-11-10,2023-11-10 17:00:00+00:00,2023-11-09,1,1309.89,50167000.0,37377.46,,0.0,0.024645221031829534,,,0.023924338651142962,354901766356.106
2023-11-11,2023-11-11 17:00:00+00:00,2023-11-09,2,1309.89,49493000.0,37129.8,,0.0,0.017621660775869907,,,0.0204124495648208,204611285410.74396
2023-11-12,2023-11-12 17:00:00+00:00,2023-11-09,3,1309.89,49502000.0,37109.99,,0.0,0.01835003313720751,,,0.0178798753420919,164035502379.26437
2023-11-13,2023-11-13 17:00:00+00:00,2023-11-13,0,1324.97,49523000.0,36857.73,,0.0,0.014080230155343099,,,0.017422309446230022,149884842133.3246
2023-11-14,2023-11-14 17:00:00+00:00,2023-11-14,0,1328.74,48810000.0,36268.9,,0.0,0.012825004290438535,,,0.015468634178634533,245384604166.60565
2023-11-15,2023-11-15 17:00:00+00:00,2023-11-15,0,1300.34,48651000.0,36372.01,,0.0,0.028649803458993484,,,0.024954394684983505,278864859608.0498
2023-11-16,2023-11-16 17:00:00+00:00,2023-11-16,0,1297.1,49047000.0,36564.09,,0.0,0.03415162796815041,,,0.04179082850320248,322753513887.827
2023-11-17,2023-11-17 17:00:00+00:00,2023-11-17,0,1296.21,48645000.0,35978.95,,0.0,0.043072162817408,,,0.04068053189092713,202633678962.9638
2023-11-18,2023-11-18 17:00:00+00:00,2023-11-17,1,1296.21,49324000.0,36674.0,,0.0,0.03758728431136982,,,0.03723766769324044,114089021473.1345
2023-11-19,2023-11-19 17:00:00+00:00,2023-11-17,2,1296.21,49078000.0,36557.98,,0.0,0.03568884282084395,,,0.028368428347729013,75818211179.93591
2023-11-20,2023-11-20 17:00:00+00:00,2023-11-20,0,1291.48,49814000.0,37234.83,,0.0,0.035891706429871384,,,0.0373343090701177,138803532342.34064
2023-11-21,2023-11-21 17:00:00+00:00,2023-11-21,0,1289.34,49782000.0,37194.8,,0.0,0.03806047778427879,,,0.0526626666733947,220655763611.67752
2023-11-22,2023-11-22 17:00:00+00:00,2023-11-22,0,1300.06,49119000.0,36469.87,,0.0,0.03598127343218516,,,0.028970266972227154,221268506968.53238
2023-11-23,2023-11-23 17:00:00+00:00,2023-11-22,1,1300.06,49637000.0,37084.0,,0.0,0.029569235068600985,,,0.02978661959726625,179520952308.72928
2023-11-24,2023-11-24 17:00:00+00:00,2023-11-24,0,1306.08,50649000.0,37725.99,,0.0,0.02792268554201116,,,0.02728672361479534,178136085428.55795
2023-11-25,2023-11-25 17:00:00+00:00,2023-11-24,1,1306.08,50530000.0,37739.01,,0.0,0.025153776407492723,,,0.02408415650201534,101532085837.02693
2023-11-26,2023-11-26 17:00:00+00:00,2023-11-24,2,1306.08,50075000.0,37226.52,,0.0,0.02990872964576008,,,0.026593297767599555,89623998968.2309
2023-11-27,2023-11-27 17:00:00+00:00,2023-11-27,0,1304.33,49918000.0,37077.8,,0.0,0.03218070391247463,,,0.034959695299850546,143573341864.7959
2023-11-28,2023-11-28 17:00:00+00:00,2023-11-28,0,1293.71,50624000.0,37877.57,,0.0,0.03308822818159607,,,0.0337106603850299,120420603863.80193
2023-11-29,2023-11-29 17:00:00+00:00,2023-11-29,0,1292.74,50719000.0,37762.36,,0.0,0.03896368300101383,,,0.03645138813003723,184587402912.20285
2023-11-30,2023-11-30 17:00:00+00:00,2023-11-30,0,1289.95,50539000.0,37661.89,,0.0,0.040283372587176514,,,0.03953756360583238,144921421941.71307
2023-12-01,2023-12-01 17:00:00+00:00,2023-12-01,0,1305.45,51880000.0,38801.92,,0.0,0.024204097360694288,,,0.023979206510647,190001945113.10248
2023-12-02,2023-12-02 17:00:00+00:00,2023-12-01,1,1305.45,51714000.0,38748.51,,0.0,0.02233418091001882,,,0.021408364220134368,101950766485.53976
2023-12-03,2023-12-03 17:00:00+00:00,2023-12-01,2,1305.45,53130000.0,39666.67,,1.0,0.026015283733793915,,,0.029094695210885035,207888075095.9213
2023-12-04,2023-12-04 17:00:00+00:00,2023-12-04,0,1304.43,56339000.0,41633.98,,0.0,0.03738610459668923,,,0.03917062434319707,590603542225.2245
2023-12-05,2023-12-05 17:00:00+00:00,2023-12-05,0,1311.47,58219000.0,42715.17,,0.0,0.039260071251122186,,,0.04197453092976322,433681427603.85516
2023-12-06,2023-12-06 17:00:00+00:00,2023-12-06,0,1313.03,60232000.0,43853.24,,0.0,0.04604640060877996,,,0.049637826861461676,731407582709.5164
2023-12-07,2023-12-07 17:00:00+00:00,2023-12-07,0,1325.27,59696000.0,43687.1,,0.0,0.03106880625082753,,,0.03315522860044551,471548696794.8578
2023-12-08,2023-12-08 17:00:00+00:00,2023-12-08,0,1307.11,59830000.0,43824.47,,0.0,0.04445610570855152,,,0.04166625641632815,317221523042.7352
2023-12-09,2023-12-09 17:00:00+00:00,2023-12-08,1,1307.11,60317000.0,44008.58,,0.0,0.048552644559141545,,,0.05151547807359935,241161248453.64343
2023-12-10,2023-12-10 17:00:00+00:00,2023-12-08,2,1307.11,60000000.0,43828.91,,0.0,0.04731769932141372,,,0.045377317620285185,160724030858.42383
2023-12-11,2023-12-11 17:00:00+00:00,2023-12-11,0,1316.38,57367000.0,41794.34,,0.0,0.042709648783107124,,,0.04870347056029112,547807006388.3262
2023-12-12,2023-12-12 17:00:00+00:00,2023-12-12,0,1313.75,57221000.0,41343.06,,0.0,0.053513479167217826,,,0.05676641028036933,587580335901.3052
2023-12-13,2023-12-13 17:00:00+00:00,2023-12-13,0,1319.76,58195000.0,41870.02,,0.0,0.05314347855654544,,,0.043819509186768135,252754220293.39087
2023-12-14,2023-12-14 17:00:00+00:00,2023-12-14,0,1296.11,58443000.0,42597.79,,0.0,0.05853097619354641,,,0.05332378523506898,344154681610.7225
2023-12-15,2023-12-15 17:00:00+00:00,2023-12-15,0,1295.92,57778000.0,41798.23,,0.0,0.06666101066228869,,,0.06764747506530444,221848535921.67633
2023-12-16,2023-12-16 17:00:00+00:00,2023-12-15,1,1295.92,58250000.0,42590.13,,0.0,0.05537978562816992,,,0.05742135358163036,163720947822.78964
2023-12-17,2023-12-17 17:00:00+00:00,2023-12-15,2,1295.92,57476000.0,42111.22,,0.0,0.05319919914950444,,,0.05766253756129602,161021443153.1819
2023-12-18,2023-12-18 17:00:00+00:00,2023-12-18,0,1297.63,56618000.0,41495.99,,0.0,0.05147152567379121,,,0.050149165899159964,491829153505.2207
2023-12-19,2023-12-19 17:00:00+00:00,2023-12-19,0,1307.95,57743000.0,42337.8,,0.0,0.042749317831917155,,,0.04611853444340919,306022115775.82886
2023-12-20,2023-12-20 17:00:00+00:00,2023-12-20,0,1299.22,59250000.0,43691.51,,0.0,0.043779115171621585,,,0.046099013632232566,346645877217.1359
2023-12-21,2023-12-21 17:00:00+00:00,2023-12-21,0,1304.82,59329000.0,43668.3,,0.0,0.04123830902478387,,,0.03926572176818044,284722492424.2937
2023-12-22,2023-12-22 17:00:00+00:00,2023-12-22,0,1302.54,59327000.0,43554.39,,0.0,0.04575363584356862,,,0.0394711028817325,309293494551.76074
2023-12-23,2023-12-23 17:00:00+00:00,2023-12-22,1,1302.54,59580000.0,43789.27,,0.0,0.04458004385644654,,,0.04086494654624029,133033620411.70139
2023-12-24,2023-12-24 17:00:00+00:00,2023-12-22,2,1302.54,58866000.0,43663.1,,0.0,0.03504418668461695,,,0.03578424728132901,184519851616.0019
2023-12-25,2023-12-25 17:00:00+00:00,2023-12-22,3,1302.54,58099000.0,43501.7,,0.0,0.025348166828383034,,,0.022592591325898637,299901892686.33374
2023-12-26,2023-12-26 17:00:00+00:00,2023-12-26,0,1294.25,56772000.0,42319.42,,0.0,0.03651672343147472,,,0.03662160165899442,255194489863.1376
2023-12-27,2023-12-27 17:00:00+00:00,2023-12-27,0,1293.38,57508000.0,43082.31,,0.0,0.0320557116398934,,,0.03115531065805799,236063647346.2124
2023-12-28,2023-12-28 17:00:00+00:00,2023-12-28,0,1288.45,56980000.0,42456.07,,0.0,0.04163384917731028,,,0.03766731114086941,242075461088.68735
2023-12-29,2023-12-29 17:00:00+00:00,2023-12-29,0,1290.97,56361000.0,41971.24,,0.0,0.04018536654852567,,,0.03945758066714733,224786557389.00714
2023-12-30,2023-12-30 17:00:00+00:00,2023-12-29,1,1290.97,56879000.0,42406.97,,0.0,0.03895935826997832,,,0.041122926000293214,158347730243.2352
2023-12-31,2023-12-31 17:00:00+00:00,2023-12-29,2,1290.97,57001000.0,42592.47,,0.0,0.036653214070539564,,,0.04506886697592849,125935638297.0773
2024-01-01,2024-01-01 17:00:00+00:00,2023-12-29,3,1290.97,57258000.0,42725.15,,0.0,0.03809339545360402,,,0.03163922134438546,129431127211.24525
2024-01-02,2024-01-02 17:00:00+00:00,2024-01-02,0,1300.52,60682000.0,45357.84,,0.0,0.02870413625105983,,,0.029966023832054267,527656574888.9502
2024-01-03,2024-01-03 17:00:00+00:00,2024-01-03,0,1305.1,58523000.0,42992.67,,0.0,0.04300976367973419,,,0.04763623898533487,898108235296.3002
2024-01-04,2024-01-04 17:00:00+00:00,2024-01-04,0,1310.39,58971000.0,43915.71,,0.0,0.024750204516205798,,,0.02803276445852565,382037728682.6886
2024-01-05,2024-01-05 17:00:00+00:00,2024-01-05,0,1315.62,58601000.0,43225.99,,0.0,0.030456377601139728,,,0.0219154624165685,318035773653.23865
2024-01-06,2024-01-06 17:00:00+00:00,2024-01-05,1,1315.62,59253000.0,43872.34,,0.0,0.026571204198831078,,,0.02564410796834804,165917485919.17703
2024-01-07,2024-01-07 17:00:00+00:00,2024-01-05,2,1315.62,59398000.0,43922.0,,0.0,0.027919837448407092,,,0.022737741684930812,171718702787.24274
2024-01-08,2024-01-08 17:00:00+00:00,2024-01-08,0,1315.58,60400000.0,44940.3,,0.0,0.021606644379445594,,,0.020109989465776135,484988386359.4168
2024-01-09,2024-01-09 17:00:00+00:00,2024-01-09,0,1315.92,63271000.0,46902.88,,0.0,0.02512234527853474,,,0.022033509092640458,629721076958.8193
2024-01-10,2024-01-10 17:00:00+00:00,2024-01-10,0,1320.42,61019000.0,45311.1,,0.0,0.01987838285419108,,,0.032760467222659795,594250541342.8442
2024-01-11,2024-01-11 17:00:00+00:00,2024-01-11,0,1313.04,63373000.0,46007.29,,0.0,0.04905838075990543,,,0.04445429809571966,1496005710069.8064
2024-01-12,2024-01-12 17:00:00+00:00,2024-01-12,0,1313.41,60421000.0,43624.0,,0.0,0.054537687975841465,,,0.0577266692086833,511596332369.99756
2024-01-13,2024-01-13 17:00:00+00:00,2024-01-12,1,1313.41,58958000.0,42895.41,,0.0,0.04648161035611009,,,0.047817447269404845,585914126739.5663
2024-01-14,2024-01-14 17:00:00+00:00,2024-01-12,2,1313.41,58871000.0,42929.95,,0.0,0.044096672501433565,,,0.04705774230838777,149438965770.73468
2024-01-15,2024-01-15 17:00:00+00:00,2024-01-12,3,1313.41,58459000.0,42522.61,,0.0,0.04672151294546878,,,0.0451243581517895,294495900034.81104
2024-01-16,2024-01-16 17:00:00+00:00,2024-01-16,0,1331.5,59295000.0,43249.72,,0.0,0.02965943277723171,,,0.030603677936756446,223154342983.6335
2024-01-17,2024-01-17 17:00:00+00:00,2024-01-17,0,1344.23,58341000.0,42360.28,,0.0,0.02456959394511471,,,0.02217500460298716,181112248103.70734
2024-01-18,2024-01-18 17:00:00+00:00,2024-01-18,0,1338.73,58035000.0,41948.99,,0.0,0.0334167208039462,,,0.03538341905761677,150339082131.02353
2024-01-19,2024-01-19 17:00:00+00:00,2024-01-19,0,1338.53,56106000.0,40395.01,,0.0,0.03765618268229742,,,0.03545682521246807,369907464736.6326
2024-01-20,2024-01-20 17:00:00+00:00,2024-01-19,1,1338.53,57474000.0,41563.66,,0.0,0.0330694786254182,,,0.030560057012153585,173247209571.01974
2024-01-21,2024-01-21 17:00:00+00:00,2024-01-19,2,1338.53,57550000.0,41607.18,,0.0,0.03335355270319762,,,0.031092150795983375,116757490259.93315
2024-01-22,2024-01-22 17:00:00+00:00,2024-01-22,0,1338.25,55990000.0,40518.6,,0.0,0.032568291056572996,,,0.03280519007426852,238460469496.5738
2024-01-23,2024-01-23 17:00:00+00:00,2024-01-23,0,1333.76,54204000.0,39307.59,,0.0,0.033896893743307954,,,0.040876165296017675,488524770628.1544
2024-01-24,2024-01-24 17:00:00+00:00,2024-01-24,0,1337.74,55312000.0,40190.02,,0.0,0.02879637825771586,,,0.0294061931479781,233282709024.4889
2024-01-25,2024-01-25 17:00:00+00:00,2024-01-25,0,1336.0,54927000.0,39710.32,,0.0,0.0353234109444549,,,0.03208554804320651,156905560940.85812
2024-01-26,2024-01-26 17:00:00+00:00,2024-01-26,0,1336.08,57759000.0,41961.14,,0.0,0.030243596733999123,,,0.029052571234759128,268746797119.06555
2024-01-27,2024-01-27 17:00:00+00:00,2024-01-26,1,1336.08,57640000.0,41810.18,,0.0,0.031833139051211656,,,0.032153166281279955,160433831880.03854
2024-01-28,2024-01-28 17:00:00+00:00,2024-01-26,2,1336.08,58222000.0,42312.34,,0.0,0.02988234477742502,,,0.030239251200659067,156579652506.53696
2024-01-29,2024-01-29 17:00:00+00:00,2024-01-29,0,1335.5,59025000.0,43200.0,,0.0,0.02307708307333911,,,0.021964854709745296,179423783309.75073
2024-01-30,2024-01-30 17:00:00+00:00,2024-01-30,0,1328.93,59429000.0,43499.03,,0.0,0.028055934515839764,,,0.03328239982539616,229508281043.30435
2024-01-31,2024-01-31 17:00:00+00:00,2024-01-31,0,1334.9,59550000.0,43474.81,,0.0,0.02611335511980495,,,0.03339121389108035,212187898987.77774
2024-02-01,2024-02-01 17:00:00+00:00,2024-02-01,0,1331.78,58668000.0,42658.15,,0.0,0.032682405446821106,,,0.030900922560540334,178386173431.69577
2024-02-02,2024-02-02 17:00:00+00:00,2024-02-02,0,1321.9,59389000.0,43216.36,,0.0,0.039583135103628875,,,0.038400814764382174,150306373217.2087
2024-02-03,2024-02-03 17:00:00+00:00,2024-02-02,1,1321.9,59371000.0,43095.04,,0.0,0.04219377108868927,,,0.04227565982862003,78416125625.15819
2024-02-04,2024-02-04 17:00:00+00:00,2024-02-02,2,1321.9,59170000.0,42913.16,,0.0,0.04306763684968451,,,0.04478019342149686,59000709380.87551
2024-02-05,2024-02-05 17:00:00+00:00,2024-02-05,0,1330.98,58958000.0,42741.69,,0.0,0.03638119238233939,,,0.03584475443538504,161607079130.13257
2024-02-06,2024-02-06 17:00:00+00:00,2024-02-06,0,1326.83,59155000.0,43165.46,,0.0,0.03285606202375524,,,0.03242145362401594,136527424481.10568
2024-02-07,2024-02-07 17:00:00+00:00,2024-02-07,0,1327.37,59168000.0,43240.71,,0.0,0.03086566599888796,,,0.023164772663715638,162775852689.4139
2024-02-08,2024-02-08 17:00:00+00:00,2024-02-08,0,1328.07,61590000.0,45066.01,,0.0,0.029058653138255064,,,0.03099935449158009,312624139953.8734
2024-02-09,2024-02-09 17:00:00+00:00,2024-02-09,0,1333.1,64106000.0,47275.88,,0.0,0.017176526067677944,,,0.01351691668985211,477766421758.85
2024-02-10,2024-02-10 17:00:00+00:00,2024-02-09,1,1333.1,63906000.0,47250.0,,0.0,0.01455850011847315,,,0.014012947958242483,256988379365.42682
2024-02-11,2024-02-11 17:00:00+00:00,2024-02-09,2,1333.1,65053000.0,48104.01,,0.0,0.01443288617097882,,,0.013065694962127505,263112524936.16168
2024-02-12,2024-02-12 17:00:00+00:00,2024-02-12,0,1331.37,66839000.0,49582.33,,0.0,0.0125214804139131,,,0.008180224049840756,365883583828.3221
2024-02-13,2024-02-13 17:00:00+00:00,2024-02-13,0,1327.88,66113000.0,48477.07,,0.0,0.027050201106928018,,,0.019909184146252423,492068305444.79956
2024-02-14,2024-02-14 17:00:00+00:00,2024-02-14,0,1335.06,69924000.0,51581.35,,0.0,0.015389751324392131,,,0.015174916911470548,559425079924.4697
2024-02-15,2024-02-15 17:00:00+00:00,2024-02-15,0,1333.84,71778000.0,52265.32,,0.0,0.02961296401905833,,,0.029673296236867097,566229924652.0079
2024-02-16,2024-02-16 17:00:00+00:00,2024-02-16,0,1334.96,72119000.0,52041.1,,0.0,0.038089923605410414,,,0.03656605932218282,402359802041.62756
2024-02-17,2024-02-17 17:00:00+00:00,2024-02-16,1,1334.96,70448000.0,50951.25,,0.0,0.03572765389028065,,,0.0375559770306475,421911781417.0545
2024-02-18,2024-02-18 17:00:00+00:00,2024-02-16,2,1334.96,71371000.0,51835.57,,0.0,0.03139649297512448,,,0.03394020437671763,250814898441.56815
2024-02-19,2024-02-19 17:00:00+00:00,2024-02-16,3,1334.96,71797000.0,51775.76,,0.0,0.03875125723564299,,,0.03816425846167504,277837399818.7871
2024-02-20,2024-02-20 17:00:00+00:00,2024-02-20,0,1337.25,71648000.0,51396.33,,0.0,0.04245989596586108,,,0.033025047863339374,349944197598.8634
2024-02-21,2024-02-21 17:00:00+00:00,2024-02-21,0,1334.95,71733000.0,51346.39,,0.0,0.04651167884204366,,,0.045952396115547245,283780706147.13635
2024-02-22,2024-02-22 17:00:00+00:00,2024-02-22,0,1328.71,71777000.0,51479.09,,0.0,0.049359352970498094,,,0.050677819111568434,237459257805.8361
2024-02-23,2024-02-23 17:00:00+00:00,2024-02-23,0,1328.71,71414000.0,51053.07,,0.0,0.05276464788957447,,,0.05014130635232905,199718042555.81863
2024-02-24,2024-02-24 17:00:00+00:00,2024-02-23,1,1328.71,70801000.0,51215.04,,0.0,0.04042713882567228,,,0.03776737091759319,200117420982.35965
2024-02-25,2024-02-25 17:00:00+00:00,2024-02-23,2,1328.71,70987000.0,51378.48,,0.0,0.039842029803424994,,,0.036712684193302536,151677605070.65628
2024-02-26,2024-02-26 17:00:00+00:00,2024-02-26,0,1330.86,73152000.0,53391.02,,0.0,0.029498253812137554,,,0.030916248020424586,307244057294.266
2024-02-27,2024-02-27 17:00:00+00:00,2024-02-27,0,1330.86,78813000.0,57040.01,,0.0,0.038211640607745734,,,0.03570453948733632,867897133531.6853
2024-02-28,2024-02-28 17:00:00+00:00,2024-02-28,0,1336.02,86376000.0,62412.01,,0.0,0.035885990061164996,,,0.05063468057579401,1163588775287.4255
2024-02-29,2024-02-29 17:00:00+00:00,2024-02-29,0,1336.19,87312000.0,62171.97,,0.0,0.05102026651196345,,,0.051753930680252136,1578988198190.1292
2024-03-01,2024-03-01 17:00:00+00:00,2024-03-01,0,1334.8,86886000.0,61427.38,,0.0,0.05967237756854282,,,0.049493999647837184,652740713255.2999
2024-03-02,2024-03-02 17:00:00+00:00,2024-03-01,1,1334.8,86736000.0,61854.29,,0.0,0.05054186906730207,,,0.04402164978743106,520115312594.21844
2024-03-03,2024-03-03 17:00:00+00:00,2024-03-01,2,1334.8,87616000.0,62845.15,,0.0,0.04446876527708876,,,0.044364577381734493,494755944694.1219
2024-03-04,2024-03-04 17:00:00+00:00,2024-03-04,0,1331.29,92750000.0,66539.82,,0.0,0.04703120858224663,,,0.05112737175753734,957683482509.4543
2024-03-05,2024-03-05 17:00:00+00:00,2024-03-05,0,1336.51,93347000.0,65495.98,,0.0,0.0663837236184639,,,0.07170814641807,1722485891628.7358
2024-03-06,2024-03-06 17:00:00+00:00,2024-03-06,0,1333.99,94168000.0,67086.0,,0.0,0.05224985566802243,,,0.05880153608269234,1691734376442.6982
2024-03-07,2024-03-07 17:00:00+00:00,2024-03-07,0,1324.3,94786000.0,67304.02,,0.0,0.06344935522364481,,,0.06289783202573518,571024525023.2777
2024-03-08,2024-03-08 17:00:00+00:00,2024-03-08,0,1319.28,95800000.0,67810.6,,0.0,0.07085567679962668,,,0.07078861767476274,765778397189.1572
2024-03-09,2024-03-09 17:00:00+00:00,2024-03-08,1,1319.28,95257000.0,68104.59,,0.0,0.06018959688625802,,,0.06459597646692772,479569429089.2881
2024-03-10,2024-03-10 16:00:00+00:00,2024-03-08,2,1319.28,97813000.0,69194.83,,0.0,0.07148465036097651,,,0.0717020457393176,555383439011.4657
2024-03-11,2024-03-11 16:00:00+00:00,2024-03-11,0,1312.55,100686000.0,72010.0,,0.0,0.06527177562874842,,,0.06128451783400557,1325023538808.3323
2024-03-12,2024-03-12 16:00:00+00:00,2024-03-12,0,1310.82,101028000.0,71703.41,,0.0,0.07487728847715824,,,0.08049560103836928,751187788601.8988
2024-03-13,2024-03-13 16:00:00+00:00,2024-03-13,0,1314.67,103519000.0,72634.95,,0.0,0.08407086686748233,,,0.08385782606613867,938776032195.6682
2024-03-14,2024-03-14 16:00:00+00:00,2024-03-14,0,1318.2,101444000.0,70844.01,,0.0,0.0862803471037823,,,0.08927377032220596,911935970465.7998
2024-03-15,2024-03-15 16:00:00+00:00,2024-03-15,0,1329.35,98861000.0,68157.07,,0.0,0.09112560404178516,,,0.0931963339694819,1792832903187.157
2024-03-16,2024-03-16 16:00:00+00:00,2024-03-15,1,1329.35,99570000.0,68385.58,,0.0,0.09527867624674813,,,0.11473225060400205,732065540163.3827
2024-03-17,2024-03-17 16:00:00+00:00,2024-03-15,2,1329.35,98501000.0,67965.5,,0.0,0.09021658240512065,,,0.09902374612415854,1117333656018.6375
2024-03-18,2024-03-18 16:00:00+00:00,2024-03-18,0,1333.59,99190000.0,67467.19,,0.0,0.1024348605585399,,,0.0984427575275264,702643072254.8953
2024-03-19,2024-03-19 16:00:00+00:00,2024-03-19,0,1338.28,94556000.0,64051.85,,0.0,0.10308867629431617,,,0.11681101411142336,1187082993059.872
2024-03-20,2024-03-20 16:00:00+00:00,2024-03-20,0,1339.02,93962000.0,63600.37,,0.0,0.1033303029666135,,,0.09782276413122082,1107443303014.1655
2024-03-21,2024-03-21 16:00:00+00:00,2024-03-21,0,1322.11,97030000.0,66557.77,,0.0,0.10265506994731677,,,0.10337330142452794,1001539289246.4918
2024-03-22,2024-03-22 16:00:00+00:00,2024-03-22,0,1338.14,93652000.0,63877.04,,0.0,0.09564716765016468,,,0.09940587880746832,721565953597.3826
2024-03-23,2024-03-23 16:00:00+00:00,2024-03-22,1,1338.14,94524000.0,65104.05,,0.0,0.08500698117469407,,,0.08929841236526825,357395087120.389
2024-03-24,2024-03-24 16:00:00+00:00,2024-03-22,2,1338.14,95001000.0,65673.36,,0.0,0.08102910672795893,,,0.07435950032072558,333459100164.761
2024-03-25,2024-03-25 16:00:00+00:00,2024-03-25,0,1342.61,99400000.0,69792.05,,0.0,0.060792771786543076,,,0.05734713286635307,598345097520.1982
2024-03-26,2024-03-26 16:00:00+00:00,2024-03-26,0,1344.0,100079000.0,70250.0,,0.0,0.05997924080664285,,,0.06364960183650537,701612646672.7528
2024-03-27,2024-03-27 16:00:00+00:00,2024-03-27,0,1348.58,99146000.0,68874.0,,0.0,0.06743927142941875,,,0.06622303802218532,677152255115.5984
2024-03-28,2024-03-28 16:00:00+00:00,2024-03-28,0,1346.01,101487000.0,71290.39,,0.0,0.05762361118675852,,,0.05907969091891263,555889112377.4528
2024-03-29,2024-03-29 16:00:00+00:00,2024-03-29,0,1347.08,99259000.0,69180.0,,0.0,0.06511364793420427,,,0.060649121932492944,428956937106.74664
2024-03-30,2024-03-30 16:00:00+00:00,2024-03-29,1,1347.08,99972000.0,69999.99,,0.0,0.0601980822192798,,,0.06670279167280535,237461394559.21417
2024-03-31,2024-03-31 16:00:00+00:00,2024-03-29,2,1347.08,100265000.0,70381.13,,0.0,0.057547138715554835,,,0.051553119438111805,193617322093.72125
2024-04-01,2024-04-01 16:00:00+00:00,2024-04-01,0,1348.75,98743000.0,68237.15,,0.0,0.07288699330332604,,,0.06557186768489665,449202320935.471
2024-04-02,2024-04-02 16:00:00+00:00,2024-04-02,0,1351.37,95625000.0,64890.0,,0.0,0.09048425783596592,,,0.08576087586931624,782344890206.9426
2024-04-03,2024-04-03 16:00:00+00:00,2024-04-03,0,1348.5,96082000.0,65836.01,,0.0,0.08224996702358767,,,0.08488354166292345,426919398987.90375
2024-04-04,2024-04-04 16:00:00+00:00,2024-04-04,0,1346.87,98066000.0,67647.99,,0.0,0.07631126209794381,,,0.07715232136141936,341190308001.6469
2024-04-05,2024-04-05 16:00:00+00:00,2024-04-05,0,1352.58,98885000.0,68190.62,,0.0,0.07211856726939359,,,0.07261508172970732,454636928644.6297
2024-04-06,2024-04-06 16:00:00+00:00,2024-04-05,1,1352.58,98438000.0,68104.0,,0.0,0.0686296001350657,,,0.06262275099349623,161810848861.89255
2024-04-07,2024-04-07 16:00:00+00:00,2024-04-05,2,1352.58,99682000.0,69543.74,,0.0,0.05973124359908244,,,0.05919624258660816,209953289643.32565
2024-04-08,2024-04-08 16:00:00+00:00,2024-04-08,0,1353.2,102001000.0,71773.98,,0.0,0.05020821488753335,,,0.053497937970814036,573018736194.5123
2024-04-09,2024-04-09 16:00:00+00:00,2024-04-09,0,1354.8,99251000.0,69264.0,,0.0,0.05767474567297426,,,0.06053650392906418,455059353019.5742
2024-04-10,2024-04-10 16:00:00+00:00,2024-04-10,0,1349.05,98871000.0,68657.32,,0.0,0.06746595652229925,,,0.05578159647946923,394483530311.8
2024-04-11,2024-04-11 16:00:00+00:00,2024-04-11,0,1364.19,100532000.0,70000.0,,0.0,0.05276495837927886,,,0.052765509698736945,384647332654.6632
2024-04-12,2024-04-12 16:00:00+00:00,2024-04-12,0,1374.74,100232000.0,69347.3,,0.0,0.05137166952174943,,,0.08137441412200364,254392302907.51035
2024-04-13,2024-04-13 16:00:00+00:00,2024-04-12,1,1374.74,99850000.0,67676.0,,0.0,0.0732300350667816,,,0.10547864509654037,713816589623.9718
2024-04-14,2024-04-14 16:00:00+00:00,2024-04-12,2,1374.74,96830000.0,64180.97,,0.0,0.09744581339098701,,,0.09568225843661482,990823030008.378
2024-04-15,2024-04-15 16:00:00+00:00,2024-04-15,0,1383.63,96985000.0,64568.81,,0.0,0.08557996061844664,,,0.10002528962927193,558970258874.044
2024-04-16,2024-04-16 16:00:00+00:00,2024-04-16,0,1393.92,93810000.0,61762.2,,0.0,0.08965377853364953,,,0.07505512244901813,662597499096.5981
2024-04-17,2024-04-17 16:00:00+00:00,2024-04-17,0,1385.88,90942000.0,60304.95,,0.0,0.08814284788620208,,,0.07649178935737133,570300590208.8837
2024-04-18,2024-04-18 16:00:00+00:00,2024-04-18,0,1373.42,93511000.0,63498.7,,0.0,0.07224616057160826,,,0.07095154631378064,634074670811.6986
2024-04-19,2024-04-19 16:00:00+00:00,2024-04-19,0,1376.72,94161000.0,64437.17,,0.0,0.06142419245576325,,,0.06294671991786371,814239831337.2478
2024-04-20,2024-04-20 16:00:00+00:00,2024-04-19,1,1376.72,94881000.0,64808.35,,0.0,0.06341471881142091,,,0.060399199012284965,258668492947.78278
2024-04-21,2024-04-21 16:00:00+00:00,2024-04-19,2,1376.72,95146000.0,65043.69,,0.0,0.06252643079612596,,,0.06109470741477052,268810656171.78043
2024-04-22,2024-04-22 16:00:00+00:00,2024-04-22,0,1381.84,95896000.0,65994.38,,0.0,0.051564168121435605,,,0.05261779427868429,267521754549.62064
2024-04-23,2024-04-23 16:00:00+00:00,2024-04-23,0,1379.27,96096000.0,66419.56,,0.0,0.048962653402227385,,,0.04849371840060912,345435029793.48895
2024-04-24,2024-04-24 16:00:00+00:00,2024-04-24,0,1369.86,93763000.0,64610.11,,0.0,0.05938746403170181,,,0.06206883907541605,273781920658.08606
2024-04-25,2024-04-25 16:00:00+00:00,2024-04-25,0,1369.86,92344000.0,64135.94,,0.0,0.051068532008578416,,,0.049701417878315945,393761235947.31
2024-04-26,2024-04-26 16:00:00+00:00,2024-04-26,0,1375.1,91649000.0,63503.22,,0.0,0.049536873625124045,,,0.048589946515183335,218402334048.49615
2024-04-27,2024-04-27 16:00:00+00:00,2024-04-26,1,1375.1,90850000.0,62951.75,,0.0,0.04950096435637197,,,0.04850003117055057,215185714044.77338
2024-04-28,2024-04-28 16:00:00+00:00,2024-04-26,2,1375.1,90994000.0,63540.0,,0.0,0.04143282955104621,,,0.04303947051730428,161714754935.9873
2024-04-29,2024-04-29 16:00:00+00:00,2024-04-29,0,1377.35,90149000.0,63039.07,,0.0,0.038261625702544766,,,0.03903975783434599,383649936017.44354
2024-04-30,2024-04-30 16:00:00+00:00,2024-04-30,0,1381.92,87564000.0,60796.85,,0.0,0.04222530086812726,,,0.0392771771641387,540234020067.8004
2024-05-01,2024-05-01 16:00:00+00:00,2024-05-01,0,1386.95,80949000.0,56886.0,,0.0,0.025995098988374377,,,0.03149755478467209,1193958769395.9893
2024-05-02,2024-05-02 16:00:00+00:00,2024-05-02,0,1375.39,83642000.0,59264.15,,0.0,0.026139691402631726,,,0.0227329362759241,628274012770.3813
2024-05-03,2024-05-03 16:00:00+00:00,2024-05-03,0,1363.04,87098000.0,61690.74,,0.0,0.03580881319511975,,,0.04177197598669302,587461256545.0294
2024-05-04,2024-05-04 16:00:00+00:00,2024-05-03,1,1363.04,90005000.0,63609.17,,0.0,0.03809788588085827,,,0.03692375210895782,521120387147.91046
2024-05-05,2024-05-05 16:00:00+00:00,2024-05-03,2,1363.04,90563000.0,64428.65,,0.0,0.031248116090188516,,,0.03220692267048153,233823011773.5463
2024-05-06,2024-05-06 16:00:00+00:00,2024-05-06,0,1358.81,89411000.0,63632.01,,0.0,0.03408580353439428,,,0.034656015233119675,334967987555.5029
2024-05-07,2024-05-07 16:00:00+00:00,2024-05-07,0,1359.45,89407000.0,63740.48,,0.0,0.031793895189123456,,,0.03405545380688357,230240763668.23236
2024-05-08,2024-05-08 16:00:00+00:00,2024-05-08,0,1359.45,87605000.0,62273.08,,0.0,0.03482117920048711,,,0.0322535399217303,311250208294.9006
2024-05-09,2024-05-09 16:00:00+00:00,2024-05-09,0,1369.74,86856000.0,62159.06,,0.0,0.020134060418053323,,,0.019920199699168917,288270144181.1396
2024-05-10,2024-05-10 16:00:00+00:00,2024-05-10,0,1367.77,85863000.0,60928.02,,0.0,0.03032898994118982,,,0.03224608831625275,295976260304.5761
2024-05-11,2024-05-11 16:00:00+00:00,2024-05-10,1,1367.77,86112000.0,61174.18,,0.0,0.0291589271337529,,,0.031191845400373452,168166491942.41843
2024-05-12,2024-05-12 16:00:00+00:00,2024-05-10,2,1367.77,86379000.0,61419.0,,0.0,0.0282349389567651,,,0.028836618122244362,79671379885.46228
2024-05-13,2024-05-13 16:00:00+00:00,2024-05-13,0,1367.91,87949000.0,63002.0,,0.0,0.020514183285833765,,,0.021274245094517585,259783430631.74646
2024-05-14,2024-05-14 16:00:00+00:00,2024-05-14,0,1368.77,86601000.0,61787.61,,0.0,0.023978957992669914,,,0.026274757683582006,236851438633.15305
2024-05-15,2024-05-15 16:00:00+00:00,2024-05-15,0,1360.15,90738000.0,64725.11,,0.0,0.030693647834394655,,,0.022878527331786636,381691906741.26306
2024-05-16,2024-05-16 16:00:00+00:00,2024-05-16,0,1345.15,91484000.0,65818.88,,0.0,0.033294080344623334,,,0.03474435971539269,397281130579.47437
2024-05-17,2024-05-17 16:00:00+00:00,2024-05-17,0,1354.83,92862000.0,67195.1,,0.0,0.020036291687144825,,,0.020261563428230822,267277473826.11197
2024-05-18,2024-05-18 16:00:00+00:00,2024-05-17,1,1354.83,92848000.0,66823.63,,0.0,0.025551997456356945,,,0.026553204953190024,202744562917.0178
2024-05-19,2024-05-19 16:00:00+00:00,2024-05-17,2,1354.83,92910000.0,66889.88,,0.0,0.025220398403047017,,,0.026673154907026708,191208267114.8329
2024-05-20,2024-05-20 16:00:00+00:00,2024-05-20,0,1356.0,93327000.0,67419.99,,0.0,0.020842946416011587,,,0.003905625162032189,188183990219.8387
2024-05-21,2024-05-21 16:00:00+00:00,2024-05-21,0,1363.54,96308000.0,69826.99,,0.0,0.011512280766495131,,,0.010976808522805692,639348335201.6506
2024-05-22,2024-05-22 16:00:00+00:00,2024-05-22,0,1362.36,96770000.0,70455.9,,0.0,0.008164707636616253,,,0.012641044726537931,292570526153.0938
2024-05-23,2024-05-23 16:00:00+00:00,2024-05-23,0,1362.38,94566000.0,68076.0,,0.0,0.019630294282317218,,,0.02483257042290865,313385356814.778
2024-05-24,2024-05-24 16:00:00+00:00,2024-05-24,0,1369.02,95199000.0,68326.46,,0.0,0.01773256984799154,,,0.014573750735711544,342749378350.58984
2024-05-25,2024-05-25 16:00:00+00:00,2024-05-24,1,1369.02,95818000.0,68930.4,,0.0,0.01537510266080444,,,0.014545870719691711,174514779592.76917
2024-05-26,2024-05-26 16:00:00+00:00,2024-05-24,2,1369.02,96081000.0,68847.99,,0.0,0.019380815617870306,,,0.019422766481103304,132338443785.79434
2024-05-27,2024-05-27 16:00:00+00:00,2024-05-24,3,1369.02,97132000.0,70373.85,,0.0,0.008187311678060416,,,0.01041594829649739,232460475588.15845
2024-05-28,2024-05-28 16:00:00+00:00,2024-05-28,0,1357.65,94864000.0,68374.08,,0.0,0.02193226999458764,,,0.018726100594784745,322207994274.52155
2024-05-29,2024-05-29 16:00:00+00:00,2024-05-29,0,1365.07,93604000.0,67379.13,,0.0,0.01768667124221346,,,0.016889075800475384,235131779098.47424
2024-05-30,2024-05-30 16:00:00+00:00,2024-05-30,0,1365.07,95142000.0,68530.76,,0.0,0.017025415580749437,,,0.017549912448691307,243765915925.15286
2024-05-31,2024-05-31 16:00:00+00:00,2024-05-31,0,1385.43,94125000.0,67215.58,,0.0,0.010765595910255499,,,0.009971405804091171,218007856214.66647
2024-06-01,2024-06-01 16:00:00+00:00,2024-05-31,1,1385.43,94660000.0,67691.28,,0.0,0.009367195748756663,,,0.008880674313815451,88601442481.30101
2024-06-02,2024-06-02 16:00:00+00:00,2024-05-31,2,1385.43,95289000.0,68142.17,,0.0,0.009351010371579038,,,0.01188122418734383,96548097230.1748
2024-06-03,2024-06-03 16:00:00+00:00,2024-06-03,0,1375.91,96776000.0,69615.28,,0.0,0.010352839400770586,,,0.013918704809370741,254181799734.66803
2024-06-04,2024-06-04 16:00:00+00:00,2024-06-04,0,1375.96,97350000.0,70445.0,,0.0,0.004338181775991767,,,0.004561778644646797,201241940943.52356
2024-06-05,2024-06-05 16:00:00+00:00,2024-06-05,0,1372.58,98903000.0,71580.0,,0.0,0.006653724321983967,,,0.008028380846493821,313046347648.8466
2024-06-06,2024-06-06 16:00:00+00:00,2024-06-06,0,1365.45,99081000.0,71300.0,,0.0,0.017712361213162886,,,0.01718608920488718,211940565717.21088
2024-06-07,2024-06-07 16:00:00+00:00,2024-06-07,0,1366.38,99026000.0,71111.54,1392.0,0.0,0.019148938227008694,0.0003913263036063874,0.018750274447810966,0.03327028457115033,251353171503.55658
2024-06-08,2024-06-08 16:00:00+00:00,2024-06-07,1,1366.38,97980000.0,69430.01,1411.0,0.0,0.03280590135580996,0.00014551913150362417,0.03265563020536,0.03611841386491843,216422430778.77426
2024-06-09,2024-06-09 16:00:00+00:00,2024-06-07,2,1366.38,98006000.0,69508.64,1410.0,0.0,0.03191131981226891,-1.2064421923474455e-05,0.031923769376015265,0.029602795446955543,90858936098.97748
2024-06-10,2024-06-10 16:00:00+00:00,2024-06-10,0,1375.71,97827000.0,70066.12,1397.0,0.0,0.014901215800515955,-0.0005656753121491276,0.015475645303152596,0.01682010232812714,141601950536.4774
2024-06-11,2024-06-11 16:00:00+00:00,2024-06-11,0,1375.71,93900000.0,66244.48,1417.0,0.0,0.03036002921094738,0.00033634141552041363,0.03001359298107875,0.029416668886877995,337440543511.2411
2024-06-12,2024-06-12 16:00:00+00:00,2024-06-12,0,1378.01,97689000.0,69734.0,1402.0,0.0,0.016596750904751767,-0.000798510189545576,0.01740916248793556,0.019831717485825573,287175726686.3891
2024-06-13,2024-06-13 16:00:00+00:00,2024-06-13,0,1376.11,94279000.0,66470.01,1418.0,0.0,0.030709009979607016,0.0002602085493912387,0.030440880452870855,0.029677680274205587,265400930780.75797
2024-06-14,2024-06-14 16:00:00+00:00,2024-06-14,0,1378.96,94303000.0,66392.0,1419.0,0.0,0.03004948351470982,0.0009845213442172263,0.029036375239310797,0.0319085876785028,142140245636.36536
2024-06-15,2024-06-15 16:00:00+00:00,2024-06-14,1,1378.96,93851000.0,66316.02,1416.0,0.0,0.026286891954030667,-0.0005589177055577155,0.026860822648952842,0.028293030846681333,170880658605.1526
2024-06-16,2024-06-16 16:00:00+00:00,2024-06-14,2,1378.96,94450000.0,66712.8,1414.0,0.0,0.02669423838358087,0.0012519709769609477,0.0254104542553808,0.02473511184581101,77912815203.01187
2024-06-17,2024-06-17 16:00:00+00:00,2024-06-17,0,1380.5,91910000.0,65368.0,1408.0,0.0,0.018500291509832012,-0.0013922923087192896,0.019920318725099584,0.019374658541165157,267916488836.11343
2024-06-18,2024-06-18 16:00:00+00:00,2024-06-18,0,1380.88,91429000.0,64706.0,1413.0,0.0,0.023254060663467246,-6.321805400832936e-06,0.02326052951740909,0.018330189166927413,273774591602.61578
2024-06-19,2024-06-19 16:00:00+00:00,2024-06-18,1,1380.88,91570000.0,64922.0,1411.0,0.0,0.021422415351894264,-0.00038144230253434053,0.02181217774172972,0.020431955110270295,202630915607.6731
2024-06-20,2024-06-20 16:00:00+00:00,2024-06-20,0,1384.38,91770000.0,64831.23,1415.0,0.0,0.022494908175727968,0.00036855192955087546,0.02211820453921609,0.02199531734132032,177020865111.59686
2024-06-21,2024-06-21 16:00:00+00:00,2024-06-21,0,1388.17,90012000.0,63732.02,1413.0,0.0,0.017419537681731434,-0.00045910854660347056,0.017886858237823766,0.014216122272623366,248573301304.19513
2024-06-22,2024-06-22 16:00:00+00:00,2024-06-21,1,1388.17,90966000.0,64307.08,1413.0,0.0,0.019008140894097636,0.0011015788711674634,0.017886858237823766,0.0186915058142203,76016515906.02342
2024-06-23,2024-06-23 16:00:00+00:00,2024-06-21,2,1388.17,90475000.0,64094.0,1411.0,0.0,0.01687732019245969,0.0004242307381763233,0.0164461125078339,0.014812719319895029,52333075199.7513
2024-06-24,2024-06-24 16:00:00+00:00,2024-06-24,0,1389.17,85796000.0,60843.99,1411.0,0.0,0.015065245566287189,-0.0006391302740473837,0.01571441940151308,0.020754600596349926,467633841417.65
2024-06-25,2024-06-25 16:00:00+00:00,2024-06-25,0,1387.16,87325000.0,61810.0,1411.0,0.0,0.01848184924104279,0.0012737647010665487,0.01718619337351135,0.020005583166104568,466943080014.07275
2024-06-26,2024-06-26 16:00:00+00:00,2024-06-26,0,1388.65,86945000.0,61467.86,1413.0,0.0,0.01860011266194772,0.0010467420014250717,0.017535016022755867,0.017828071875336304,182096489464.6066
2024-06-27,2024-06-27 16:00:00+00:00,2024-06-27,0,1385.76,86722000.0,61576.0,1407.0,0.0,0.016318404507807305,0.0009761138811223979,0.01532732940768966,0.016064043784418613,176103363852.3291
2024-06-28,2024-06-28 16:00:00+00:00,2024-06-28,0,1376.55,85852000.0,61062.01,1406.0,0.0,0.021379954334322715,-1.3814979436754804e-05,0.02139406487232587,0.02375583898526057,151649328462.00998
2024-06-29,2024-06-29 16:00:00+00:00,2024-06-28,1,1376.55,85875000.0,61106.0,1407.0,0.0,0.020918100074019286,-0.0011763961216124663,0.02212051868802445,0.021605234182221045,111792740839.29039
2024-06-30,2024-06-30 16:00:00+00:00,2024-06-28,2,1376.55,86680000.0,61717.9,1405.0,0.0,0.020271537831981545,-0.00038805309422484946,0.020667611056627067,0.017488837401045343,82527570026.32558
2024-07-01,2024-07-01 16:00:00+00:00,2024-07-01,0,1383.0,88624000.0,63132.9,1405.0,0.0,0.01501726309874285,-0.000876245647287277,0.01590744757772966,0.014510907840560527,206855897199.76053
2024-07-02,2024-07-02 16:00:00+00:00,2024-07-02,0,1386.55,87157000.0,61948.08,1407.0,0.0,0.014702866951369131,-4.5301939288644455e-05,0.014748837041578033,0.012698944740121565,140699534810.9681
2024-07-03,2024-07-03 16:00:00+00:00,2024-07-03,0,1384.85,85181000.0,60186.25,1415.0,0.0,0.021980746778543114,0.00020497326944557415,0.021771310972307445,0.02340071300073543,224405402693.4112
2024-07-04,2024-07-04 16:00:00+00:00,2024-07-03,1,1384.85,82831000.0,58140.0,1425.0,0.0,0.02876253929709338,-0.0002232964592423503,0.028992309636422853,0.0338493733566978,467761313923.8279
2024-07-05,2024-07-05 16:00:00+00:00,2024-07-05,0,1379.87,80996000.0,56662.0,1429.0,0.0,0.035937368458634156,0.00032113129112332217,0.035604803351040326,0.03810618764009477,792188167672.5488
2024-07-06,2024-07-06 16:00:00+00:00,2024-07-05,1,1379.87,81958000.0,57317.98,1429.0,0.0,0.03624465300491009,0.0006178511839645129,0.035604803351040326,0.030815061912603525,207997075056.38757
2024-07-07,2024-07-07 16:00:00+00:00,2024-07-05,2,1379.87,81010000.0,56825.42,1424.0,0.0,0.033136738011104505,0.001119656375971001,0.03198127359823766,0.030106235039590645,217673234408.1859
2024-07-08,2024-07-08 16:00:00+00:00,2024-07-08,0,1382.73,79382000.0,55761.52,1422.0,0.0,0.029556174339234076,0.0011239162757308296,0.028400338460870866,0.02694422810118491,426930052313.41364
2024-07-09,2024-07-09 16:00:00+00:00,2024-07-09,0,1383.39,81315000.0,57477.01,1415.0,0.0,0.022661406275125584,-0.00018405453926084725,0.022849666399207713,0.021632444071793877,207954038306.4618
2024-07-10,2024-07-10 16:00:00+00:00,2024-07-10,0,1383.42,81770000.0,57699.69,1415.0,0.0,0.0243926834884034,0.0015302658597364793,0.022827485506932144,0.025506231727506545,244534451216.08356
2024-07-11,2024-07-11 16:00:00+00:00,2024-07-11,0,1370.85,81200000.0,57402.01,1414.0,0.0,0.03190327988892938,0.0004134450040587101,0.03147682095050519,0.03136735556064174,236987664922.50336
2024-07-12,2024-07-12 16:00:00+00:00,2024-07-12,0,1374.9,82000000.0,58214.0,1409.0,0.0,0.02450786996085519,-0.0002868201496238898,0.024801803767546593,0.024478379435984188,169317923004.52573
2024-07-13,2024-07-13 16:00:00+00:00,2024-07-12,1,1374.9,82567000.0,58830.63,1404.0,0.0,0.020779392818481845,-0.000377786904465216,0.021165175649138,0.018444719274779864,117271507048.73442
2024-07-14,2024-07-14 16:00:00+00:00,2024-07-12,2,1374.9,84417000.0,60084.0,1405.0,0.0,0.021880154023366405,-1.2082728308437929e-05,0.02189250127281972,0.021999408057440384,238378687682.0421
2024-07-15,2024-07-15 16:00:00+00:00,2024-07-15,0,1382.97,88520000.0,63026.0,1405.0,0.0,0.015567749314914447,-0.0003560638647350789,0.01592948509367509,0.018438472093848635,397862909561.5623
2024-07-16,2024-07-16 16:00:00+00:00,2024-07-16,0,1384.99,90530000.0,64878.24,1397.0,0.0,0.00750410135597579,-0.0011574049126608088,0.008671542754821404,0.008011567753009485,602877841401.8248
2024-07-17,2024-07-17 16:00:00+00:00,2024-07-17,0,1380.61,90602000.0,64724.01,1400.0,0.0,0.013914545874426532,-0.0001281705859342841,0.014044516554276854,0.011149122174077597,360444156434.25946
2024-07-18,2024-07-18 16:00:00+00:00,2024-07-18,0,1383.85,89389000.0,63538.12,1406.0,0.0,0.01662480077964723,0.0006089833278200008,0.01600607002204013,0.014684602616239939,254246774778.6164
2024-07-19,2024-07-19 16:00:00+00:00,2024-07-19,0,1389.29,91930000.0,65836.77,1398.0,0.0,0.0050688993779437475,-0.0011930105745469044,0.006269389400341163,0.0042536259182714975,266857218097.84933
2024-07-20,2024-07-20 16:00:00+00:00,2024-07-19,1,1389.29,93781000.0,66825.0,1402.0,0.0,0.01014328745360027,0.0009857117164138174,0.009148557896479614,0.008449307198167055,282060791305.8871
2024-07-21,2024-07-21 16:00:00+00:00,2024-07-19,2,1389.29,94208000.0,67164.0,1403.0,0.0,0.009620874591292905,-0.00024505711978806133,0.009868350020514116,0.003152801457235954,204326468013.2417
2024-07-22,2024-07-22 16:00:00+00:00,2024-07-22,0,1388.71,93805000.0,67063.87,1399.0,0.0,0.007223415843262027,-0.0001849679659066128,0.007409754376363598,0.006127189431125002,352712412479.0778
2024-07-23,2024-07-23 16:00:00+00:00,2024-07-23,0,1385.78,93311000.0,66584.01,1399.0,0.0,0.011273455328759674,0.0017173187458816574,0.00953975378487204,0.009381304121776957,282357332089.38464
2024-07-24,2024-07-24 16:00:00+00:00,2024-07-24,0,1379.4,92539000.0,66176.0,1398.0,0.0,0.013757470730553223,0.00026971039036149946,0.01348412353197026,0.014652369304267276,287768807381.51373
2024-07-25,2024-07-25 16:00:00+00:00,2024-07-25,0,1380.57,90854000.0,64790.88,1402.0,0.0,0.015714709928192905,0.00018919906245740137,0.015522574009286139,0.017872493903958953,374130030851.75824
2024-07-26,2024-07-26 16:00:00+00:00,2024-07-26,0,1383.11,94460000.0,67560.01,1400.0,0.0,0.010884446994865904,-0.0013111517978080522,0.012211610067167644,0.008547102660869,335783219422.21796
2024-07-27,2024-07-27 16:00:00+00:00,2024-07-26,1,1383.11,96240000.0,68844.0,1398.0,0.0,0.010724509168391183,-4.0646726828796886e-05,0.010765593481357305,0.004085600209282392,283971074928.667
2024-07-28,2024-07-28 16:00:00+00:00,2024-07-26,2,1383.11,94604000.0,67645.0,1398.0,0.0,0.01115347094383834,0.00038374620681835836,0.010765593481357305,0.010232396545033051,400060439850.9924
2024-07-29,2024-07-29 16:00:00+00:00,2024-07-29,0,1381.93,95204000.0,68104.0,1396.0,0.0,0.01157137262416752,0.001375950551945282,0.010181412951451918,0.014370007167649801,355769253672.6628
2024-07-30,2024-07-30 16:00:00+00:00,2024-07-30,0,1384.98,92767000.0,66216.01,1401.0,0.0,0.011549180093420874,-1.757070250807402e-05,0.011566954035437282,0.012206341004215027,346929469805.1247
2024-07-31,2024-07-31 16:00:00+00:00,2024-07-31,0,1369.29,92696000.0,66379.99,1397.0,0.0,0.01983138899288317,-0.0003973352655226581,0.020236765038815774,0.02091120263046764,196848873373.388
2024-08-01,2024-08-01 16:00:00+00:00,2024-08-01,0,1368.5,88590000.0,62906.6,1408.0,0.0,0.0290670841514038,0.00019765956050865618,0.0288637194008039,0.026298112094819803,462265605837.21027
2024-08-02,2024-08-02 16:00:00+00:00,2024-08-02,0,1359.38,89221000.0,63416.01,1405.0,0.0,0.034968893021270375,0.0013637108863022718,0.0335594167929496,0.03697864787255756,404744872438.0829
2024-08-03,2024-08-03 16:00:00+00:00,2024-08-02,1,1359.38,85884000.0,60879.0,1409.0,0.0,0.03777660771296798,0.0012297835293504367,0.03650193470552754,0.0417561282154868,431875691343.08484
2024-08-04,2024-08-04 16:00:00+00:00,2024-08-02,2,1359.38,83495000.0,59086.01,1413.0,0.0,0.0395249785468792,7.747016069137302e-05,0.03944445261810525,0.03551728830598022,291477800131.8774
2024-08-05,2024-08-05 16:00:00+00:00,2024-08-05,0,1367.68,78399000.0,54321.09,1443.0,0.0,0.05525532212549811,0.0001743582568269897,0.05507136172204019,0.0534993242453794,1797243480735.6382
2024-08-06,2024-08-06 16:00:00+00:00,2024-08-06,0,1377.4,80211000.0,56405.99,1422.0,0.0,0.032401498060350864,2.09728750544258e-05,0.03237984608683009,0.039646143494432184,761742190224.8158
2024-08-07,2024-08-07 16:00:00+00:00,2024-08-07,0,1374.98,80017000.0,56094.5,1427.0,0.0,0.03744624323811774,-0.0003729253486003392,0.03783327757494659,0.034028337167846034,369480887688.66
2024-08-08,2024-08-08 16:00:00+00:00,2024-08-08,0,1376.94,83600000.0,59428.03,1407.0,0.0,0.021644796052417536,-0.00018224202102634646,0.021831016602030573,0.01717834803943541,498850692898.74445
2024-08-09,2024-08-09 16:00:00+00:00,2024-08-09,0,1363.71,84278000.0,59810.23,1408.0,0.0,0.03327690661074212,0.0007741834617436272,0.03247757954403796,0.030767348988055332,520414800454.7727
2024-08-10,2024-08-10 16:00:00+00:00,2024-08-09,1,1363.71,85102000.0,60515.89,1406.0,0.0,0.031212851304105893,0.00019578766139560777,0.031010992073094767,0.03113791415035072,145800301266.4184
2024-08-11,2024-08-11 16:00:00+00:00,2024-08-09,2,1363.71,84384000.0,60127.29,1402.0,0.0,0.02912102930361571,0.0010147210211368662,0.02807781713120816,0.03432195212444267,161462379854.59375
2024-08-12,2024-08-12 16:00:00+00:00,2024-08-12,0,1369.87,84212000.0,60207.37,1400.0,0.0,0.021045205600625838,-0.0009291458599076652,0.021994787826582263,0.02366402158230252,456064859577.6349
2024-08-13,2024-08-13 16:00:00+00:00,2024-08-13,0,1367.28,83225000.0,59472.26,1400.0,0.0,0.023485985446789925,-0.0004343441559380157,0.023930723772745965,0.021250725267820236,198258032626.1306
2024-08-14,2024-08-14 16:00:00+00:00,2024-08-14,0,1355.35,83117000.0,59435.69,1398.0,0.0,0.031789468128645026,0.00031177083559286167,0.0314678865237763,0.036718565251608215,351781119959.28314
2024-08-15,2024-08-15 16:00:00+00:00,2024-08-15,0,1363.21,83422000.0,59682.84,1397.0,0.0,0.025341070456746495,0.0005405874426209767,0.02478708342808522,0.032680184542348556,243757648138.69482
2024-08-16,2024-08-16 16:00:00+00:00,2024-08-16,0,1354.34,81499000.0,58071.06,1402.0,0.0,0.0362506620812022,0.001024052555674393,0.035190572529793185,0.031011929801127325,291614179097.66614
2024-08-17,2024-08-17 16:00:00+00:00,2024-08-16,1,1354.34,82751000.0,59388.11,1392.0,0.0,0.028835736499523312,0.0010009995479627332,0.027806902254972954,0.028255566167108226,118128849809.52509
2024-08-18,2024-08-18 16:00:00+00:00,2024-08-16,2,1354.34,83280000.0,59863.99,1391.0,0.0,0.027181884279726454,0.00011036172207368189,0.027068535227490864,0.029944242547106814,107674488365.6646
2024-08-19,2024-08-19 16:00:00+00:00,2024-08-19,0,1334.21,80773000.0,58539.24,1379.0,0.0,0.0341771602462142,0.0005870260856428722,0.033570427443955664,0.0299679166816067,228741130637.40176
2024-08-20,2024-08-20 16:00:00+00:00,2024-08-20,0,1331.78,80700000.0,58825.53,1370.0,0.0,0.03009006237351164,0.0013528053049602917,0.028698433675231616,0.027452705639685826,262388032950.7569
2024-08-21,2024-08-21 16:00:00+00:00,2024-08-21,0,1333.74,81208000.0,59511.8,1364.0,0.0,0.023115236542217144,0.00041768004825248894,0.022688080135558675,0.016351820205887213,182529244261.30762
2024-08-22,2024-08-22 16:00:00+00:00,2024-08-22,0,1343.23,82249000.0,60407.4,1361.0,0.0,0.013654843573325026,0.00041998202277548913,0.01322930548007406,0.011151363841254591,249586342056.51096
2024-08-23,2024-08-23 16:00:00+00:00,2024-08-23,0,1327.56,83091000.0,61533.05,1351.0,0.0,0.01716494635492616,-0.0004829783990040193,0.01765645243906122,0.0069015297033026,220281369036.2949
2024-08-24,2024-08-24 16:00:00+00:00,2024-08-23,1,1327.56,85474000.0,63976.0,1336.0,0.0,0.006381829897169844,2.4148277160795928e-05,0.006357528096658571,0.006982551166109463,336438169618.4617
2024-08-25,2024-08-25 16:00:00+00:00,2024-08-23,2,1327.56,85874000.0,64132.16,1339.0,0.0,0.008629501932136296,1.208482825010293e-05,0.008617312965139012,0.011707069687111105,131570989100.02225
2024-08-26,2024-08-26 16:00:00+00:00,2024-08-26,0,1328.53,85135000.0,63532.53,1340.0,0.0,0.008650305380478507,1.6559856064857215e-05,0.008633602553197894,0.011154540871615826,203639995358.3923
2024-08-27,2024-08-27 16:00:00+00:00,2024-08-27,0,1330.9,83286000.0,61709.13,1350.0,0.0,0.014091531329369467,-0.0002559858916608704,0.014351190923435286,0.023706183502134603,187473390116.91986
2024-08-28,2024-08-28 16:00:00+00:00,2024-08-28,0,1335.15,80599000.0,59000.0,1363.0,0.0,0.02316949089069542,0.0022632030540805648,0.020859079504175426,0.022184006021670255,429443460701.3745
2024-08-29,2024-08-29 16:00:00+00:00,2024-08-29,0,1332.02,82207000.0,60779.99,1353.0,0.0,0.015400632670311332,-0.0003444562235711546,0.015750514256542614,0.021786624453843384,211029888149.22607
2024-08-30,2024-08-30 16:00:00+00:00,2024-08-30,0,1336.0,79570000.0,58094.99,1369.0,0.0,0.02518966323142391,0.00047727543987008403,0.02470059880239517,0.01834859818035528,252419581753.22577
2024-08-31,2024-08-31 16:00:00+00:00,2024-08-30,1,1336.0,80212000.0,59006.54,1359.0,0.0,0.01749606324466102,0.00027574723684109514,0.017215568862275488,0.01869226256166856,99042672523.94878
2024-09-01,2024-09-01 16:00:00+00:00,2024-08-30,2,1336.0,79301000.0,58217.0,1363.0,0.0,0.01958252620615486,-0.0006146331537617566,0.02020958083832336,0.022803324955450677,154619690634.00537
2024-09-02,2024-09-02 16:00:00+00:00,2024-08-30,3,1336.0,79572000.0,58537.99,1359.0,0.0,0.017456872699608494,0.00023721996076320195,0.017215568862275488,0.015246408927440003,193036079219.47064
2024-09-03,2024-09-03 16:00:00+00:00,2024-09-03,0,1339.79,78729000.0,57725.0,1363.0,0.0,0.017967848855623858,0.0006332679517802031,0.017323610416557944,0.016235914052936895,196390832485.14233
2024-09-04,2024-09-04 16:00:00+00:00,2024-09-04,0,1336.93,78853000.0,58134.0,1356.0,0.0,0.014563761266060293,0.00029552311905156614,0.01426402279850092,0.015947306549036977,302635186729.5689
2024-09-05,2024-09-05 16:00:00+00:00,2024-09-05,0,1335.14,76246000.0,55976.01,1359.0,0.0,0.02020704677949947,0.0022952438831351785,0.017870785086208096,0.01762254544522568,225352981692.55536
2024-09-06,2024-09-06 16:00:00+00:00,2024-09-06,0,1335.68,73458000.0,54045.01,1358.0,0.0,0.017609318562359144,0.0008839577447508074,0.016710589362721517,0.021736956085847137,375356998896.4595
2024-09-07,2024-09-07 16:00:00+00:00,2024-09-06,1,1335.68,74549000.0,54780.0,1360.0,0.0,0.01886670697250814,0.0006469729184115369,0.018207954000958315,0.017948496014934312,230919746966.28833
2024-09-08,2024-09-08 16:00:00+00:00,2024-09-06,2,1335.68,73001000.0,53687.0,1359.0,0.0,0.018022202357345307,0.0005532709673721214,0.017459271681839805,0.015668244425459665,103724345630.3828
2024-09-09,2024-09-09 16:00:00+00:00,2024-09-09,0,1342.16,75354000.0,55386.0,1360.0,0.0,0.013682660953483694,0.00038552957744686367,0.013292006914227716,0.009345794665965412,178378789631.06555
2024-09-10,2024-09-10 16:00:00+00:00,2024-09-10,0,1343.41,76868000.0,56596.0,1357.0,0.0,0.01100025889277112,0.0008753557841840731,0.010116047967485775,0.008526994732785065,226159663861.31833
2024-09-11,2024-09-11 16:00:00+00:00,2024-09-11,0,1340.59,76717000.0,56701.23,1353.0,0.0,0.009260220362905969,3.0737740635000677e-06,0.009257118134552655,0.005649394351610271,231709515799.705
2024-09-12,2024-09-12 16:00:00+00:00,2024-09-12,0,1341.35,77689000.0,57512.03,1350.0,0.0,0.007067824401076672,0.000615130563247579,0.006448727028739665,0.003760302751103506,214627962715.05066
2024-09-13,2024-09-13 16:00:00+00:00,2024-09-13,0,1329.26,79960000.0,59667.38,1342.0,0.0,0.008151686342471764,-0.0014189936008984771,0.009584279975324517,0.006372096428296725,163232718596.65106
2024-09-14,2024-09-14 16:00:00+00:00,2024-09-13,1,1329.26,80544000.0,59876.0,1345.0,0.0,0.011976617626907604,0.00013385780426999894,0.011841174788980391,0.009751732686352987,181544007844.04703
2024-09-15,2024-09-15 16:00:00+00:00,2024-09-13,2,1329.26,81000000.0,60335.41,1343.0,0.0,0.009956839088428815,-0.0003758541126693826,0.010336578246543215,0.013844436741663912,70316542950.66356
2024-09-16,2024-09-16 16:00:00+00:00,2024-09-16,0,1320.59,78160000.0,57881.69,1350.0,0.0,0.02252831616477846,0.00025234744003310716,0.02227034885922219,0.020710886451283494,207808693478.9181
2024-09-17,2024-09-17 16:00:00+00:00,2024-09-17,0,1323.81,81881000.0,61135.5,1341.0,0.0,0.011728565362553844,-0.001240572622966174,0.012985247127609068,0.015927717893481796,207310064552.25977
2024-09-18,2024-09-18 16:00:00+00:00,2024-09-18,0,1324.15,80300000.0,59429.18,1350.0,0.0,0.02041920204752512,0.0008800639935042653,0.019521957482158347,0.010082102906886714,206735568080.81982
2024-09-19,2024-09-19 16:00:00+00:00,2024-09-19,0,1329.08,84489000.0,63154.04,1338.0,0.0,0.006579101233486595,-0.00013142610806993194,0.006711409395973256,0.0027381959143353285,437693794846.5332
2024-09-20,2024-09-20 16:00:00+00:00,2024-09-20,0,1333.66,84484000.0,63153.99,1337.0,0.0,0.0030637789858165565,0.0005579951250742621,0.0025043864253257997,0.0011423552967348982,321434132860.6782
2024-09-21,2024-09-21 16:00:00+00:00,2024-09-20,1,1333.66,84437000.0,63167.98,1337.0,0.0,0.002283728268136942,-0.00022010692439522472,0.0025043864253257997,-0.0007217055177067833,107350619924.81139
2024-09-22,2024-09-22 16:00:00+00:00,2024-09-20,2,1333.66,83737000.0,62652.12,1336.0,0.0,0.0021586994192965836,0.00040342145773886173,0.0017545701303181005,0.00043106360064482097,101891131355.69243
2024-09-23,2024-09-23 16:00:00+00:00,2024-09-23,0,1334.12,85184000.0,63618.0,1338.0,0.0,0.0036519272265598257,0.0007414866603123738,0.00290828411237376,0.0015129914688958301,272142212973.1974
2024-09-24,2024-09-24 16:00:00+00:00,2024-09-24,0,1330.0,84451000.0,63159.99,1338.0,0.0,0.005335695607345814,-0.0006752801511433759,0.006015037593984918,-0.002590295746930038,146662803603.1895
2024-09-25,2024-09-25 16:00:00+00:00,2024-09-25,0,1335.1,84843000.0,63495.66,1334.0,0.0,0.0008250774193581112,0.00165034547420162,-0.0008239083214739429,0.00056635088162027,168056257055.78018
2024-09-26,2024-09-26 16:00:00+00:00,2024-09-26,0,1314.78,86130000.0,65229.03,1320.0,0.0,0.004293004966030356,0.00032148262821030116,0.003970245972710229,0.0036240330254664332,222671665257.36078
2024-09-27,2024-09-27 16:00:00+00:00,2024-09-27,0,1309.43,87021000.0,66006.01,1318.0,0.0,0.006834995015358114,0.00028827581408230607,0.006544832484363328,0.009717176488918566,233823547053.51517
2024-09-28,2024-09-28 16:00:00+00:00,2024-09-27,1,1309.43,86283000.0,65619.13,1315.0,0.0,0.004182114856264629,-7.134094582605943e-05,0.004253759269300383,0.0057465156794305194,146094138919.693
2024-09-29,2024-09-29 16:00:00+00:00,2024-09-27,2,1309.43,86234000.0,65751.34,1312.0,0.0,0.001593821143652363,-0.00036814236270366063,0.001962686054237217,0.000660759329320415,87387204551.86552
2024-09-30,2024-09-30 16:00:00+00:00,2024-09-30,0,1314.94,83815000.0,63561.41,1316.0,0.0,0.002818390901976775,0.0020106496448673017,0.0008061204313505321,0.005500275108498265,265504127974.3673
2024-10-01,2024-10-01 16:00:00+00:00,2024-10-01,0,1323.78,83286000.0,62628.85,1329.0,0.0,0.004573579728798904,0.0006278505443111371,0.003943253410687575,0.012504424066584585,218160240776.24963
2024-10-02,2024-10-02 16:00:00+00:00,2024-10-02,0,1321.53,82785000.0,61874.01,1339.0,0.0,0.012433165582480088,-0.0007761005883383243,0.013219525852610214,0.019428073011086067,313782451551.68115
2024-10-03,2024-10-03 16:00:00+00:00,2024-10-03,0,1335.58,82275000.0,60641.5,1356.0,0.0,0.015846406701116367,0.0005487786592011101,0.015289237634585673,0.015823193565610794,196631544031.59814
2024-10-04,2024-10-04 16:00:00+00:00,2024-10-04,0,1348.74,83700000.0,61873.04,1354.0,0.0,0.0029880659817416166,-0.0009083278344059753,0.003899936236783974,0.0008016487484729939,168627242922.92474
2024-10-05,2024-10-05 16:00:00+00:00,2024-10-04,1,1348.74,84047000.0,62167.66,1352.0,0.0,0.0023732256996571444,-4.37393268081232e-05,0.0024170707475124065,0.003057261088621699,90416506594.29025
2024-10-06,2024-10-06 16:00:00+00:00,2024-10-04,2,1348.74,84400000.0,62720.01,1346.0,0.0,-0.0022813509236374596,-0.0002503337628133595,-0.002031525720301963,-0.002298249037725464,68168779637.118095
2024-10-07,2024-10-07 16:00:00+00:00,2024-10-07,0,1343.75,85373000.0,63651.6,1342.0,0.0,-0.0018570570286181587,-0.0005554548302575402,-0.0013023255813953138,0.0039287914033021565,218125685880.34448
2024-10-08,2024-10-08 16:00:00+00:00,2024-10-08,0,1346.49,84339000.0,62288.01,1354.0,0.0,0.005589798431944848,1.2265650390919092e-05,0.005577464370325913,0.005263199875057412,149473192627.6778
2024-10-09,2024-10-09 16:00:00+00:00,2024-10-09,0,1346.04,84206000.0,62316.0,1352.0,0.0,0.0038885553927379135,-0.0005368704875436947,0.00442780303705681,0.009391149808958499,94487212040.65178
2024-10-10,2024-10-10 16:00:00+00:00,2024-10-10,0,1350.77,82566000.0,60789.36,1358.0,0.0,0.005523598760072801,0.0001701851967184087,0.005352502646638557,0.007902138558950611,169721010392.7026
2024-10-11,2024-10-11 16:00:00+00:00,2024-10-11,0,1350.71,84108000.0,62259.05,1352.0,0.0,0.00016741488874982835,-0.000786886860663194,0.0009550532682811586,-0.0002652124704141112,193875127772.96024
2024-10-12,2024-10-12 16:00:00+00:00,2024-10-11,1,1350.71,84963000.0,63157.49,1346.0,0.0,-0.004037786904930729,-0.0005526591013066406,-0.0034870549562823205,-0.0048876351989664,163737232499.40866
2024-10-13,2024-10-13 16:00:00+00:00,2024-10-11,2,1350.71,84159000.0,62229.31,1353.0,0.0,0.0012521593416063848,-0.0004424950892082391,0.0016954046390416089,-0.0013326169019780565,90787856224.04811
2024-10-14,2024-10-14 16:00:00+00:00,2024-10-11,3,1350.71,88302000.0,65870.0,1342.0,0.0,-0.007522290255059572,-0.0010807993073110866,-0.006448460439324566,-0.006949406290142401,345959373642.4617
2024-10-15,2024-10-15 16:00:00+00:00,2024-10-15,0,1365.17,89348000.0,66022.0,1354.0,0.0,-0.008690145842855435,-0.0005122056132133013,-0.008182131163151918,-0.010567096491134409,441325625716.09424
2024-10-16,2024-10-16 16:00:00+00:00,2024-10-16,0,1363.76,91732000.0,67749.99,1355.0,0.0,-0.007172772608261213,-0.0007541995367100762,-0.00642341761013665,-0.006587307932068742,355163367385.7126
2024-10-17,2024-10-17 16:00:00+00:00,2024-10-17,0,1371.08,91949000.0,67590.66,1361.0,0.0,-0.0078038731821622465,-0.00045535227229909214,-0.007351868599935751,-0.007741768264127646,202589534760.68604
2024-10-18,2024-10-18 16:00:00+00:00,2024-10-18,0,1369.65,93600000.0,68735.35,1361.0,0.0,-0.005771751268523917,0.0005471865356843075,-0.00631548205746002,-0.004186940979885367,231769973545.70465
2024-10-19,2024-10-19 16:00:00+00:00,2024-10-18,1,1369.65,93066000.0,68226.93,1365.0,0.0,-0.0040773338327304565,-0.0006846302446880115,-0.003395027926842653,-0.0035441941213961714,141642579095.97375
2024-10-20,2024-10-20 16:00:00+00:00,2024-10-18,2,1369.65,93600000.0,68625.99,1363.0,0.0,-0.004187383578072024,0.0006711299209785082,-0.004855254992151337,-0.006860575368404898,126727794601.09901
2024-10-21,2024-10-21 16:00:00+00:00,2024-10-21,0,1379.14,92161000.0,67341.02,1369.0,0.0,-0.0076631170010676986,-0.0003130103585481381,-0.007352408022390788,-0.008200395016603967,335184203099.6691
2024-10-22,2024-10-22 16:00:00+00:00,2024-10-22,0,1379.22,92483000.0,67282.27,1375.0,0.0,-0.0033842931556359312,-0.0003255889499026443,-0.003059700410376953,-0.0012719754183260212,234452428804.71133
2024-10-23,2024-10-23 16:00:00+00:00,2024-10-23,0,1381.61,91760000.0,66223.44,1386.0,0.0,0.0028966955283828977,-0.000279867598146466,0.0031774523924987808,0.0028761943548312185,172052307493.16605
2024-10-24,2024-10-24 16:00:00+00:00,2024-10-24,0,1382.11,93603000.0,67701.22,1384.0,0.0,0.00034697703110819766,-0.0010191037395483882,0.0013674743688998348,-0.0019152292746809074,227732103521.71283
2024-10-25,2024-10-25 16:00:00+00:00,2024-10-25,0,1389.24,94266000.0,67690.01,1392.0,0.0,0.002428074928191082,0.000440502021005873,0.001986697762805578,0.01189307332056111,254851603942.8218
2024-10-26,2024-10-26 16:00:00+00:00,2024-10-25,1,1389.24,93885000.0,66886.49,1403.0,0.0,0.010370192048337668,0.000460930578212837,0.009904696092827736,0.008422609145598559,233823077454.0417
2024-10-27,2024-10-27 16:00:00+00:00,2024-10-25,2,1389.24,94733000.0,67791.99,1398.0,0.0,0.005878739305055447,-0.0004241918511049825,0.006305605942817705,0.0033919438467593377,99728465626.39615
2024-10-28,2024-10-28 16:00:00+00:00,2024-10-28,0,1385.57,95771000.0,68494.2,1397.0,0.0,0.009140771694722938,0.0008841653808571159,0.008249312557286892,0.004781023879916413,271609152257.81357
2024-10-29,2024-10-29 16:00:00+00:00,2024-10-29,0,1382.2,100480000.0,72402.01,1388.0,0.0,0.004056413672157477,-0.00013921111119874485,0.004196208942266022,0.007646197751800088,506838125950.14404
2024-10-30,2024-10-30 16:00:00+00:00,2024-10-30,0,1378.41,100200000.0,72061.34,1391.0,0.0,0.008757955329936395,-0.0003723557107564446,0.00913371203052793,0.008526683278522018,459318566742.5497
2024-10-31,2024-10-31 16:00:00+00:00,2024-10-31,0,1377.57,98672000.0,70620.0,1397.0,0.0,0.014267574258521432,0.00016076039463941427,0.01410454641143466,0.013217052357201275,295573127367.8676
2024-11-01,2024-11-01 16:00:00+00:00,2024-11-01,0,1376.95,96936000.0,69387.77,1398.0,0.0,0.01457462041564117,-0.0007020575240938021,0.015287410581357408,0.016641518563319968,530847550070.75037
2024-11-02,2024-11-02 16:00:00+00:00,2024-11-01,1,1376.95,97280000.0,69393.17,1401.0,0.0,0.018095843244758214,0.0006188946151817198,0.0174661389302444,0.017581178939981124,172861176229.31442
2024-11-03,2024-11-03 17:00:00+00:00,2024-11-01,2,1376.95,95204000.0,68152.01,1397.0,0.0,0.014514728313178571,-4.5772977214530997e-05,0.014561167798395003,0.012480325747087795,367473300554.0303
2024-11-04,2024-11-04 17:00:00+00:00,2024-11-04,0,1375.17,94374000.0,67756.0,1392.0,0.0,0.012857186849455804,0.0006112195687975053,0.012238486877985899,0.010542828400230464,286516516054.147
2024-11-05,2024-11-05 17:00:00+00:00,2024-11-05,0,1380.26,97541000.0,70191.98,1390.0,0.0,0.006789802620877694,-0.00026496908957351906,0.007056641502325656,0.00437162727019258,485667023042.89343
2024-11-06,2024-11-06 17:00:00+00:00,2024-11-06,0,1399.98,102536000.0,74333.99,1381.0,0.0,-0.014703148577636771,-0.001161559700014525,-0.013557336533379094,-0.016203084258622047,1663360525445.9585
2024-11-07,2024-11-07 17:00:00+00:00,2024-11-07,0,1384.66,104196000.0,75893.99,1374.0,0.0,-0.008482200808671458,-0.0007896391351782661,-0.007698640821573566,-0.00878150154732793,619933571178.4009
2024-11-08,2024-11-08 17:00:00+00:00,2024-11-08,0,1396.69,105885000.0,75919.3,1395.0,0.0,-0.001421474828325553,-0.00021172736772323564,-0.0012100036514903767,-0.0001632468240302387,534882972102.2723
2024-11-09,2024-11-09 17:00:00+00:00,2024-11-08,1,1396.69,106213000.0,76087.18,1396.0,0.0,-0.0005382829085803786,-4.427962434461197e-05,-0.0004940251594842682,-0.0074760192982866736,371573460432.7474
2024-11-10,2024-11-10 17:00:00+00:00,2024-11-08,2,1396.69,109891000.0,79775.99,1378.0,0.0,-0.013743452572104187,-0.0003667218961772578,-0.013381638015594,-0.007233629196266134,736021858092.4794
2024-11-11,2024-11-11 17:00:00+00:00,2024-11-08,3,1396.69,117649000.0,84200.0,1395.0,0.0,0.0004056247746517805,0.00161758571075854,-0.0012100036514903767,0.005566738628089318,1055487949995.5228
2024-11-12,2024-11-12 17:00:00+00:00,2024-11-12,0,1408.28,123690000.0,87030.31,1423.0,0.0,0.00919490074275875,-0.0012445574012562854,0.010452466838980934,0.008928902975447794,2449076686991.388
2024-11-13,2024-11-13 17:00:00+00:00,2024-11-13,0,1404.24,129574000.0,92256.0,1406.0,0.0,0.0001886116708844643,-0.001063402522956669,0.0012533470062097152,0.009475562537037296,1325521213567.7058
2024-11-14,2024-11-14 17:00:00+00:00,2024-11-14,0,1402.77,126991000.0,89198.31,1423.0,0.0,0.014915412245912307,0.0004869239888956045,0.014421466099217906,0.008769813301458207,1141306525255.3057
2024-11-15,2024-11-15 17:00:00+00:00,2024-11-15,0,1397.42,126765000.0,89375.99,1420.0,0.0,0.014966108667189726,-0.001173281990349162,0.016158348957364232,0.008065124253034739,937351362503.8282
2024-11-16,2024-11-16 17:00:00+00:00,2024-11-15,1,1397.42,126866000.0,90612.65,1399.0,0.0,0.0019117289932302217,0.0007801918010865716,0.0011306550643328528,0.003815735723581959,593513094374.0593
2024-11-17,2024-11-17 17:00:00+00:00,2024-11-15,2,1397.42,126909000.0,90446.92,1402.0,0.0,0.004087787869565762,0.0008076722715326667,0.0032774684776228913,0.007210856711347802,415577309363.78723
2024-11-18,2024-11-18 17:00:00+00:00,2024-11-18,0,1394.28,127775000.0,91403.12,1398.0,0.0,0.0026165553301145117,-5.1351383639430814e-05,0.002668043721490765,0.00800542666812265,599245918780.3687
2024-11-19,2024-11-19 17:00:00+00:00,2024-11-19,0,1392.83,129441000.0,92553.79,1400.0,0.0,0.0041059476641176484,-0.001036509224990656,0.005147792623651171,0.00891913733672367,578260259551.2456
2024-11-20,2024-11-20 17:00:00+00:00,2024-11-20,0,1399.51,132336000.0,94048.0,1408.0,0.0,0.0054313740767319985,-0.0006312057286027573,0.006066408957420721,0.009283593397632739,825231427631.6708
2024-11-21,2024-11-21 17:00:00+00:00,2024-11-21,0,1401.0,136231000.0,97147.99,1402.0,0.0,0.0009306537586768471,0.00021672319251497818,0.0007137758743753775,-0.005025944788101144,1406574171089.2104
2024-11-22,2024-11-22 17:00:00+00:00,2024-11-22,0,1405.49,137233000.0,98865.3,1390.0,0.0,-0.012386747681691346,-0.001380899279956993,-0.011021067385751593,-0.015200309229822628,1220891911058.4531
2024-11-23,2024-11-23 17:00:00+00:00,2024-11-22,1,1405.49,135728000.0,97708.85,1391.0,0.0,-0.011656778850749117,-0.0013612409108116896,-0.010309571750777291,-0.009306555828442642,718811074046.71
2024-11-24,2024-11-24 17:00:00+00:00,2024-11-22,2,1405.49,133205000.0,96404.0,1384.0,0.0,-0.0168999620684942,-0.0016349188494565459,-0.015290041195597293,-0.01091245787581352,799445877784.2188
2024-11-25,2024-11-25 17:00:00+00:00,2024-11-25,0,1401.03,133366000.0,95912.0,1390.0,0.0,-0.007513190191822949,0.0003624425507553486,-0.007872779312363076,-0.003981390910929861,574077781297.7379
2024-11-26,2024-11-26 17:00:00+00:00,2024-11-26,0,1396.69,131138000.0,94029.43,1394.0,0.0,-0.0014616967826353022,0.0004651812917224607,-0.0019259821434964852,0.0026172752379443054,1063022488267.2422
2024-11-27,2024-11-27 17:00:00+00:00,2024-11-27,0,1391.14,132489000.0,95689.19,1385.0,0.0,-0.004718101328665458,-0.000305804680403976,-0.004413646361976609,-0.0026995315420829114,562397461586.7432
2024-11-28,2024-11-28 17:00:00+00:00,2024-11-27,1,1391.14,133055000.0,94972.0,1401.0,0.0,0.007081869034302413,-5.802078244299125e-06,0.007087712236007793,0.0006300716851477262,488165211679.9599
2024-11-29,2024-11-29 17:00:00+00:00,2024-11-29,0,1396.99,135600000.0,97779.99,1387.0,0.0,-0.007303698833419525,-0.00015370889206822724,-0.007151089127338084,-0.011815187473213418,437493492606.1857
2024-11-30,2024-11-30 17:00:00+00:00,2024-11-29,1,1396.99,134385000.0,96871.31,1389.0,0.0,-0.006970099350595893,-0.001257853917774554,-0.005719439652395519,-0.007276438139128594,353182218867.58716
2024-12-01,2024-12-01 17:00:00+00:00,2024-11-29,2,1396.99,134818000.0,97187.98,1387.0,0.0,-0.007016511132315828,0.00013554730588749564,-0.007151089127338084,-0.014471326563042952,316863754394.7501
2024-12-02,2024-12-02 17:00:00+00:00,2024-12-02,0,1406.13,134183000.0,96167.46,1396.0,0.0,-0.007697974550526343,-0.000497387503389124,-0.0072041703114221756,-0.009122374047919046,716867300237.5858
2024-12-03,2024-12-03 17:00:00+00:00,2024-12-03,0,1427.83,132635000.0,95112.0,1398.0,0.0,-0.023333424623878884,-0.002493679313814945,-0.02089184286644763,-0.02306832257270197,2141084146894.407
2024-12-04,2024-12-04 17:00:00+00:00,2024-12-04,0,1412.16,133877000.0,94847.81,1411.0,0.0,-0.00047247450884790876,0.00034924904152044967,-0.0008214366644007098,-0.0033117818432604196,818244834767.7816
2024-12-05,2024-12-05 17:00:00+00:00,2024-12-05,0,1415.88,141966000.0,101037.51,1405.0,0.0,-0.007626259027273541,5.845720175390312e-05,-0.00768426702827929,0.0017311346844000042,1874712376781.2412
2024-12-06,2024-12-06 17:00:00+00:00,2024-12-06,0,1422.4,138120000.0,99004.07,1398.0,0.0,-0.01919701822241271,-0.0020785684689269557,-0.017154105736783,-0.01784271767757195,1117873547378.3052
2024-12-07,2024-12-07 17:00:00+00:00,2024-12-06,1,1422.4,138476000.0,99621.56,1390.0,0.0,-0.02276406553997823,1.4671349593431415e-05,-0.02277840269966258,-0.021415497725535193,498080767012.97003
2024-12-08,2024-12-08 17:00:00+00:00,2024-12-06,2,1422.4,139921000.0,99832.96,1401.0,0.0,-0.014657514733758759,0.0003933983174173594,-0.015044994375703058,-0.019561357568995685,357882659589.72186
2024-12-09,2024-12-09 17:00:00+00:00,2024-12-09,0,1430.05,138350000.0,97844.06,1413.0,0.0,-0.011234110067362635,0.0006968583851152399,-0.011922660046851496,-0.0017699341623867992,623716450278.8396
2024-12-10,2024-12-10 17:00:00+00:00,2024-12-10,0,1432.6,138215000.0,96319.77,1434.0,0.0,0.0016472301073111595,0.0006693318352399835,0.000977244171436631,-0.0012583674845688675,950697062057.0437
2024-12-11,2024-12-11 17:00:00+00:00,2024-12-11,0,1428.5,142638000.0,100575.99,1420.0,0.0,-0.007202488589682532,-0.00125968658476161,-0.005950297514875746,-0.009318080242701865,770114614234.8461
2024-12-12,2024-12-12 17:00:00+00:00,2024-12-12,0,1429.47,144203000.0,101462.49,1421.0,0.0,-0.005754271052988091,0.0001720212230014173,-0.00592527300328094,-0.0013720050968529796,665339161144.8439
2024-12-13,2024-12-13 17:00:00+00:00,2024-12-13,0,1434.82,143781000.0,100988.01,1425.0,0.0,-0.007719941123078722,-0.0008819129278707649,-0.006844064063784905,-0.007720585449031092,380531491278.64386
2024-12-14,2024-12-14 17:00:00+00:00,2024-12-13,1,1434.82,145809000.0,101650.76,1435.0,0.0,-0.0002848358478036994,-0.0004102356593351786,0.00012545127611840456,0.002800695135144471,497921578057.01196
2024-12-15,2024-12-15 17:00:00+00:00,2024-12-13,2,1434.82,147823000.0,103127.08,1433.0,0.0,-0.0009853220991807854,0.0002834892851730775,-0.0012684517918623017,-0.004296717104925074,579387318532.21
2024-12-16,2024-12-16 17:00:00+00:00,2024-12-16,0,1437.86,153384000.0,106824.95,1436.0,0.0,-0.001401846071619195,-0.00010839720928856877,-0.0012935890837771913,0.005937770150312716,1053132790453.799
2024-12-17,2024-12-17 17:00:00+00:00,2024-12-17,0,1436.16,155600000.0,107075.72,1453.0,0.0,0.011849130253783757,0.0001219868584130257,0.011725713012477712,0.018356354754743176,982061875766.4954
2024-12-18,2024-12-18 17:00:00+00:00,2024-12-18,0,1438.13,154000000.0,104199.62,1478.0,0.0,0.027676533493211863,-4.570154763661183e-05,0.027723502047798165,0.02531190341568168,897055313795.8528
2024-12-19,2024-12-19 17:00:00+00:00,2024-12-19,0,1446.06,150470000.0,100716.3,1494.0,0.0,0.03315110633345064,-1.0114962853968734e-06,0.03315215136301397,0.0463920983468078,1421648285956.8345
2024-12-20,2024-12-20 17:00:00+00:00,2024-12-20,0,1444.52,146195000.0,96727.99,1511.0,0.0,0.04630137762300057,0.00026688683254572076,0.04602220806911639,0.0485276962063097,1914771012298.0442
2024-12-21,2024-12-21 17:00:00+00:00,2024-12-20,1,1444.52,147252000.0,97292.0,1514.0,0.0,0.04775685716518696,-0.0003264628056434127,0.04809902251266851,0.051869666387127644,680536856038.1284
2024-12-22,2024-12-22 17:00:00+00:00,2024-12-20,2,1444.52,145000000.0,95715.09,1515.0,0.0,0.0487308194735947,-5.7661157757737946e-05,0.048791293993852625,0.053102621580318754,351464022359.83765
2024-12-23,2024-12-23 17:00:00+00:00,2024-12-23,0,1451.76,142545000.0,93980.61,1514.0,0.0,0.044765691327316226,0.0018157463945474017,0.04287210007163722,0.03743056018776203,540714920391.48944
2024-12-24,2024-12-24 17:00:00+00:00,2024-12-24,0,1457.36,147150000.0,98496.23,1496.0,0.0,0.025117891019282856,-0.0013597529038354983,0.02651369599824349,0.02116058043979585,718838492889.8546
2024-12-25,2024-12-25 17:00:00+00:00,2024-12-24,1,1457.36,147781000.0,98425.51,1502.0,0.0,0.030253460357151374,-0.0003660566004674015,0.03063072953834345,0.021919769786083565,489433565955.0077
2024-12-26,2024-12-26 17:00:00+00:00,2024-12-26,0,1467.66,145205000.0,96519.47,1505.0,0.0,0.02504087687167078,-0.0003910343192846666,0.025441859831295988,0.02479915180387504,548161688580.50543
2024-12-27,2024-12-27 17:00:00+00:00,2024-12-27,0,1470.4,142230000.0,94165.92,1508.0,0.0,0.027216441829531757,0.0016041485849760395,0.025571273122959592,0.0249082193625787,430687050421.5882
2024-12-28,2024-12-28 17:00:00+00:00,2024-12-27,1,1470.4,142038000.0,94874.89,1498.0,0.0,0.01816407450048141,-0.0005951567786995904,0.018770402611534287,0.015506270217068296,234311720602.5654
2024-12-29,2024-12-29 17:00:00+00:00,2024-12-27,2,1470.4,140411000.0,93900.01,1496.0,0.0,0.016950934701456033,-0.0004514342346115807,0.017410228509249226,0.013801887505880295,199050703386.52048
2024-12-30,2024-12-30 17:00:00+00:00,2024-12-30,0,1472.32,136989000.0,92120.6,1487.0,0.0,0.010012446933648667,4.137583681873558e-05,0.009970658552488576,0.009313517440397323,538995136149.00665
2024-12-31,2024-12-31 17:00:00+00:00,2024-12-31,0,1477.86,140707000.0,94868.42,1481.0,0.0,0.003600205013465141,0.0014723828367315672,0.0021246938140284666,0.006976333076829766,591547362686.2357
2025-01-01,2025-01-01 17:00:00+00:00,2024-12-31,1,1477.86,140579000.0,94090.49,1495.0,0.0,0.010977347858941,-0.0006133890924318042,0.011597850946639232,0.010920236448593412,245583728627.44098
2025-01-02,2025-01-02 17:00:00+00:00,2025-01-02,0,1472.52,144156000.0,97229.74,1482.0,0.0,0.0068676710214223835,0.0004269790367508186,0.006437943117920231,0.007253989283045437,446320838322.7329
2025-01-03,2025-01-03 17:00:00+00:00,2025-01-03,0,1470.0,144470000.0,97868.2,1476.0,0.0,0.004196578302511522,0.00011447839071276888,0.004081632653061273,0.002348702120678947,312264034938.6936
2025-01-04,2025-01-04 17:00:00+00:00,2025-01-03,1,1470.0,144602000.0,97704.6,1480.0,0.0,0.006797095356750882,-5.5877199839349245e-06,0.006802721088435382,0.002499339695458902,260894963365.3399
2025-01-05,2025-01-05 17:00:00+00:00,2025-01-03,2,1470.0,144425000.0,98035.17,1473.0,0.0,0.0021740087738704172,0.0001329211796263774,0.0020408163265306367,0.0007295802752651515,198902093158.9896
2025-01-06,2025-01-06 17:00:00+00:00,2025-01-06,0,1459.94,149346000.0,102158.67,1463.0,0.0,0.0013441322845848536,-0.0007502717104874712,0.0020959765469812375,0.006741073858730795,478874437179.77625
2025-01-07,2025-01-07 17:00:00+00:00,2025-01-07,0,1452.42,145094000.0,97733.58,1484.0,0.0,0.02214715863506389,0.00039553648567358657,0.02174302199088407,0.028193571672172624,553551694584.9767
2025-01-08,2025-01-08 17:00:00+00:00,2025-01-08,0,1459.85,142380000.0,94787.87,1503.0,0.0,0.02893511805954274,-0.0006048355959924478,0.029557831284036107,0.025896511567278235,630222315415.225
2025-01-09,2025-01-09 17:00:00+00:00,2025-01-09,0,1459.23,141649000.0,94250.95,1502.0,0.0,0.029921268950098057,0.000593883681792029,0.02930997855033124,0.03468673639485842,534197092248.23157
2025-01-10,2025-01-10 17:00:00+00:00,2025-01-10,0,1473.36,141723000.0,93645.05,1514.0,0.0,0.02718019207984579,-0.0003922009228788381,0.027583211163598964,0.02071669020003508,479883479215.57104
2025-01-11,2025-01-11 17:00:00+00:00,2025-01-10,1,1473.36,141819000.0,94448.14,1500.0,0.0,0.019135979152705485,0.0010361241629532891,0.018081120703697717,0.017155699933892876,162379780388.12125
2025-01-12,2025-01-12 17:00:00+00:00,2025-01-10,2,1473.36,142716000.0,95046.76,1500.0,0.0,0.019122694432010423,0.0010230753788977864,0.018081120703697717,0.020007984314961202,192471874240.463
2025-01-13,2025-01-13 17:00:00+00:00,2025-01-13,0,1466.87,139197000.0,91343.2,1522.0,0.0,0.03887196540897042,0.0012418658997739307,0.03758342593413189,0.024776644207725296,554914110468.5198
2025-01-14,2025-01-14 17:00:00+00:00,2025-01-14,0,1459.5,142773000.0,95745.43,1491.0,0.0,0.021701266917696804,0.00011602888422435065,0.021582733812949728,0.01823894372743018,395291565478.77356
2025-01-15,2025-01-15 17:00:00+00:00,2025-01-15,0,1456.5,145777000.0,98995.58,1474.0,0.0,0.01102690980015053,-0.0009764626024970635,0.012015104703055224,0.006385063146935099,465906747485.6222
2025-01-16,2025-01-16 17:00:00+00:00,2025-01-16,0,1456.16,145736000.0,99346.39,1466.0,0.0,0.007408608672499817,0.0006467391572626546,0.006757499175914727,0.007366151081892758,506340699905.95795
2025-01-17,2025-01-17 17:00:00+00:00,2025-01-17,0,1457.04,154511000.0,104972.81,1473.0,0.0,0.01020870332649948,-0.0007369388358161588,0.010953714379838608,0.00461570314405102,651959617126.5355
2025-01-18,2025-01-18 17:00:00+00:00,2025-01-17,1,1457.04,154612000.0,103253.66,1499.0,0.0,0.027699791883485148,-0.0010675752061952704,0.028798111239224822,0.0227014008447608,667775295280.6837
2025-01-19,2025-01-19 17:00:00+00:00,2025-01-17,2,1457.04,157090000.0,104963.11,1497.0,0.0,0.027165383900104256,-0.0002531389727401523,0.027425465326964327,0.04304843242887113,787752515675.4396
2025-01-20,2025-01-20 17:00:00+00:00,2025-01-17,3,1457.04,159074000.0,106670.38,1490.0,0.0,0.02349066276375189,0.0008502250156354751,0.022621204634052594,0.028376928117409106,1670552275828.627
2025-01-21,2025-01-21 17:00:00+00:00,2025-01-21,0,1435.29,156280000.0,104965.99,1488.0,0.0,0.037325698821833564,0.0005801090470360926,0.036724285684426095,0.034289030890696015,1032354587348.6707
2025-01-22,2025-01-22 17:00:00+00:00,2025-01-22,0,1435.77,154909000.0,103704.64,1492.0,0.0,0.040383815442164295,0.0011741760706407423,0.039163654345751864,0.04096798775412891,390798176816.9302
2025-01-23,2025-01-23 17:00:00+00:00,2025-01-23,0,1434.29,156630000.0,105139.18,1490.0,0.0,0.03865996444509823,-0.00017476482955713912,0.03884151740582453,0.040757768564346986,626060792741.1312
2025-01-24,2025-01-24 17:00:00+00:00,2025-01-24,0,1429.17,157301000.0,105645.89,1490.0,0.0,0.04182550726533929,-0.0007075434775803968,0.04256316603343202,0.04849436573877153,570242072633.3486
2025-01-25,2025-01-25 17:00:00+00:00,2025-01-24,1,1429.17,157097000.0,104654.9,1500.0,0.0,0.05032676681061887,0.0007303368818214473,0.049560234261844194,0.050092795636730525,234467383976.8011
2025-01-26,2025-01-26 17:00:00+00:00,2025-01-24,2,1429.17,157600000.0,104938.02,1502.0,0.0,0.050846921637913045,-0.0001072603214004042,0.05095964790752672,0.06435621755521259,136875633174.67209
2025-01-27,2025-01-27 17:00:00+00:00,2025-01-27,0,1433.83,153306000.0,99744.0,1537.0,0.0,0.07195044492618252,-3.4440803460267233e-06,0.07195413682235685,0.05841094143396197,786151543040.3295
2025-01-28,2025-01-28 17:00:00+00:00,2025-01-28,0,1446.42,155378000.0,102250.01,1517.0,0.0,0.05058633967915238,0.001706719471799234,0.04879633854620358,0.0637582029072381,301032347954.2798
2025-01-29,2025-01-29 17:00:00+00:00,2025-01-29,0,1441.85,156740000.0,102092.01,1538.0,0.0,0.06479991137460694,-0.0017673912773231715,0.06668516142455871,0.062120520857666284,209511610080.41046
2025-01-30,2025-01-30 17:00:00+00:00,2025-01-30,0,1442.16,159832000.0,105696.96,1510.0,0.0,0.04854673342764615,0.001438514622525977,0.04704055028568255,0.04708928719060346,491153485825.6996
2025-01-31,2025-01-31 17:00:00+00:00,2025-01-31,0,1453.86,158894000.0,105081.87,1511.0,0.0,0.040056942689346675,0.0007261328248402421,0.03930227119530083,0.05144943892146947,285841394345.7787
2025-02-01,2025-02-01 17:00:00+00:00,2025-01-31,1,1453.86,157040000.0,101892.32,1543.0,0.0,0.060098567723753105,-0.0011439379968531949,0.061312643583288695,0.0753184531904596,279308406934.7028
2025-02-02,2025-02-02 17:00:00+00:00,2025-01-31,2,1453.86,155287000.0,98264.0,1582.0,0.0,0.08697128940070487,-0.0010720108671878892,0.08813778493114888,0.08417888896261005,452387787472.76074
2025-02-03,2025-02-03 17:00:00+00:00,2025-02-03,0,1461.21,155785000.0,98543.08,1581.0,0.0,0.0818993770812162,-7.451689763171565e-05,0.08198000287433005,0.06858435230112603,1538646343467.5154
2025-02-04,2025-02-04 17:00:00+00:00,2025-02-04,0,1451.02,154951000.0,99043.48,1563.0,0.0,0.07818948849660279,0.0009433855395653001,0.07717329878292523,0.086465999992418,743124883382.8625
2025-02-05,2025-02-05 17:00:00+00:00,2025-02-05,0,1442.37,153230000.0,97974.01,1564.0,0.0,0.08431692568229532,-8.820910247897551e-06,0.08432649042894691,0.0868249282094451,336122904102.58905
2025-02-06,2025-02-06 17:00:00+00:00,2025-02-06,0,1447.05,150697000.0,96586.96,1561.0,0.0,0.07820805476374715,-0.0004990610852786403,0.07874641512041736,0.08328881648620445,297288089236.9097
2025-02-07,2025-02-07 17:00:00+00:00,2025-02-07,0,1453.97,150781000.0,97827.66,1541.0,0.0,0.06005770745740402,0.00018955542624388144,0.05985680584881381,0.06615693306290038,427287573912.0359
2025-02-08,2025-02-08 17:00:00+00:00,2025-02-07,1,1453.97,148525000.0,96132.07,1545.0,0.0,0.0626147042115095,6.408726477946658e-06,0.06260789424816182,0.061152238805815884,222318643682.4239
2025-02-09,2025-02-09 17:00:00+00:00,2025-02-07,2,1453.97,147662000.0,96442.16,1531.0,0.0,0.053043646120439325,6.13129652091704e-05,0.05297908485044389,0.052227089957981976,197695007560.42703
2025-02-10,2025-02-10 17:00:00+00:00,2025-02-10,0,1451.0,147302000.0,97300.75,1514.0,0.0,0.043338042993879,-7.694822713455451e-05,0.04341833218470015,0.04493021812283371,251074663454.76175
2025-02-11,2025-02-11 17:00:00+00:00,2025-02-11,0,1452.31,146334000.0,96365.05,1517.0,0.0,0.04560190365078398,0.0010139094865326825,0.04454283176456819,0.04975111707918978,191156184244.90118
2025-02-12,2025-02-12 17:00:00+00:00,2025-02-12,0,1453.49,146788000.0,96986.14,1514.0,0.0,0.04128312448732774,-0.00033381201381377235,0.041630833373466514,0.03931689454462828,348438166705.5955
2025-02-13,2025-02-13 17:00:00+00:00,2025-02-13,0,1446.95,144634000.0,95359.22,1517.0,0.0,0.048224202736384614,-0.00017929456202259164,0.04841217733853975,0.04356517681770877,238140779183.8305
2025-02-14,2025-02-14 17:00:00+00:00,2025-02-14,0,1439.89,146551000.0,97658.7,1503.0,0.0,0.042193911915827,-0.0015671378386691304,0.04382973699379811,0.04388514380251429,183304551956.59683
2025-02-15,2025-02-15 17:00:00+00:00,2025-02-14,1,1439.89,147150000.0,97535.39,1509.0,0.0,0.047776674558021925,-0.000209969563054746,0.04799672197181715,0.04990706339587381,155368390911.81195
2025-02-16,2025-02-16 17:00:00+00:00,2025-02-14,2,1439.89,146384000.0,97052.64,1508.0,0.0,0.04750701787943101,0.00019554374961128218,0.0473022244754806,0.05220740796851353,89679262441.17871
2025-02-17,2025-02-17 17:00:00+00:00,2025-02-14,3,1439.89,144286000.0,95334.75,1512.0,0.0,0.051099056287575495,0.0009702514271938689,0.05008021446082678,0.046966939820744846,183137764959.0643
2025-02-18,2025-02-18 17:00:00+00:00,2025-02-18,0,1438.83,143114000.0,94639.98,1511.0,0.0,0.050988577679584646,0.0007901358191373387,0.050158809588346065,0.04411473632023011,188469259682.97598
2025-02-19,2025-02-19 17:00:00+00:00,2025-02-19,0,1441.06,143585000.0,96300.0,1492.0,0.0,0.034667295717864643,-0.0006584094053714296,0.03534897922362701,0.036200560138481164,217991227661.0644
2025-02-20,2025-02-20 17:00:00+00:00,2025-02-20,0,1434.71,144618000.0,97550.73,1483.0,0.0,0.03330302807763008,-0.0003437711306428781,0.03365836998417793,0.03318109121370161,131788539147.58835
2025-02-21,2025-02-21 17:00:00+00:00,2025-02-21,0,1434.06,144717000.0,98215.81,1474.0,0.0,0.027473964638601522,-0.0003668156515381771,0.02785099647155631,0.03573003458089197,191754721437.94492
2025-02-22,2025-02-22 17:00:00+00:00,2025-02-21,1,1434.06,142219000.0,96504.01,1473.0,0.0,0.02764931840507301,0.00048254008959891515,0.027153675578427627,0.027734076445184552,193476993804.55652
2025-02-23,2025-02-23 17:00:00+00:00,2025-02-21,2,1434.06,140226000.0,95420.5,1467.0,0.0,0.024753795671276668,0.001743986516939966,0.022969750219656193,0.024081850196673527,139115584923.503
2025-02-24,2025-02-24 17:00:00+00:00,2025-02-24,0,1429.77,137420000.0,94434.49,1456.0,0.0,0.017778153831434995,-0.0005572314535914336,0.01834560803485874,0.009438066489447783,364537532430.44135
2025-02-25,2025-02-25 17:00:00+00:00,2025-02-25,0,1433.79,126880000.0,87460.0,1451.0,0.0,0.011808095532394036,-0.00019274342288677637,0.012003152483976098,0.020180480042447657,1386545072354.5566
2025-02-26,2025-02-26 17:00:00+00:00,2025-02-26,0,1433.2,126379000.0,86805.99,1456.0,0.0,0.015823886141371313,-8.32461416115926e-05,0.015908456600614018,0.01686805593031382,475994401270.44055
2025-02-27,2025-02-27 17:00:00+00:00,2025-02-27,0,1447.35,123714000.0,84471.69,1464.0,0.0,0.011891855742784507,0.000383659432594996,0.011503782775417193,0.014094575620436922,663196718325.1134
2025-02-28,2025-02-28 17:00:00+00:00,2025-02-28,0,1459.04,124738000.0,84363.69,1479.0,0.0,0.013388591808662698,-0.00028770047835624535,0.013680228095185987,0.011611800440738396,995080688990.5594
2025-03-01,2025-03-01 17:00:00+00:00,2025-02-28,1,1459.04,126910000.0,85274.82,1488.0,0.0,0.020017996873664456,0.0001660337087037167,0.019848667617063276,0.0218871809163399,422136521686.61584
2025-03-02,2025-03-02 17:00:00+00:00,2025-02-28,2,1459.04,136339000.0,91200.0,1489.0,0.0,0.02460876702393122,0.003992730314705595,0.020534049786160802,0.03603435977927405,563067453804.0344
2025-03-03,2025-03-03 17:00:00+00:00,2025-03-03,0,1456.49,136183000.0,90154.0,1508.0,0.0,0.037123295692024216,0.0016974197231274246,0.03536584528558384,0.03594969970082218,1286429740087.4297
2025-03-04,2025-03-04 17:00:00+00:00,2025-03-04,0,1458.46,126287000.0,83555.37,1510.0,0.0,0.036310162980728755,0.0009383578151480609,0.035338644871988345,0.024609508813409953,843010742803.1978
2025-03-05,2025-03-05 17:00:00+00:00,2025-03-05,0,1445.21,133291000.0,88926.53,1498.0,0.0,0.037142717463571895,0.0005934757713810246,0.036527563468284896,0.030893101638148845,600869321263.776
2025-03-06,2025-03-06 17:00:00+00:00,2025-03-06,0,1447.34,133001000.0,89316.02,1489.0,0.0,0.028856911137616903,7.102872123465609e-05,0.028783837937181422,0.02848740577129938,483287670967.31256
2025-03-07,2025-03-07 17:00:00+00:00,2025-03-07,0,1449.3,130588000.0,87237.37,1496.0,0.0,0.03286227254214702,0.0006198473230838442,0.032222452218312325,0.0295721080827005,633924031976.7028
2025-03-08,2025-03-08 17:00:00+00:00,2025-03-07,1,1449.3,128601000.0,86148.09,1493.0,0.0,0.03000753163435066,-0.00014071292855688533,0.030152487407714146,0.028559062715104222,317625285832.63794
2025-03-09,2025-03-09 16:00:00+00:00,2025-03-07,2,1449.3,124106000.0,83080.41,1494.0,0.0,0.030708493871991704,-0.000129973113335069,0.03084247567791354,0.035063126053009874,266057317480.41003
2025-03-10,2025-03-10 16:00:00+00:00,2025-03-10,0,1456.74,119520000.0,80043.85,1492.0,0.0,0.025015822907987095,0.0007919235006577097,0.024204731111934885,0.026056158908611904,731047239785.3776
2025-03-11,2025-03-11 16:00:00+00:00,2025-03-11,0,1453.07,120701000.0,81232.24,1485.0,0.0,0.02257672291650903,0.0005896018641695644,0.021974165043666227,0.02260906235905291,801915425917.4874
2025-03-12,2025-03-12 16:00:00+00:00,2025-03-12,0,1451.7,121649000.0,81738.97,1488.0,0.0,0.025185619386312252,0.00017605084886396227,0.02500516635668526,0.01969542899082688,467380341688.16455
2025-03-13,2025-03-13 16:00:00+00:00,2025-03-13,0,1455.76,120346000.0,81044.72,1483.0,0.0,0.02003988061358597,0.0013036120040688104,0.01871187558388754,0.018045392388805315,274370536015.59665
2025-03-14,2025-03-14 16:00:00+00:00,2025-03-14,0,1451.76,124768000.0,84724.58,1474.0,0.0,0.014375993847099533,-0.0009291093436464282,0.015319336529453942,0.01603095680998723,291226577502.9978
2025-03-15,2025-03-15 16:00:00+00:00,2025-03-14,1,1451.76,124122000.0,84346.02,1474.0,0.0,0.013653079417046854,-0.001641116299530565,0.015319336529453942,0.012747769353667948,157345688491.64655
2025-03-16,2025-03-16 16:00:00+00:00,2025-03-14,2,1451.76,122812000.0,83320.83,1474.0,0.0,0.015295333754660412,-2.3640616237496914e-05,0.015319336529453942,0.01560414830616419,146104344328.44894
2025-03-17,2025-03-17 16:00:00+00:00,2025-03-17,0,1444.71,122351000.0,83531.06,1465.0,0.0,0.013862013966613462,-0.00017980191282851443,0.014044341078832456,0.011789305601776823,173609012497.1388
2025-03-18,2025-03-18 16:00:00+00:00,2025-03-18,0,1451.28,120181000.0,81610.21,1472.0,0.0,0.014705717929230477,0.00042263200837888704,0.01427705198169904,0.010240785834901622,202223024220.75967
2025-03-19,2025-03-19 16:00:00+00:00,2025-03-19,0,1462.15,124337000.0,84733.05,1467.0,0.0,0.003588362468005757,0.0002704322989737218,0.0033170331361351835,0.0016711752688558512,202109946580.8806
2025-03-20,2025-03-20 16:00:00+00:00,2025-03-20,0,1467.77,125202000.0,84691.76,1477.0,0.0,0.007191614763849774,0.0008975195679998826,0.006288451187856481,0.005471863511805619,350726560762.4518
2025-03-21,2025-03-21 16:00:00+00:00,2025-03-21,0,1466.49,123834000.0,83565.48,1481.0,0.0,0.010494335741341176,0.0005940840116944734,0.009894373640461307,0.009606510172172067,167445235076.21152
2025-03-22,2025-03-22 16:00:00+00:00,2025-03-21,1,1466.49,124245000.0,84109.09,1476.0,0.0,0.007295468717456899,0.0008053739291755679,0.006484872041405021,0.009748675487215586,66875081507.24954
2025-03-23,2025-03-23 16:00:00+00:00,2025-03-21,2,1466.49,125895000.0,85189.41,1478.0,0.0,0.007729021279021753,-0.00011871961064091607,0.007848672681027402,0.005528195578435202,78672522242.60594
2025-03-24,2025-03-24 16:00:00+00:00,2025-03-24,0,1466.91,130329000.0,88350.01,1476.0,0.0,0.005613258773844665,-0.000579847271042877,0.00619669918399901,0.004192177956718446,294164317082.2877
2025-03-25,2025-03-25 16:00:00+00:00,2025-03-25,0,1465.32,129520000.0,87774.37,1475.0,0.0,0.007016618049635603,0.00040785814270649645,0.006606065569295438,0.005969768587031465,228122479103.6548
2025-03-26,2025-03-26 16:00:00+00:00,2025-03-26,0,1467.25,128421000.0,86752.52,1478.5,0.0,0.008903968011245711,0.0012271539157930889,0.007667405009371242,0.00814414086669335,165564824912.7006
2025-03-27,2025-03-27 16:00:00+00:00,2025-03-27,0,1463.9,128295000.0,86974.07,1476.0,0.0,0.007647256294934346,-0.00061326660558636,0.008265591912015813,0.00784705468504443,162299149452.61295
2025-03-28,2025-03-28 16:00:00+00:00,2025-03-28,0,1469.2,125152000.0,84051.16,1488.5,0.0,0.013475286744015769,0.00033449196124157865,0.013136400762319589,0.014219231925284515,193729206106.10764
2025-03-29,2025-03-29 16:00:00+00:00,2025-03-28,1,1469.2,122896000.0,82414.23,1492.0,0.0,0.014973311554103308,-0.0005370044669649188,0.015518649605227308,0.016065300609983346,169399866741.88254
2025-03-30,2025-03-30 16:00:00+00:00,2025-03-28,2,1469.2,123789000.0,82729.57,1494.0,0.0,0.0184515369593512,0.0015455141236138115,0.016879934658317497,0.016511111620031382,97427386875.18661
2025-03-31,2025-03-31 16:00:00+00:00,2025-03-31,0,1474.44,124269000.0,83418.78,1491.0,0.0,0.010350045219962523,-0.000871548843647485,0.011231382762268982,0.01227427025912431,193457952916.6258
2025-04-01,2025-04-01 16:00:00+00:00,2025-04-01,0,1471.0,126357000.0,85280.87,1483.0,0.0,0.007244747405352969,-0.0009055809620538424,0.008157715839564927,0.010889315319150494,172706897031.19434
2025-04-02,2025-04-02 16:00:00+00:00,2025-04-02,0,1462.06,128288000.0,86757.67,1480.0,0.0,0.011376734765369267,-0.0008827913303678381,0.01227035826163081,0.01785614870066765,203053490387.6236
2025-04-03,2025-04-03 16:00:00+00:00,2025-04-03,0,1450.55,121984000.0,82039.31,1485.5,0.0,0.02505735907413431,0.0009403919252679582,0.024094309055185947,0.021036888348597405,374147857870.396
2025-04-04,2025-04-04 16:00:00+00:00,2025-04-04,0,1457.76,122518000.0,82860.0,1479.0,0.0,0.014305873760721788,-0.0002606284425761274,0.014570299637800543,0.009139678269945994,282426455251.8915
2025-04-05,2025-04-05 16:00:00+00:00,2025-04-04,1,1457.76,122298000.0,82618.26,1480.0,0.0,0.015447047967631633,0.00018789773330718518,0.01525628361321485,0.012495323009177328,118263018788.29842
2025-04-06,2025-04-06 16:00:00+00:00,2025-04-04,2,1457.76,122113000.0,82548.36,1478.5,0.0,0.01476953860465069,0.0005346246846908986,0.01422730765009339,0.027856417681580092,80773846580.38249
2025-04-07,2025-04-07 16:00:00+00:00,2025-04-07,0,1470.22,117003000.0,78479.9,1490.0,0.0,0.014042669837985189,0.0005810832544983491,0.013453768823713519,0.014379748953104787,983476117825.5345
2025-04-08,2025-04-08 16:00:00+00:00,2025-04-08,0,1477.97,117606000.0,78497.99,1496.5,0.0,0.013690377173589674,0.0011386346483464038,0.012537466930993224,0.014953185385510048,268060889050.8093
2025-04-09,2025-04-09 16:00:00+00:00,2025-04-09,0,1472.75,115684000.0,77258.0,1497.0,0.0,0.01671868300425894,0.00024879117870568734,0.016465795280937057,-0.0027333030055379792,427651710890.0864
2025-04-10,2025-04-10 16:00:00+00:00,2025-04-10,0,1450.37,117057000.0,78757.0,1485.0,0.0,0.024777111461943946,0.0008794472397708475,0.0238766659542049,0.02144430493365368,461184934900.36426
2025-04-11,2025-04-11 16:00:00+00:00,2025-04-11,0,1418.79,120472000.0,82521.74,1461.0,0.0,0.028962683448074955,-0.0007652528067800812,0.029750703063878392,0.026098904170397175,250653948618.74637
2025-04-12,2025-04-12 16:00:00+00:00,2025-04-11,1,1418.79,123011000.0,85008.4,1446.5,0.0,0.01991502137522594,0.00037693271825567365,0.01953072688699531,0.02116692929057873,174179336494.37628
2025-04-13,2025-04-13 16:00:00+00:00,2025-04-11,2,1418.79,121723000.0,83849.66,1452.5,0.0,0.023182780803037595,-0.000563512856769921,0.023759682546395267,0.02304947111362443,192967542210.19724
2025-04-14,2025-04-14 16:00:00+00:00,2025-04-14,0,1422.56,122298000.0,84101.16,1452.5,0.0,0.02222565406611432,0.0011547858508031972,0.021046563941063967,0.019590066476055545,219448584458.23972
2025-04-15,2025-04-15 16:00:00+00:00,2025-04-15,0,1427.16,123433000.0,84918.14,1453.5,0.0,0.01849322992802027,3.632474996462243e-05,0.018456234759942847,0.02332717540148055,188243476158.4963
2025-04-16,2025-04-16 16:00:00+00:00,2025-04-16,0,1415.24,122811000.0,84846.58,1450.0,0.0,0.022757873114908067,-0.0017601018295569926,0.024561205166614863,0.024611229066505924,172737860802.11942
2025-04-17,2025-04-17 16:00:00+00:00,2025-04-17,0,1416.1,122323000.0,84531.71,1447.5,0.0,0.021867405006700036,-0.00029952868394622634,0.0221735753124781,0.01999476238076281,119344010380.33328
2025-04-18,2025-04-18 16:00:00+00:00,2025-04-18,0,1423.49,122299000.0,84374.59,1449.0,0.0,0.018255606300412452,0.00032896688238381877,0.0179207440867164,0.01695752668791828,70380642224.54285
2025-04-19,2025-04-19 16:00:00+00:00,2025-04-18,1,1423.49,123018000.0,85191.19,1444.0,0.0,0.014424096265200914,1.562104747288018e-05,0.01440825014576852,0.013324883968378165,68968133720.67477
2025-04-20,2025-04-20 16:00:00+00:00,2025-04-18,2,1423.49,122047000.0,84344.66,1447.0,0.0,0.016518053450863768,2.269458721615436e-06,0.01651574651033716,0.012323146521610706,95896312818.40721
2025-04-21,2025-04-21 16:00:00+00:00,2025-04-21,0,1420.52,126262000.0,88044.8,1434.0,0.0,0.009535511569680466,4.559616106170061e-05,0.009489482724636122,0.015431686442855641,244521525702.8035
2025-04-22,2025-04-22 16:00:00+00:00,2025-04-22,0,1425.0,130481000.0,90934.61,1435.0,0.0,0.006939096512182941,-7.790067605517592e-05,0.007017543859649145,0.005247513305528084,330839110934.1338
2025-04-23,2025-04-23 16:00:00+00:00,2025-04-23,0,1425.88,133436000.0,93195.28,1433.0,0.0,0.004144282416915335,-0.0008449062019321163,0.004993407579880316,0.005844372893621053,459063788281.62915
2025-04-24,2025-04-24 16:00:00+00:00,2025-04-24,0,1432.97,133840000.0,93202.51,1436.5,0.0,0.0021234418095834595,-0.0003391378977524173,0.002463415144769332,-0.00015737660932080288,221167340716.47043
2025-04-25,2025-04-25 16:00:00+00:00,2025-04-25,0,1440.72,137255000.0,95061.22,1443.5,0.0,0.0021787859780846297,0.00024871529916614676,0.0019295907601755147,0.0004999048820655272,269793170579.8062
2025-04-26,2025-04-26 16:00:00+00:00,2025-04-25,1,1440.72,136101000.0,94373.24,1440.5,0.0,0.0009972070314008263,0.001150084077945035,-0.00015270142706425016,0.0012216301941414542,150764380812.48367
2025-04-27,2025-04-27 16:00:00+00:00,2025-04-25,2,1440.72,135622000.0,93901.08,1442.5,0.0,0.002489822331558589,0.001252781164314154,0.0012354933644289634,0.0006182769913918307,105676999542.37875
2025-04-28,2025-04-28 16:00:00+00:00,2025-04-28,0,1436.31,135599000.0,93833.51,1444.0,0.0,0.006121293412307605,0.000763209792957964,0.0053539973961054255,0.002568356352282253,221022871805.2464
2025-04-29,2025-04-29 16:00:00+00:00,2025-04-29,0,1432.01,136785000.0,94843.1,1442.0,0.0,0.007132668169264944,0.00015537596745418547,0.006976208266701978,0.009877935264332116,151575067437.444
2025-04-30,2025-04-30 16:00:00+00:00,2025-04-30,0,1425.68,135748000.0,94004.63,1444.0,0.0,0.012889661150545573,3.914966004847642e-05,0.012850008417035985,0.013338854103714048,195441035496.83142
2025-05-01,2025-05-01 16:00:00+00:00,2025-05-01,0,1437.58,139545000.0,96854.3,1440.5,0.0,0.002220660173592348,0.00018908479857904226,0.0020311913076143107,0.0031218300654078934,211813156219.25446
2025-05-02,2025-05-02 16:00:00+00:00,2025-05-02,0,1398.89,138781000.0,97330.19,1424.5,0.0,0.019292610451813186,0.0009675253316512311,0.01830737227373125,0.022883840206178174,219394769849.49634
2025-05-03,2025-05-03 16:00:00+00:00,2025-05-02,1,1398.89,137889000.0,96418.68,1431.0,0.0,0.02231533370528105,-0.0006242507568269273,0.022953913459957453,0.025858346789402686,94745056887.51585
2025-05-04,2025-05-04 16:00:00+00:00,2025-05-02,2,1398.89,137012000.0,95467.6,1434.5,0.0,0.025933085001898393,0.00046534212499538263,0.025455897175617803,0.02857040726177318,70559915518.95961
2025-05-05,2025-05-05 16:00:00+00:00,2025-05-05,0,1375.11,133610000.0,93770.31,1425.0,0.0,0.0361823058921944,-9.49819961997278e-05,0.036280733904924034,0.035470918728852,195071480788.41592
2025-05-06,2025-05-06 16:00:00+00:00,2025-05-06,0,1377.15,134518000.0,94558.95,1424.5,0.0,0.03299094386863555,-0.0013453995446182088,0.03438260174999086,0.030332797776460696,121939502816.33453
2025-05-07,2025-05-07 16:00:00+00:00,2025-05-07,0,1391.86,137580000.0,96923.91,1418.0,0.0,0.01983244711769161,0.0010324328950848116,0.018780624488095032,0.01930450079737822,196632239659.4735
2025-05-08,2025-05-08 16:00:00+00:00,2025-05-08,0,1403.61,141801000.0,100758.08,1408.0,0.0,0.0026583079499618023,-0.00046787810962667375,0.003127649418285694,-0.0010971123039892339,335745266557.0572
2025-05-09,2025-05-09 16:00:00+00:00,2025-05-09,0,1398.51,144278000.0,102895.99,1402.0,0.0,0.002619362194779873,0.0001235408152793216,0.0024955130817798654,-0.0019954378680357987,426523033087.1263
2025-05-10,2025-05-10 16:00:00+00:00,2025-05-09,1,1398.51,144022000.0,103138.77,1396.5,0.0,-0.0015155319017793323,-7.840065875941438e-05,-0.001437243923890441,-0.011005641168157276,132827062244.94789
2025-05-11,2025-05-11 16:00:00+00:00,2025-05-09,2,1398.51,145800000.0,104150.0,1399.5,0.0,0.000996764154379992,0.0002886635495120693,0.0007078962610207462,-0.0006872064823507662,244839210547.83118
2025-05-12,2025-05-12 16:00:00+00:00,2025-05-12,0,1417.77,144001000.0,102527.26,1405.5,0.0,-0.009349702282859695,-0.0007013357563643297,-0.008654436192048087,-0.005897368520872193,332074386408.2607
2025-05-13,2025-05-13 16:00:00+00:00,2025-05-13,0,1418.65,146118000.0,103682.55,1411.0,0.0,-0.0066031308231015995,-0.001217244182985855,-0.005392450569203233,-0.012233612502439262,264094676009.04556
2025-05-14,2025-05-14 16:00:00+00:00,2025-05-14,0,1398.83,145594000.0,103514.24,1406.0,0.0,0.005491589206120029,0.00036401118719542325,0.005125712202340482,0.0064103677766080835,193367582323.99997
2025-05-15,2025-05-15 16:00:00+00:00,2025-05-15,0,1397.65,146023000.0,103251.35,1418.0,0.0,0.011875542839328013,-0.0026460843093182307,0.014560154545129267,0.006899833190938898,208471448769.93262
2025-05-16,2025-05-16 16:00:00+00:00,2025-05-16,0,1401.19,146784000.0,104183.33,1410.5,0.0,0.005503194371559328,-0.0011336257203224953,0.006644352300544387,0.010294484225837452,225073359452.3633
2025-05-17,2025-05-17 16:00:00+00:00,2025-05-16,1,1401.19,146227000.0,102939.53,1419.5,0.0,0.013790832965459687,0.0007140382126611389,0.013067464084099978,0.01422123771429784,139775773208.7985
2025-05-18,2025-05-18 16:00:00+00:00,2025-05-16,2,1401.19,149156000.0,105518.0,1413.0,0.0,0.008828047440026188,0.00039615838109718915,0.008428550018198866,0.008684181179137607,181103980504.39905
2025-05-19,2025-05-19 16:00:00+00:00,2025-05-19,0,1388.48,148302000.0,104786.41,1415.0,0.0,0.019300923999660657,0.0001971356572783023,0.019100023046785042,0.014407642579345126,425413160699.50244
2025-05-20,2025-05-20 16:00:00+00:00,2025-05-20,0,1393.36,149049000.0,105333.68,1415.0,0.0,0.015543359131259038,1.2363872177401092e-05,0.01553080323821554,0.010367361153253096,236931654338.84256
2025-05-21,2025-05-21 16:00:00+00:00,2025-05-21,0,1371.64,151666000.0,108973.35,1392.0,0.0,0.014676937390108558,-0.0001641706883845906,0.014843544953486276,0.01305864992684369,379059225898.14166
2025-05-22,2025-05-22 16:00:00+00:00,2025-05-22,0,1381.55,154442000.0,111290.86,1388.5,0.0,0.004475414427520086,-0.0005523883310478706,0.005030581593138184,0.0035453778195579932,561155985467.1807
2025-05-23,2025-05-23 16:00:00+00:00,2025-05-23,0,1365.03,151519000.0,108940.0,1390.0,0.0,0.018913996986445136,0.0006101966233145184,0.018292638257034755,0.02310900797771276,457141518699.09454
2025-05-24,2025-05-24 16:00:00+00:00,2025-05-23,1,1365.03,151895000.0,108929.7,1394.0,0.0,0.021539053658231166,0.0003095081887340978,0.021222976784393,0.024213477962232943,223693300417.18774
2025-05-25,2025-05-25 16:00:00+00:00,2025-05-23,2,1365.03,150232000.0,106967.97,1403.0,0.0,0.028884201602832782,0.001039060380552348,0.027816238470949273,0.022440493302622988,120250956262.10905
2025-05-26,2025-05-26 16:00:00+00:00,2025-05-23,3,1365.03,152658000.0,110009.82,1388.0,0.0,0.01659019828746766,-0.0002333441150272897,0.01682746899335541,0.018832475877432753,170629547632.26862
2025-05-27,2025-05-27 16:00:00+00:00,2025-05-27,0,1375.85,152620000.0,110140.11,1386.5,0.0,0.00715161890973981,-0.000584525873086772,0.007740669404368239,0.009610314914651807,234126294025.73367
2025-05-28,2025-05-28 16:00:00+00:00,2025-05-28,0,1374.6,149599000.0,107107.31,1397.5,0.0,0.016092483649793543,-0.0005576185867577355,0.016659391823075964,0.014330524913265696,178144937144.362
2025-05-29,2025-05-29 16:00:00+00:00,2025-05-29,0,1371.75,149134000.0,107019.89,1393.0,0.0,0.01586780617275907,0.00037089958182479066,0.015491160925824587,0.01744830597055569,200140203623.48172
2025-05-30,2025-05-30 16:00:00+00:00,2025-05-30,0,1381.13,148019000.0,105543.0,1402.0,0.0,0.015438142059243765,0.00032245445241319004,0.01511081505723566,0.023858755506668716,351849393623.70447
2025-05-31,2025-05-31 16:00:00+00:00,2025-05-30,1,1381.13,148470000.0,104556.08,1420.0,0.0,0.028146158826098278,2.4678447108072987e-06,0.0281436215273001,0.02406989844163898,202914669939.16846
2025-06-01,2025-06-01 16:00:00+00:00,2025-05-30,2,1381.13,148127000.0,104715.1,1414.5,0.0,0.024213171416339385,5.057436426225692e-05,0.024161375105891558,0.021886464720038745,96886511366.32959
2025-06-02,2025-06-02 16:00:00+00:00,2025-06-02,0,1376.42,146915000.0,104438.79,1406.0,0.0,0.022005736302585843,0.0005043638418245067,0.02149053341276641,0.016258498449293057,179703218993.7287
2025-06-03,2025-06-03 16:00:00+00:00,2025-06-03,0,1378.45,148716000.0,106610.66,1395.0,0.0,0.011966290597429818,-3.947435553619538e-05,0.012006238891508536,0.014217760193466322,153713159959.91183
2025-06-04,2025-06-04 16:00:00+00:00,2025-06-04,0,1364.16,146143000.0,105298.27,1387.5,0.0,0.017399386158508445,0.00028507864648008585,0.01710942997888809,0.016711082772704167,158924318401.086
2025-06-05,2025-06-05 16:00:00+00:00,2025-06-05,0,1355.97,144901000.0,104531.49,1385.0,0.0,0.022290113107963805,0.000862617090978901,0.021409028223338344,0.0286631580824257,234959811517.84387
2025-06-06,2025-06-06 16:00:00+00:00,2025-06-06,0,1360.28,145743000.0,105092.28,1388.0,0.0,0.019503163879425855,-0.0008575189035263664,0.020378157438174505,0.023505470663843342,319077469044.46405
2025-06-07,2025-06-07 16:00:00+00:00,2025-06-06,1,1360.28,146414000.0,105558.11,1386.5,0.0,0.019677149907599834,0.00039410997209499143,0.019275443291087102,0.020431199467802363,93518407677.42822
2025-06-08,2025-06-08 16:00:00+00:00,2025-06-06,2,1360.28,146300000.0,105984.52,1381.5,0.0,0.014783918248195915,-0.0008032802644547532,0.015599729467462575,0.013704957290248121,78344996914.34709
2025-06-09,2025-06-09 16:00:00+00:00,2025-06-09,0,1354.99,148003000.0,107635.91,1375.0,0.0,0.014792483146128799,2.448490048956309e-05,0.014767636661525252,0.006189275717623843,170335402137.40176
2025-06-10,2025-06-10 16:00:00+00:00,2025-06-10,0,1367.55,149773000.0,109015.42,1374.0,0.0,0.004621302119221404,-9.471491037749136e-05,0.004716463749040223,-0.0013377610279617924,254484863314.4011
2025-06-11,2025-06-11 16:00:00+00:00,2025-06-11,0,1368.29,150763000.0,109735.7,1373.5,0.0,0.004080839041577189,0.00027213050760810376,0.003807672350159663,0.0070226192722870895,145582265931.97495
2025-06-12,2025-06-12 16:00:00+00:00,2025-06-12,0,1356.47,147300000.0,107020.95,1376.5,0.0,0.014667504086416372,-9.73270845612273e-05,0.014766268328824106,0.017165196609459477,218747326109.32504
2025-06-13,2025-06-13 16:00:00+00:00,2025-06-13,0,1364.93,146404000.0,105436.87,1388.5,0.0,0.017302374671404497,3.3511170500544196e-05,0.017268284820466828,0.017216754557605185,357959334794.1919
2025-06-14,2025-06-14 16:00:00+00:00,2025-06-13,1,1364.93,145550000.0,104841.3,1389.5,0.0,0.01711353366925583,-0.0008716980847949252,0.018000923124262824,0.017496054760598456,92113445393.70512
2025-06-15,2025-06-15 16:00:00+00:00,2025-06-13,2,1364.93,146268000.0,105564.0,1385.0,0.0,0.01513337330533071,0.00042310124595323906,0.01470405075718162,0.012964603193640123,83182263673.47447
2025-06-16,2025-06-16 16:00:00+00:00,2025-06-16,0,1357.55,147483000.0,107424.96,1373.5,0.0,0.011302145076725889,-0.00044177135135836654,0.011749106846893342,0.011685049566211081,165864808821.19418
2025-06-17,2025-06-17 16:00:00+00:00,2025-06-17,0,1370.29,144482000.0,104241.63,1385.0,0.0,0.011486434597797635,0.0007434992527191042,0.010734953914864676,0.015290341652683503,218567896985.7633
2025-06-18,2025-06-18 16:00:00+00:00,2025-06-18,0,1372.11,145411000.0,104801.01,1387.0,0.0,0.011213510668086402,0.0003577289998470956,0.010851899629038542,0.010171198914315172,146834424049.82425
2025-06-19,2025-06-19 16:00:00+00:00,2025-06-18,1,1372.11,144823000.0,104096.93,1389.5,0.0,0.013936339650153284,0.0012466290013468662,0.01267391098381343,0.009574320435754347,109934677715.44734
2025-06-20,2025-06-20 16:00:00+00:00,2025-06-20,0,1372.45,144816000.0,104217.99,1388.5,0.0,0.012458715193562675,0.0007554653708354842,0.011694415097089017,0.01540984118829214,150698523711.18668
2025-06-21,2025-06-21 16:00:00+00:00,2025-06-20,1,1372.45,144141000.0,103560.9,1392.0,0.0,0.014133626298956647,-0.00010941421407839602,0.01424459907464759,0.018746385282349287,114032154545.74397
2025-06-22,2025-06-22 16:00:00+00:00,2025-06-20,2,1372.45,138069000.0,98906.21,1395.0,0.0,0.01712911829011121,0.0006873536897944454,0.016430471055411733,0.016888018342732236,433516313298.29236
2025-06-23,2025-06-23 16:00:00+00:00,2025-06-23,0,1382.61,141853000.0,101420.7,1397.0,0.0,0.01160793576118535,0.0011877223069234333,0.010407851816492064,0.0037508308338738416,302675184377.7442
2025-06-24,2025-06-24 16:00:00+00:00,2025-06-24,0,1359.0,144925000.0,105244.73,1377.5,0.0,0.013266055560353651,-0.0003422362929068612,0.013612950699043447,0.010114693746022585,335844198710.94495
2025-06-25,2025-06-25 16:00:00+00:00,2025-06-25,0,1362.17,147200000.0,107028.0,1376.0,0.0,0.00966915454990347,-0.0004789009787484755,0.010152917770909653,0.00785742473692963,196342375053.40335
2025-06-26,2025-06-26 16:00:00+00:00,2025-06-26,0,1355.64,147400000.0,107313.6,1373.5,0.0,0.013207380199169672,3.2364683802521554e-05,0.013174589123956082,0.012900162030108575,140247197841.01385
2025-06-27,2025-06-27 16:00:00+00:00,2025-06-27,0,1360.72,147393000.0,107308.25,1374.0,0.0,0.009427141660388827,-0.0003291847160666883,0.009759539067552447,0.009585240379898607,122573129605.24333
2025-06-28,2025-06-28 16:00:00+00:00,2025-06-27,1,1360.72,147339000.0,107449.28,1372.0,0.0,0.007732906180143662,-0.0005522448269350555,0.008289728967017407,0.008034964215330787,54397824977.57594
2025-06-29,2025-06-29 16:00:00+00:00,2025-06-27,2,1360.72,147786000.0,107750.72,1371.0,0.0,0.007962431794734659,0.00040455156216734345,0.0075548239167499975,0.0037475943568145986,74505142995.45227
2025-06-30,2025-06-30 16:00:00+00:00,2025-06-30,0,1353.5,146823000.0,107580.46,1364.5,0.0,0.00832941500479345,0.00020070590618370687,0.00812707794606582,0.005076528050675266,137736402779.09155
2025-07-01,2025-07-01 16:00:00+00:00,2025-07-01,0,1358.06,145400000.0,105955.18,1370.5,0.0,0.010469606587968805,0.0012975949820188681,0.0091601254731013,0.01043518076481198,134254927538.18614
2025-07-02,2025-07-02 16:00:00+00:00,2025-07-02,0,1356.9,147999000.0,108737.74,1363.0,0.0,0.0030686013809821944,-0.0014205537682649982,0.004495541307391715,-0.0022073568423972567,155026263314.61877
2025-07-03,2025-07-03 16:00:00+00:00,2025-07-03,0,1364.65,148577000.0,109127.84,1363.0,0.0,-0.0023120053353610226,-0.0011042392376376942,-0.0012091012347489327,-0.0054021915085027405,224911611477.39774
2025-07-04,2025-07-04 16:00:00+00:00,2025-07-03,1,1364.65,147194000.0,107573.29,1367.5,0.0,0.0026846736803896043,0.0005949835012386551,0.0020884475872933184,0.0029608091192712127,122841456600.25616
2025-07-05,2025-07-05 16:00:00+00:00,2025-07-03,2,1364.65,147886000.0,108058.0,1368.5,0.0,0.0028797396800170905,5.833887784856273e-05,0.0028212362144139913,0.0036872745420879482,57592006839.66006
2025-07-06,2025-07-06 16:00:00+00:00,2025-07-03,3,1364.65,148315000.0,108905.99,1362.0,0.0,-0.002042539337110849,-0.00010084530571818906,-0.0019418898618693836,-0.003523034287115756,68588271740.56317
2025-07-07,2025-07-07 16:00:00+00:00,2025-07-07,0,1369.6,147669000.0,108292.59,1361.5,0.0,-0.0043725866960773185,0.0015507199860833598,-0.005914135514018648,-0.0011931905577013957,125783456179.01668
2025-07-08,2025-07-08 16:00:00+00:00,2025-07-08,0,1372.74,147913000.0,108268.35,1366.5,0.0,-0.004785858059462522,-0.00024130171426750557,-0.004545653219109269,-0.008165513827339654,105551416930.51917
2025-07-09,2025-07-09 16:00:00+00:00,2025-07-09,0,1375.04,148594000.0,109071.32,1362.5,0.0,-0.009224240424751229,-0.00010546756231177845,-0.009119734698626925,-0.014711789258982866,124790595277.62778
2025-07-10,2025-07-10 16:00:00+00:00,2025-07-10,0,1373.37,151465000.0,111408.4,1361.0,0.0,-0.010064734929432606,-0.0010673071344857732,-0.00900704107414596,-0.017609664511073597,275276094535.02045
2025-07-11,2025-07-11 16:00:00+00:00,2025-07-11,0,1375.37,157606000.0,116902.59,1349.5,0.0,-0.019767570015659874,-0.0009764525916546862,-0.0188094839933981,-0.02138661103985029,691252817592.2084
2025-07-12,2025-07-12 16:00:00+00:00,2025-07-11,1,1375.37,159453000.0,117100.01,1361.5,0.0,-0.009952080882004055,0.00013382777621595565,-0.010084559064106324,-0.011238334160678987,226796552654.24594
2025-07-13,2025-07-13 16:00:00+00:00,2025-07-11,2,1375.37,160895000.0,118672.24,1356.0,0.0,-0.014233940685147606,-0.00015260693225027655,-0.014083482990031704,-0.012505126475110484,163144731615.48105
2025-07-14,2025-07-14 16:00:00+00:00,2025-07-14,0,1382.51,163415000.0,119878.23,1362.0,0.0,-0.013985469583871368,0.0008626640569764366,-0.014835335729940446,-0.010614512691167755,556375218150.777
2025-07-15,2025-07-15 16:00:00+00:00,2025-07-15,0,1385.39,159887000.0,116391.43,1372.5,0.0,-0.008437482825379927,0.0008748966619651632,-0.009304239239492196,-0.014281400840443825,518020542351.9483
2025-07-16,2025-07-16 16:00:00+00:00,2025-07-16,0,1390.84,162931000.0,119095.76,1367.5,0.0,-0.01637343222563814,0.0004147535819329917,-0.01678122573408869,-0.02270326831282643,277064086545.7822
2025-07-17,2025-07-17 16:00:00+00:00,2025-07-17,0,1391.04,161768000.0,118881.99,1361.0,0.0,-0.021779113550574603,-0.00018781639485043744,-0.021595353117092264,-0.021406303185655284,325625009000.2729
2025-07-18,2025-07-18 16:00:00+00:00,2025-07-18,0,1390.29,161042000.0,117860.25,1367.0,0.0,-0.01719716970808194,-0.0004528552110090178,-0.01675190068259136,-0.017381705212570764,533570752077.841
2025-07-19,2025-07-19 16:00:00+00:00,2025-07-18,1,1390.29,161954000.0,118058.11,1371.0,0.0,-0.013287900949326525,0.0005951598753908272,-0.013874803098634092,-0.014672206417473577,155260238117.2473
2025-07-20,2025-07-20 16:00:00+00:00,2025-07-18,2,1390.29,161567000.0,118671.11,1362.5,0.0,-0.020730434418221644,-0.0007569289301353477,-0.019988635464543325,-0.018159098674837115,162410104685.01602
2025-07-21,2025-07-21 16:00:00+00:00,2025-07-21,0,1381.22,160770000.0,118313.16,1358.0,0.0,-0.01619483227801688,0.0006269320772884779,-0.016811224859182516,-0.012533921193682795,329574940706.8573
2025-07-22,2025-07-22 16:00:00+00:00,2025-07-22,0,1381.58,161606000.0,118912.04,1359.5,0.0,-0.016315986309418107,-0.00033971339857730154,-0.015981702109179263,-0.02054967046186973,439767738918.5297
2025-07-23,2025-07-23 16:00:00+00:00,2025-07-23,0,1375.38,161497000.0,118567.39,1363.0,0.0,-0.009677846141221691,-0.0006828437459378556,-0.009001148773429946,-0.008232263187645361,319724675381.8577
2025-07-24,2025-07-24 16:00:00+00:00,2025-07-24,0,1371.0,161674000.0,119092.65,1359.0,0.0,-0.009811747733029064,-0.0010683636070513147,-0.008752735229759279,-0.008120393551785954,405434119445.9706
2025-07-25,2025-07-25 16:00:00+00:00,2025-07-25,0,1382.92,159153000.0,115727.08,1374.0,0.0,-0.005550401738952049,0.0009055592628590681,-0.0064501200358662025,-0.01496565571474151,412225696871.57367
2025-07-26,2025-07-26 16:00:00+00:00,2025-07-25,1,1382.92,160989000.0,118130.1,1363.5,0.0,-0.014540969509726831,-0.0005053154047607311,-0.014042750122928327,-0.013330842049038227,158834367305.425
2025-07-27,2025-07-27 16:00:00+00:00,2025-07-25,2,1382.92,161880000.0,118585.74,1366.5,0.0,-0.012894276211639855,-0.001033115593560896,-0.011873427240910561,-0.014685241597419685,114130140023.38391
2025-07-28,2025-07-28 16:00:00+00:00,2025-07-28,0,1388.21,161987000.0,118174.9,1370.5,0.0,-0.012584931855355364,0.0001747331259227547,-0.012757435834635955,-0.008617045793193556,250706852526.00027
2025-07-29,2025-07-29 16:00:00+00:00,2025-07-29,0,1390.63,162344000.0,117400.01,1382.0,0.0,-0.005610535596463073,0.0005990020864621304,-0.0062058203835672066,-0.005291027587604913,263892199754.7328
2025-07-30,2025-07-30 16:00:00+00:00,2025-07-30,0,1391.58,163075000.0,118000.01,1382.0,0.0,-0.006890435112740123,-6.216855417573441e-06,-0.006884261055778218,-0.0052822445657007,172782787801.6562
2025-07-31,2025-07-31 16:00:00+00:00,2025-07-31,0,1396.19,163996000.0,118306.18,1386.0,0.0,-0.007155348355762481,0.00014413721440709182,-0.007298433594281617,-0.0014270418887963876,200227781245.46423
2025-08-01,2025-08-01 16:00:00+00:00,2025-08-01,0,1388.34,160055000.0,115357.82,1386.0,0.0,-0.000629860242618463,0.0010573880452835471,-0.001685466096201127,0.005123789652376809,438263998258.72174
2025-08-02,2025-08-02 16:00:00+00:00,2025-08-01,1,1388.34,158425000.0,112840.71,1405.0,0.0,0.011258230344509457,-0.0007329170701095844,0.011999942377227457,0.007189643207029084,250762660675.78363
2025-08-03,2025-08-03 16:00:00+00:00,2025-08-01,2,1388.34,159348000.0,113959.06,1399.0,0.0,0.007168007908840535,-0.0005063387418445808,0.007678234438249998,0.010509257223823676,225280241057.4508
2025-08-04,2025-08-04 16:00:00+00:00,2025-08-04,0,1385.71,160410000.0,114826.0,1397.0,0.0,0.00813536860572639,-1.1981653084358612e-05,0.008147447878704694,0.005639327560369445,160381073988.74985
2025-08-05,2025-08-05 16:00:00+00:00,2025-08-05,0,1386.64,158446000.0,112934.0,1402.0,0.0,0.011795736744084184,0.0007107278165598974,0.011077136098771145,0.011008200705639792,187369881365.31293
2025-08-06,2025-08-06 16:00:00+00:00,2025-08-06,0,1384.64,160848000.0,115413.87,1394.0,0.0,0.00651624304622378,-0.0002420008812601404,0.006759879824358661,0.004880599983707601,148101621241.97647
2025-08-07,2025-08-07 16:00:00+00:00,2025-08-07,0,1386.05,161450000.0,116689.81,1384.0,0.0,-0.0017801092424898357,-0.0003015320921625486,-0.0014790231232638673,-0.005951769340564739,193623808842.24533
2025-08-08,2025-08-08 16:00:00+00:00,2025-08-08,0,1389.7,160474000.0,116207.69,1379.0,0.0,-0.006314958368700996,0.0013952881472198975,-0.007699503489961845,-0.012605463157700503,242755432553.53986
2025-08-09,2025-08-09 16:00:00+00:00,2025-08-08,1,1389.7,160569000.0,116892.47,1375.0,0.0,-0.011551356958735659,-0.0009839423749490317,-0.010577822551629867,-0.010303451766606964,207910951573.8658
2025-08-10,2025-08-10 16:00:00+00:00,2025-08-08,2,1389.7,162800000.0,118815.0,1372.0,0.0,-0.014033701048798308,-0.0013138734311334277,-0.012736561847880856,-0.011604851061141952,382975280036.88434
2025-08-11,2025-08-11 16:00:00+00:00,2025-08-11,0,1392.74,165357000.0,120314.4,1374.0,0.0,-0.013186854866059083,0.00027229967528752397,-0.013455490615621013,-0.006586496922911578,519847247425.6089
2025-08-12,2025-08-12 16:00:00+00:00,2025-08-12,0,1385.4,164657000.0,119933.0,1373.0,0.0,-0.0090167409540296,-6.685573030762448e-05,-0.008950483614840521,-0.012832459613068559,331749925969.74445
2025-08-13,2025-08-13 16:00:00+00:00,2025-08-13,0,1378.9,165375000.0,120920.62,1367.0,0.0,-0.008171187551856862,0.00046287453163484926,-0.008630067445065004,-0.011623057397693981,384024000723.56976
2025-08-14,2025-08-14 16:00:00+00:00,2025-08-14,0,1390.59,163935000.0,118257.25,1385.0,0.0,-0.003115582463025457,0.0009079438142538532,-0.004019876455317428,0.0013558105693298739,770966201470.6727
2025-08-15,2025-08-15 16:00:00+00:00,2025-08-15,0,1387.87,163515000.0,117275.22,1394.0,0.0,0.004621698603136659,0.00020395756121582842,0.004416840193966376,0.007776765178165501,262325228756.0301
2025-08-16,2025-08-16 16:00:00+00:00,2025-08-15,1,1387.87,163216000.0,117676.7,1387.0,0.0,-0.0006365518823482352,-9.698097299781772e-06,-0.0006268598643964785,0.0009140275706698286,165925119335.59586
2025-08-17,2025-08-17 16:00:00+00:00,2025-08-15,2,1387.87,163480000.0,118246.16,1382.0,0.0,-0.003840697912179891,0.0003904562869918582,-0.004229502763226978,0.0010317036234741561,108602615506.05122
2025-08-18,2025-08-18 16:00:00+00:00,2025-08-18,0,1387.34,161682000.0,116145.34,1392.0,0.0,0.0034066500686364964,4.754447286070551e-05,0.003358945896463794,0.0016531494299127925,314075302823.73737
2025-08-19,2025-08-19 16:00:00+00:00,2025-08-19,0,1392.04,158959000.0,113786.38,1397.0,0.0,0.00355949935224098,-3.603809381913514e-06,0.0035631160024136577,0.00030773599773725735,251448899705.62726
2025-08-20,2025-08-20 16:00:00+00:00,2025-08-20,0,1397.7,158324000.0,113353.94,1395.0,0.0,-0.0006993535299356646,0.0012347767535547671,-0.0019317450096587585,-0.003555742096201797,344466404304.62683
2025-08-21,2025-08-21 16:00:00+00:00,2025-08-21,0,1401.88,158101000.0,112792.08,1400.0,0.0,-0.00012623949576229254,0.0012164481254863801,-0.0013410562958313665,0.00016168763850443746,184904525531.94833
2025-08-22,2025-08-22 16:00:00+00:00,2025-08-22,0,1381.71,161600000.0,116370.75,1389.0,0.0,0.005033695201155597,-0.00024110367430618673,0.005276070955555046,-0.0024486152109464143,445965956756.49695
2025-08-23,2025-08-23 16:00:00+00:00,2025-08-22,1,1381.71,159196000.0,114812.87,1386.0,0.0,0.003516869058136196,0.00041074541581331836,0.0031048483401003857,0.001273288432490638,305242886690.05994
2025-08-24,2025-08-24 16:00:00+00:00,2025-08-22,2,1381.71,159048000.0,114400.0,1389.0,0.0,0.006202256826483232,0.0009213248954069719,0.005276070955555046,0.005023566715726568,138634416377.99036
2025-08-25,2025-08-25 16:00:00+00:00,2025-08-25,0,1389.06,156951000.0,112200.64,1400.0,0.0,0.00704237991420964,-0.0008269369688341799,0.007875829697781223,0.019188047503343242,518393391943.05646
2025-08-26,2025-08-26 16:00:00+00:00,2025-08-26,0,1393.52,154461000.0,109666.33,1407.0,0.0,0.010723412953685507,0.0010400074052734354,0.009673345197772631,0.005886043788315254,387752192480.18616
2025-08-27,2025-08-27 16:00:00+00:00,2025-08-27,0,1394.54,156370000.0,112000.0,1395.0,0.0,0.0011621855850059148,0.0008320532514081158,0.00032985787428119195,0.00241478608135437,257993923353.7225
2025-08-28,2025-08-28 16:00:00+00:00,2025-08-28,0,1384.85,157195000.0,112678.53,1396.0,0.0,0.007383469597621151,-0.0006626089740218166,0.008051413510488548,0.00544446690584155,196600417729.2591
2025-08-29,2025-08-29 16:00:00+00:00,2025-08-29,0,1389.76,151941000.0,108386.23,1401.0,0.0,0.00869777353876433,0.0006051518581249304,0.008087727377388942,0.010911167970973468,402458069947.61993
2025-08-30,2025-08-30 16:00:00+00:00,2025-08-29,1,1389.76,151800000.0,108869.98,1395.0,0.0,0.003283848464870953,-0.00048475896592181655,0.0037704351830532,0.0033420746918759736,314607187162.8928
2025-08-31,2025-08-31 16:00:00+00:00,2025-08-29,2,1389.76,151150000.0,108818.69,1389.0,0.0,-0.0005413053372801402,5.554711635324949e-06,-0.0005468570112825422,0.0017519200206932428,158773534782.03323
2025-09-01,2025-09-01 16:00:00+00:00,2025-08-29,3,1389.76,151619000.0,108784.33,1394.0,0.0,0.00287655586208424,-0.00017380037669290083,0.003050886483997317,0.003986483399270657,302972685176.1869
2025-09-02,2025-09-02 16:00:00+00:00,2025-09-02,0,1394.76,154256000.0,110829.17,1393.0,0.0,-0.0020966034021416835,-0.0008357922190748157,-0.0012618658407180794,-0.0019536594219666803,290228779668.1927
2025-09-03,2025-09-03 16:00:00+00:00,2025-09-03,0,1389.21,155483000.0,112222.74,1386.0,0.0,-0.0026808857055379276,-0.0003710773672370715,-0.0023106657740730174,-0.001886095609324956,192361989038.59473
2025-09-04,2025-09-04 16:00:00+00:00,2025-09-04,0,1394.8,153455000.0,109510.31,1401.0,0.0,0.004648398986313307,0.00020241749186977742,0.004445081732147971,0.0062324287432620196,136676267771.52422
2025-09-05,2025-09-05 16:00:00+00:00,2025-09-05,0,1385.28,155032000.0,110716.82,1400.0,0.0,0.010811518194226544,0.00018355708864170595,0.01062601062601054,0.010665242154870969,280869115245.8889
2025-09-06,2025-09-06 16:00:00+00:00,2025-09-05,1,1385.28,154938000.0,110384.15,1403.0,0.0,0.013243120465942004,0.0004457804127298015,0.012791637791637722,0.011031156835639822,81765760896.84721
2025-09-07,2025-09-07 16:00:00+00:00,2025-09-05,2,1385.28,155389000.0,111329.99,1396.0,0.0,0.0075591181365106674,-0.00017801205433720657,0.007738507738507705,0.006785467120760336,79922886207.62361
2025-09-08,2025-09-08 16:00:00+00:00,2025-09-08,0,1386.29,156362000.0,112631.75,1389.0,0.0,0.0014200775644581665,-0.0005337369857215668,0.0019548579301589264,0.004461347977838814,130428987893.65584
2025-09-09,2025-09-09 16:00:00+00:00,2025-09-09,0,1388.16,154999000.0,110880.76,1395.0,0.0,0.007008592423094262,0.0020710019054070994,0.004927385892116165,0.003912081394464417,205518027410.21786
2025-09-10,2025-09-10 16:00:00+00:00,2025-09-10,0,1386.97,158094000.0,113853.99,1388.0,0.0,0.0011521063045800695,0.000409176427423219,0.0007426260120984018,0.0031753869039461424,214787207967.18674
2025-09-11,2025-09-11 16:00:00+00:00,2025-09-11,0,1388.97,159153000.0,114180.31,1394.0,0.0,0.0035308918450982496,-9.017012475875941e-05,0.0036213885109108723,-0.00016827677122555063,241580486108.968
2025-09-12,2025-09-12 16:00:00+00:00,2025-09-12,0,1394.06,160342000.0,115121.18,1393.0,0.0,-0.0008962298343506703,-0.0001359642231693048,-0.000760368994160876,-0.004024515016043506,223624984334.374
2025-09-13,2025-09-13 16:00:00+00:00,2025-09-12,1,1394.06,160002000.0,115768.68,1382.0,0.0,-0.008590984863997453,6.0529407015730285e-05,-0.008650990631680067,-0.006566031672528894,188676955823.71564
2025-09-14,2025-09-14 16:00:00+00:00,2025-09-12,2,1394.06,160118000.0,115224.01,1389.0,0.0,-0.0031823817431030355,0.0004489336984949688,-0.0036296859532587433,-0.0021937947314328854,121267629567.46198
2025-09-15,2025-09-15 16:00:00+00:00,2025-09-15,0,1385.09,160090000.0,114842.9,1395.0,0.0,0.00642649200624934,-0.0007231040767485819,0.007154769726155141,0.005853863414120086,213685893160.27136
2025-09-16,2025-09-16 16:00:00+00:00,2025-09-16,0,1381.49,161346000.0,115905.88,1394.0,0.0,0.007639047847164182,-0.0014036813411915094,0.009055440140717685,0.005108500348202538,128649018424.86125
2025-09-17,2025-09-17 16:00:00+00:00,2025-09-17,0,1375.5,161499000.0,115875.32,1393.0,0.0,0.013253928687464445,0.0005246079753102872,0.012722646310432628,0.00808085395961089,212319140427.72073
2025-09-18,2025-09-18 16:00:00+00:00,2025-09-18,0,1388.51,163001000.0,117583.56,1387.0,0.0,-0.0016228055965877841,-0.0005358917079438807,-0.001087496669091359,-0.0004907002704531704,351730735867.43054
2025-09-19,2025-09-19 16:00:00+00:00,2025-09-19,0,1397.43,162221000.0,115884.03,1400.0,0.0,0.0017363237591934144,-0.00010257792085022199,0.0018390903301059858,0.003402744529953594,234859441693.9123
2025-09-20,2025-09-20 16:00:00+00:00,2025-09-19,1,1397.43,162285000.0,115986.69,1398.0,0.0,0.0012445441198052354,0.0008363113657650079,0.00040789162963439374,0.0035470800033989835,130847760733.87306
2025-09-21,2025-09-21 16:00:00+00:00,2025-09-19,2,1397.43,161567000.0,115531.61,1399.0,0.0,0.0007411843351432523,-0.0003818776086782494,0.0011234909798700787,0.002378086214023245,140479907830.1614
2025-09-22,2025-09-22 16:00:00+00:00,2025-09-22,0,1392.4,160559000.0,112815.5,1423.0,0.0,0.022119955662889712,0.0001404260470891927,0.021976443550703717,0.02470278686033711,483541426520.4429
2025-09-23,2025-09-23 16:00:00+00:00,2025-09-23,0,1394.28,160442000.0,112882.19,1422.0,0.0,0.019395337406242552,-0.0004764198039550749,0.019881229021430524,0.022549726540626702,182444058549.79733
2025-09-24,2025-09-24 16:00:00+00:00,2025-09-24,0,1404.7,160558000.0,113346.41,1416.0,0.0,0.008418020453095698,0.0003706167588020115,0.008044422296575648,0.009660935319141917,157940030481.89313
2025-09-25,2025-09-25 16:00:00+00:00,2025-09-25,0,1408.67,159959000.0,111580.77,1434.0,0.0,0.017677237441895643,-0.0002988883770744799,0.017981500280406237,0.030368729530649397,241449780517.79056
2025-09-26,2025-09-26 16:00:00+00:00,2025-09-26,0,1410.05,158500000.0,109027.78,1454.0,0.0,0.030997434241838873,-0.0001664840765442932,0.031169107478458136,0.022801916404171063,297438756951.51636
2025-09-27,2025-09-27 16:00:00+00:00,2025-09-26,1,1410.05,157383000.0,109402.24,1438.0,0.0,0.020227656679383532,0.0003977797640921654,0.01982199212793878,0.021365717891475677,163100634961.71722
2025-09-28,2025-09-28 16:00:00+00:00,2025-09-26,2,1410.05,158125000.0,110037.93,1437.0,0.0,0.019115985052207574,3.1278516807731194e-06,0.019112797418531224,0.015315324058592594,140192139437.30978
2025-09-29,2025-09-29 16:00:00+00:00,2025-09-29,0,1399.76,162303000.0,113815.57,1428.0,0.0,0.018758606840668213,-0.0013882720509146296,0.02017488712350679,0.018540739201599266,255899000426.2911
2025-09-30,2025-09-30 16:00:00+00:00,2025-09-30,0,1404.63,162251000.0,113106.16,1434.0,0.0,0.021266730334933204,0.00034999123455881076,0.020909420986309435,0.016426392940332324,217933036361.0343
2025-10-01,2025-10-01 16:00:00+00:00,2025-10-01,0,1402.45,166610000.0,117423.73,1420.0,0.0,0.01171410735997025,-0.0007898240373307441,0.012513815109272963,0.012628736903096405,337065670523.5488
2025-10-02,2025-10-02 16:00:00+00:00,2025-10-02,0,1406.72,170078000.0,119910.78,1419.0,0.0,0.008282547822562103,-0.0004431108717727339,0.008729526842584212,0.006800033304556141,468102912147.36224
2025-10-03,2025-10-03 16:00:00+00:00,2025-10-03,0,1406.16,172999000.0,122258.05,1416.0,0.0,0.0063090732409896155,-0.0006839220137359048,0.006997781191329544,0.009205676058134271,316970057490.2311
2025-10-04,2025-10-04 16:00:00+00:00,2025-10-03,1,1406.16,174259000.0,121791.31,1431.0,0.0,0.017522862176462706,-0.00013979882735515314,0.01766513056835639,0.016633639402742872,463920459720.26227
2025-10-05,2025-10-05 16:00:00+00:00,2025-10-03,2,1406.16,175293000.0,122803.17,1427.0,0.0,0.015126712851228019,0.0003017368905977591,0.014820504067815765,0.019512757802469416,666103375540.3567
2025-10-06,2025-10-06 16:00:00+00:00,2025-10-06,0,1410.47,177593000.0,125000.0,1421.0,0.0,0.007284096790431516,-0.00018015482054889453,0.0074655965741916575,0.009719029579330352,442050939455.9723
2025-10-07,2025-10-07 16:00:00+00:00,2025-10-07,0,1413.12,175320000.0,121846.01,1439.0,0.0,0.018218788938024755,-9.358233210465805e-05,0.018314085144927716,0.023340883882749575,566570432732.8418
2025-10-08,2025-10-08 16:00:00+00:00,2025-10-08,0,1424.17,177417000.0,122189.72,1452.0,0.0,0.01952699283131354,-1.3941197953282192e-05,0.01954120645709434,0.013679811408247478,458939262493.6648
2025-10-09,2025-10-09 16:00:00+00:00,2025-10-09,0,1423.68,177645000.0,121147.14,1466.0,0.0,0.029976790323119618,0.0002437631972844745,0.029725781074398716,0.025447243092486138,542980945188.4131
2025-10-10,2025-10-10 16:00:00+00:00,2025-10-10,0,1428.39,176264000.0,119018.98,1481.0,0.0,0.03681338774644338,-1.7640159930776278e-05,0.036831677623057946,0.06934826217256762,422290909790.12915
2025-10-11,2025-10-11 16:00:00+00:00,2025-10-10,1,1428.39,170454000.0,111793.2,1523.0,0.0,0.0674437737297191,0.0011332974115518812,0.06623541189731097,0.07812188953981014,1549686888298.7266
2025-10-12,2025-10-12 16:00:00+00:00,2025-10-10,2,1428.39,172526000.0,113198.2,1524.0,0.0,0.0670093650739827,6.923030054228896e-05,0.06693550080860255,0.05862757541463548,456110515465.22217
2025-10-13,2025-10-13 16:00:00+00:00,2025-10-10,3,1428.39,172097000.0,114312.1,1504.0,0.0,0.05398467324608269,0.0009981166342900583,0.05293372258276796,0.04363496423045765,497046130478.536
2025-10-14,2025-10-14 16:00:00+00:00,2025-10-14,0,1429.91,170898000.0,112900.43,1513.0,0.0,0.05860192856378976,0.00046628134345572114,0.058108552286507464,0.0522826927036637,468485826331.2959
2025-10-15,2025-10-15 16:00:00+00:00,2025-10-15,0,1423.12,168499000.0,110798.01,1522.0,0.0,0.06862134679892096,-0.0008039349168986742,0.06948114003035588,0.0692101744019693,295649735093.74756
2025-10-16,2025-10-16 16:00:00+00:00,2025-10-16,0,1416.07,166378000.0,108549.21,1531.0,0.0,0.08239184155976065,0.0011382201682104132,0.08116124202899577,0.07884128173813942,317262218946.52625
2025-10-17,2025-10-17 16:00:00+00:00,2025-10-17,0,1421.89,163709000.0,106803.53,1534.0,0.0,0.07800543101220536,-0.0007789163611835459,0.07884576162713008,0.08130920362617888,789579947338.8131
2025-10-18,2025-10-18 16:00:00+00:00,2025-10-17,1,1421.89,163612000.0,106948.75,1529.0,0.0,0.07590379813442238,0.0005342390643257033,0.07532931520722408,0.07365693045253674,212204514667.6648
2025-10-19,2025-10-19 16:00:00+00:00,2025-10-17,2,1421.89,164464000.0,108486.7,1515.0,0.0,0.06617464445577914,0.0006488879242427803,0.06548326523148762,0.06685684714439688,183631033827.36383
2025-10-20,2025-10-20 16:00:00+00:00,2025-10-20,0,1420.39,166500000.0,111144.55,1497.0,0.0,0.054674534532533015,0.0007008430892883055,0.05393589084688011,0.05676687823647386,269483964867.35028
2025-10-21,2025-10-21 16:00:00+00:00,2025-10-21,0,1430.58,168566000.0,113422.61,1488.0,0.0,0.038862800586533464,-0.001225574419971176,0.04013756658138656,0.054680193147615075,317175255484.19666
2025-10-22,2025-10-22 16:00:00+00:00,2025-10-22,0,1429.94,163497000.0,108416.5,1507.0,0.0,0.054621426143014684,0.0006936709349318892,0.05389037302264432,0.06070939601284642,283302314261.22675
2025-10-23,2025-10-23 16:00:00+00:00,2025-10-23,0,1437.25,165024000.0,109908.28,1501.0,0.0,0.044682647358588845,0.0003132144677759907,0.04435554009392928,0.04636964851631653,186814435310.62775
2025-10-24,2025-10-24 16:00:00+00:00,2025-10-24,0,1438.35,165184000.0,110046.91,1501.0,0.0,0.04357952174047264,2.1722248773503594e-05,0.04355685333889525,0.03782393572625686,257448445686.28503
2025-10-25,2025-10-25 16:00:00+00:00,2025-10-24,1,1438.35,166001000.0,111385.18,1490.0,0.0,0.03614065771553587,0.0002234329027790416,0.03590920151562571,0.035641792216522195,107962312263.88695
2025-10-26,2025-10-26 16:00:00+00:00,2025-10-24,2,1438.35,168616000.0,113694.97,1483.0,0.0,0.0310814020679806,3.7717238354550986e-05,0.03104251399172675,0.02875098473705129,152874874683.4859
2025-10-27,2025-10-27 16:00:00+00:00,2025-10-27,0,1432.72,169809000.0,114969.68,1476.0,0.0,0.030898857745533137,0.0006703329736996722,0.03020827516890945,0.03361599418570682,285302225314.1395
2025-10-28,2025-10-28 16:00:00+00:00,2025-10-28,0,1432.72,169653000.0,114641.38,1478.0,0.0,0.03290127863018433,0.001257320648875293,0.03160422134122509,0.04025383338893951,190349800001.00504
2025-10-29,2025-10-29 16:00:00+00:00,2025-10-29,0,1420.83,165923000.0,111509.74,1489.0,0.0,0.047253136762272385,-0.0006926297475222665,0.04797899819119822,0.05306658331745151,250536009641.00314
2025-10-30,2025-10-30 16:00:00+00:00,2025-10-30,0,1430.45,162889000.0,107711.56,1510.0,0.0,0.05719903775206103,0.0015035520214807807,0.05561187039043647,0.0600678183336103,430496785473.3433
2025-10-31,2025-10-31 16:00:00+00:00,2025-10-31,0,1428.37,164715000.0,110202.9,1495.0,0.0,0.04640403894192002,-0.00023268421172573106,0.04664757730840052,0.04927291562896108,213311166425.4567
2025-11-01,2025-11-01 16:00:00+00:00,2025-10-31,1,1428.37,164271000.0,110310.65,1490.0,0.0,0.04256403016510757,-0.0005589370691714279,0.04314708373880727,0.04285350140157407,86451944141.6211
2025-11-02,2025-11-02 17:00:00+00:00,2025-10-31,2,1428.37,163996000.0,110115.34,1490.0,0.0,0.04266479754596397,-0.00046233767065195774,0.04314708373880727,0.03949515976160245,73776530308.24644
2025-11-03,2025-11-03 17:00:00+00:00,2025-11-03,0,1430.65,159647000.0,106678.44,1496.0,0.0,0.04604581554111564,0.000351233959824393,0.04567853772760633,0.04003051340910968,436519585382.287
2025-11-04,2025-11-04 17:00:00+00:00,2025-11-04,0,1440.22,152546000.0,102257.7,1491.0,0.0,0.03580014241491325,0.0005231932319293975,0.03525850217327897,0.04579799198803025,704061404949.704
2025-11-05,2025-11-05 17:00:00+00:00,2025-11-05,0,1440.95,155306000.0,103919.2,1494.0,0.0,0.03715467248133031,0.0003266568353235133,0.03681598945140352,0.042184104428148794,1035274702027.8962
2025-11-06,2025-11-06 17:00:00+00:00,2025-11-06,0,1449.28,151089000.0,100867.2,1497.0,0.0,0.03354783712203302,0.0006013422740280827,0.0329266946345772,0.030788728475841243,328208249330.0609
2025-11-07,2025-11-07 17:00:00+00:00,2025-11-07,0,1461.07,151513000.0,101169.2,1497.0,0.0,0.025015795930244167,0.0004140474013372142,0.024591566454721603,0.01897114574209824,318193143744.1734
2025-11-08,2025-11-08 17:00:00+00:00,2025-11-07,1,1461.07,151863000.0,101850.22,1491.0,0.0,0.020514030583979492,2.8460540130836876e-05,0.020484987030053414,0.02043418948817788,218432839037.9623
2025-11-09,2025-11-09 17:00:00+00:00,2025-11-07,2,1461.07,154461000.0,103845.04,1486.0,0.0,0.01803347968228808,0.000954358115343501,0.017062837509496553,0.016224195632714933,130888471614.69812
2025-11-10,2025-11-10 17:00:00+00:00,2025-11-10,0,1456.34,155907000.0,105242.05,1483.0,0.0,0.01721683154634901,-0.0010697501994537673,0.018306164769215982,0.01560190591188304,322783808065.5644
2025-11-11,2025-11-11 17:00:00+00:00,2025-11-10,1,1456.34,154141000.0,103399.43,1489.0,0.0,0.02361643315994466,0.001164241953091727,0.0224260818215527,0.028070494722899797,217449545396.99652
2025-11-12,2025-11-12 17:00:00+00:00,2025-11-12,0,1468.6,152349000.0,101442.61,1500.0,0.0,0.022623266485010562,0.0012163527732576007,0.021380906986245396,0.02686317070278732,205641903182.68805
2025-11-13,2025-11-13 17:00:00+00:00,2025-11-13,0,1465.32,151034000.0,100633.13,1501.0,0.0,0.024238900703521304,-0.00010809728255567475,0.024349630114923748,0.03576987835629608,263958024157.5334
2025-11-14,2025-11-14 17:00:00+00:00,2025-11-14,0,1453.2,147010000.0,97011.22,1515.0,0.0,0.042796397462321556,0.00025856421930403606,0.04252683732452511,0.0448044518139763,949314421928.7897
2025-11-15,2025-11-15 17:00:00+00:00,2025-11-14,1,1453.2,145164000.0,96162.84,1510.0,0.0,0.038786403374726275,-0.0002884759045350682,0.03908615469309118,0.0384719730061287,312347463229.15466
2025-11-16,2025-11-16 17:00:00+00:00,2025-11-14,2,1453.2,141974000.0,94224.47,1507.0,0.0,0.036859057769646375,-0.00015687939558706177,0.03702174511423073,0.024377702786695377,258784345726.9223
2025-11-17,2025-11-17 17:00:00+00:00,2025-11-17,0,1459.71,140798000.0,94306.0,1495.0,0.0,0.02279966702801084,-0.0013438782893260282,0.024176034965849302,0.02301982554552695,538857774059.1101
2025-11-18,2025-11-18 17:00:00+00:00,2025-11-18,0,1461.3,138418000.0,93499.16,1481.0,0.0,0.013084046492646939,-0.00039181827163758953,0.013481146923971732,0.01403333146843,951962880971.2052
2025-11-19,2025-11-19 17:00:00+00:00,2025-11-19,0,1467.69,134197000.0,89905.78,1493.0,0.0,0.01699977954089804,-0.00024085302452736546,0.017244786024296577,0.015819250925099837,337733199128.1538
2025-11-20,2025-11-20 17:00:00+00:00,2025-11-20,0,1472.65,132035000.0,87878.1,1501.0,0.0,0.02025532350743453,0.0009853445457852494,0.01925101008386232,0.018102907107615307,467466002719.0939
2025-11-21,2025-11-21 17:00:00+00:00,2025-11-21,0,1470.84,127431000.0,84919.59,1501.0,0.0,0.020238646135980254,-0.00026128562115579346,0.02050528949443864,0.02261951220899494,1249020823901.4146
2025-11-22,2025-11-22 17:00:00+00:00,2025-11-21,1,1470.84,127256000.0,84694.66,1501.0,0.0,0.02154336414285507,0.0010172163330290918,0.02050528949443864,0.02161770780554284,306062250054.0006
2025-11-23,2025-11-23 17:00:00+00:00,2025-11-21,2,1470.84,131194000.0,86685.6,1511.0,0.0,0.028967320219273507,0.0016189895905467377,0.027304125533708756,0.03325394879889365,374637331657.4427
2025-11-24,2025-11-24 17:00:00+00:00,2025-11-24,0,1475.94,131379000.0,87174.5,1506.0,0.0,0.021098842528607387,0.0007175469068212426,0.020366681572421497,0.01725282428575392,439023253568.10114
2025-11-25,2025-11-25 17:00:00+00:00,2025-11-25,0,1468.02,130650000.0,87121.31,1500.0,0.0,0.021534514382304693,-0.000244601464326033,0.02178444435361926,0.019297793101234806,346508829684.2276
2025-11-26,2025-11-26 17:00:00+00:00,2025-11-26,0,1468.39,131179000.0,87820.01,1495.0,0.0,0.017254021539884423,-0.0008524196060527567,0.01812188859907793,0.018817252485421765,222979951462.4377
2025-11-27,2025-11-27 17:00:00+00:00,2025-11-26,1,1468.39,137222000.0,91467.13,1493.0,0.0,0.021685604781382484,0.0048445580743028405,0.01675985262770774,0.021080156696276164,437592738359.3314
2025-11-28,2025-11-28 17:00:00+00:00,2025-11-28,0,1467.65,136621000.0,90936.23,1502.0,0.0,0.023665379180417334,0.00025465629436727255,0.023404762715906413,0.022026672188336427,248363477596.45395
2025-11-29,2025-11-29 17:00:00+00:00,2025-11-28,1,1467.65,136322000.0,91004.03,1497.0,0.0,0.020664066388581537,0.0006530507917179573,0.019997955915920018,0.021061596350374856,134105664292.0138
2025-11-30,2025-11-30 17:00:00+00:00,2025-11-28,2,1467.65,137398000.0,91825.18,1496.0,0.0,0.019520878052246005,0.00020041221482536287,0.019316594555922606,0.023580306014497898,94056296982.02629
2025-12-01,2025-12-01 17:00:00+00:00,2025-12-01,0,1467.79,126617000.0,84571.8,1497.0,0.0,0.020005516889274988,0.00010280403133533511,0.019900666989147053,0.019915219170319354,655951810973.7606
2025-12-02,2025-12-02 17:00:00+00:00,2025-12-02,0,1469.23,135047000.0,90759.15,1490.0,0.0,0.012755787231701232,-0.001361620621186277,0.014136656616050569,0.011317729801461729,364607970640.5829
2025-12-03,2025-12-03 17:00:00+00:00,2025-12-03,0,1465.94,137030000.0,92242.24,1487.0,0.0,0.013373683179488394,-0.0009784686481913996,0.014366208712498496,0.014005996408895216,447704634075.61646
2025-12-04,2025-12-04 17:00:00+00:00,2025-12-04,0,1473.22,137669000.0,92431.72,1488.0,0.0,0.010991529975820535,0.0009495576552271956,0.010032445934755163,0.012817873633348409,235440201790.99554
2025-12-05,2025-12-05 17:00:00+00:00,2025-12-05,0,1472.83,133119000.0,88810.89,1497.0,0.0,0.017703346306666035,0.0012718901408461658,0.0164105837061983,0.01717771666046697,262280988086.85623
2025-12-06,2025-12-06 17:00:00+00:00,2025-12-05,1,1472.83,134235000.0,89707.8,1496.0,0.0,0.01597480782717753,0.00023942260167242324,0.015731618720422613,0.016490666794040543,117633251998.91472
2025-12-07,2025-12-07 17:00:00+00:00,2025-12-05,2,1472.83,134420000.0,89893.38,1497.0,0.0,0.015274688614082432,-0.0011175553563935736,0.0164105837061983,0.015458337959608048,119521506484.65315
2025-12-08,2025-12-08 17:00:00+00:00,2025-12-08,0,1469.19,134123000.0,89978.48,1489.0,0.0,0.014580808092702346,0.0010825906257334594,0.013483620226111048,0.013719937143531036,221791735717.49042
2025-12-09,2025-12-09 17:00:00+00:00,2025-12-09,0,1469.48,139340000.0,94187.81,1482.0,0.0,0.006740239053616204,-0.0017647459618703731,0.008520020687590169,0.007418750453894063,206523701729.121
2025-12-10,2025-12-10 17:00:00+00:00,2025-12-10,0,1470.2,136943000.0,92174.11,1486.0,0.0,0.0105422281728762,-0.00020243347256887478,0.010746837165011458,0.010489300476346441,218896471370.61707
2025-12-11,2025-12-11 17:00:00+00:00,2025-12-11,0,1471.38,133982000.0,89737.11,1493.0,0.0,0.014727730563491859,3.3548691567908406e-05,0.014693688917886583,0.008886586593261914,282495966596.40686
2025-12-12,2025-12-12 17:00:00+00:00,2025-12-12,0,1477.72,134895000.0,90046.54,1496.0,0.0,0.0137635482701024,0.0013761166776040668,0.012370408467097915,0.011324192083544293,215882231985.55084
2025-12-13,2025-12-13 17:00:00+00:00,2025-12-12,1,1477.72,134445000.0,90087.28,1492.0,0.0,0.009924783115669689,0.0002587469877262105,0.009663535717185923,0.010375237696386375,87276389048.13075
2025-12-14,2025-12-14 17:00:00+00:00,2025-12-12,2,1477.72,132801000.0,88836.98,1494.0,0.0,0.011615343241820675,0.0005918507465216827,0.01101697209214203,0.011521815995499507,104711491697.69516
2025-12-15,2025-12-15 17:00:00+00:00,2025-12-15,0,1468.62,129123000.0,86400.01,1494.0,0.0,0.017607681833667677,0.0003206115760112649,0.017281529599215695,0.017301007779648936,263157980461.5959
2025-12-16,2025-12-16 17:00:00+00:00,2025-12-16,0,1472.48,130410000.0,87588.26,1488.0,0.0,0.011150012011172716,0.0006036086600882395,0.010540041290883373,0.010085795933926667,308354311057.69855
2025-12-17,2025-12-17 17:00:00+00:00,2025-12-17,0,1475.05,129817000.0,86986.51,1490.0,0.0,0.01174931702995341,0.0015978725402905347,0.01013524965255419,0.011531350003265661,199834878969.33737
2025-12-18,2025-12-18 17:00:00+00:00,2025-12-18,0,1473.21,130685000.0,88014.0,1487.0,0.0,0.007881155248232519,-0.001465637711332457,0.009360512079065408,0.00913904148072886,242049037218.90723
2025-12-19,2025-12-19 17:00:00+00:00,2025-12-19,0,1477.26,131030000.0,87983.25,1488.0,0.0,0.008123647814461954,0.0008472714854785846,0.007270216481864988,0.007848039834313258,352685415917.984
2025-12-20,2025-12-20 17:00:00+00:00,2025-12-19,1,1477.26,131148000.0,88149.72,1489.0,0.0,0.0071259732625925665,-0.0008146976078592383,0.00794714539079111,0.007178137927412287,95812177635.87883
2025-12-21,2025-12-21 17:00:00+00:00,2025-12-19,2,1477.26,131495000.0,88359.18,1488.0,0.0,0.007396932375587362,0.00012580129110228988,0.007270216481864988,0.006778633641131071,89561865993.19505
2025-12-22,2025-12-22 17:00:00+00:00,2025-12-22,0,1480.13,133370000.0,89550.0,1489.0,0.0,0.006219431213813076,0.00022536381632054514,0.0059927168559517074,0.007850177796083324,188814590382.87073
2025-12-23,2025-12-23 17:00:00+00:00,2025-12-23,0,1481.45,131191000.0,88003.63,1492.0,0.0,0.0062744776652363665,-0.000840935028710188,0.007121401329778232,0.006518713808999932,177135405479.93756
2025-12-24,2025-12-24 17:00:00+00:00,2025-12-24,0,1443.62,128829000.0,87283.23,1476.0,0.0,0.0224214121924311,-8.130711898979293e-06,0.02242972527396403,0.021133056328511257,174583742147.98483
2025-12-25,2025-12-25 17:00:00+00:00,2025-12-24,1,1443.62,129506000.0,88086.72,1471.0,0.0,0.01841915844901032,-0.0005368691229367117,0.0189662099444452,0.020472147148442144,76702899291.17711
2025-12-26,2025-12-26 17:00:00+00:00,2025-12-26,0,1441.16,127541000.0,86855.82,1467.0,0.0,0.018916730624399136,0.0009693493569591372,0.017930000832662607,0.01777795583585373,185123523993.2011
2025-12-27,2025-12-27 17:00:00+00:00,2025-12-26,1,1441.16,128002000.0,87498.41,1463.0,0.0,0.015089638279220496,-6.385297164623882e-05,0.015154458908101853,0.013053578624539375,56554789481.44005
2025-12-28,2025-12-28 17:00:00+00:00,2025-12-26,2,1441.16,127999000.0,87814.04,1457.0,0.0,0.011417396357843446,0.00042161629037051895,0.010991146021260612,0.009152161821581073,45084214547.207466
2025-12-29,2025-12-29 17:00:00+00:00,2025-12-29,0,1433.88,127419000.0,87627.11,1454.0,0.0,0.014104935983496159,7.206713068486081e-05,0.0140318576170948,0.01657577916603059,223432806075.58438
2025-12-30,2025-12-30 17:00:00+00:00,2025-12-30,0,1439.42,128776000.0,88742.63,1452.0,0.0,0.008126667116935549,-0.0006076534562952096,0.008739631240360701,0.009438933035459396,138512948355.5419
2025-12-31,2025-12-31 17:00:00+00:00,2025-12-31,0,1444.55,127868000.0,87656.98,1457.0,0.0,0.009817260544067397,0.0011884171029050705,0.008618600948392174,0.0114899147400771,108774864122.43544
2026-01-01,2026-01-01 17:00:00+00:00,2025-12-31,1,1444.55,128090000.0,87988.76,1455.0,0.0,0.007756132582368069,0.0005182964411407642,0.007234086739815293,0.003877155195415094,51467374471.44608
2026-01-02,2026-01-02 17:00:00+00:00,2026-01-02,0,1444.45,130697000.0,90376.05,1447.0,0.0,0.0011744312028865167,-0.000589905216994091,0.001765377825469816,0.001204171847127844,171860128367.26727
2026-01-03,2026-01-03 17:00:00+00:00,2026-01-02,1,1444.45,130398000.0,90105.24,1449.0,0.0,0.0018861416857045565,-0.0012598775997818557,0.00314998788466192,0.001293820358188924,124375624344.01787
2026-01-04,2026-01-04 17:00:00+00:00,2026-01-02,2,1444.45,132120000.0,91321.0,1447.0,0.0,0.0016024847540960785,-0.00016260601032891397,0.001765377825469816,0.0013303180081636334,129670805849.07458
2026-01-05,2026-01-05 17:00:00+00:00,2026-01-05,0,1444.88,136294000.0,93701.31,1452.0,0.0,0.0066982074390817825,0.0017617809673418083,0.0049277448646254385,0.003377051049579638,238253877710.76138
2026-01-06,2026-01-06 17:00:00+00:00,2026-01-06,0,1446.93,134904000.0,92692.32,1455.0,0.0,0.005850771892800921,0.00027192946725107525,0.005577325786319864,0.004808443746598723,225467607763.61453
2026-01-07,2026-01-07 17:00:00+00:00,2026-01-07,0,1447.45,133049000.0,91264.54,1457.0,0.0,0.0071774066294403305,0.0005757976841342938,0.006597809941621513,0.005247429602852627,199633646292.23923
2026-01-08,2026-01-08 17:00:00+00:00,2026-01-08,0,1452.15,132738000.0,90926.84,1460.0,0.0,0.00529076349451052,-0.00011439574756599846,0.005405777640050902,0.006675817097747894,172192734312.39365
2026-01-09,2026-01-09 17:00:00+00:00,2026-01-09,0,1458.61,134374000.0,91623.89,1466.0,0.0,0.005465867668809521,0.00039738693069724107,0.005066467390186569,0.009384463926741748,118410550495.47382
2026-01-10,2026-01-10 17:00:00+00:00,2026-01-09,1,1458.61,133643000.0,90676.66,1473.0,0.0,0.01044229014156084,0.0005710989975435954,0.009865556934341768,0.011301625240507596,49330391957.22434
2026-01-11,2026-01-11 17:00:00+00:00,2026-01-09,2,1458.61,133980000.0,91039.15,1472.0,0.0,0.008956848511082471,-0.00022109456063201804,0.009179972713748041,0.007145427766084289,46338244910.498886
2026-01-12,2026-01-12 17:00:00+00:00,2026-01-12,0,1467.08,135408000.0,92123.52,1471.0,0.0,0.0018899105756295942,-0.0007799796007516013,0.002671974261799104,0.004951296860484566,174573424342.3325
2026-01-13,2026-01-13 17:00:00+00:00,2026-01-13,0,1475.78,137299000.0,93389.63,1472.0,0.0,-0.0037987119552228554,-0.0012405320171733347,-0.002561357383891849,-0.005980203706580034,172160782789.2639
2026-01-14,2026-01-14 17:00:00+00:00,2026-01-14,0,1464.29,142250000.0,97293.24,1462.0,0.0,-0.0015127758774267086,5.120205912656495e-05,-0.0015638978617623644,0.0013698964449087025,332243394374.5107
2026-01-15,2026-01-15 17:00:00+00:00,2026-01-15,0,1469.39,142148000.0,96738.51,1470.0,0.0,9.854552326826749e-06,-0.00040511552337152423,0.0004151382546497828,0.0030343158562835537,230491814787.98676
2026-01-16,2026-01-16 17:00:00+00:00,2026-01-16,0,1474.05,140399000.0,94872.55,1478.0,0.0,0.003948015596136445,0.001264933957702663,0.0026796920050202733,0.0016765506010638642,147384788634.71567
2026-01-17,2026-01-17 17:00:00+00:00,2026-01-16,1,1474.05,140670000.0,95315.23,1475.0,0.0,0.0012141347262215607,0.0005692849445333437,0.0006444828872833597,0.0019566816549527744,66133300438.566
2026-01-18,2026-01-18 17:00:00+00:00,2026-01-16,2,1474.05,140750000.0,95169.35,1479.0,0.0,0.003319112443453953,-3.885213166110457e-05,0.003358095044265763,0.00623634771702819,55982362583.40634
2026-01-19,2026-01-19 17:00:00+00:00,2026-01-16,3,1474.05,138076000.0,93301.86,1479.0,0.0,0.003958313873674513,0.0005982099834280774,0.003358095044265763,0.00342218487376611,217964456222.70227
2026-01-20,2026-01-20 17:00:00+00:00,2026-01-20,0,1478.33,134267000.0,90165.51,1488.0,0.0,0.007296793858730499,0.0007507185921888926,0.0065411646925923606,0.00859617620789499,230405045880.78998
2026-01-21,2026-01-21 17:00:00+00:00,2026-01-21,0,1465.95,130356000.0,87602.4,1486.0,0.0,0.015069697822329031,0.0013737708766106138,0.013677137692281516,0.01043829971407062,315261814171.42194
2026-01-22,2026-01-22 17:00:00+00:00,2026-01-22,0,1464.34,132113000.0,89054.06,1484.0,0.0,0.013094377139579505,-0.00032707532306486264,0.013425843724818032,0.013101393550474683,156333499488.28665
2026-01-23,2026-01-23 17:00:00+00:00,2026-01-23,0,1462.89,133620000.0,90124.85,1483.0,0.0,0.013480136706907953,-0.00026300931411427086,0.013746761547347885,0.006756997573590606,102790656431.42603
2026-01-24,2026-01-24 17:00:00+00:00,2026-01-23,1,1462.89,131907000.0,89290.01,1476.0,0.0,0.009841700163533584,0.0008721712413493066,0.008961712774029351,0.008558716479212691,85741423423.96432
2026-01-25,2026-01-25 17:00:00+00:00,2026-01-23,2,1462.89,130350000.0,88077.26,1479.0,0.0,0.011662305834146292,0.0006427792979812885,0.011012447962594596,0.01349323932893709,111268002641.8533
2026-01-26,2026-01-26 17:00:00+00:00,2026-01-26,0,1441.49,128386000.0,87606.99,1464.0,0.0,0.01664019195253208,0.001008654574901069,0.01561578644319428,0.0166670104265485,259973829660.81516
2026-01-27,2026-01-27 17:00:00+00:00,2026-01-27,0,1437.45,129412000.0,88641.44,1459.0,0.0,0.01565216640671796,0.0006505871153781317,0.014991825802636471,0.010870381753870229,131802018129.13081
2026-01-28,2026-01-28 17:00:00+00:00,2026-01-28,0,1436.06,130120000.0,89629.66,1451.0,0.0,0.010926823530966523,0.0005179698138384481,0.010403465036279869,0.00654129305218798,155920006845.0239
2026-01-29,2026-01-29 17:00:00+00:00,2026-01-29,0,1433.84,125082000.0,85270.0,1464.0,0.0,0.02305236110264408,0.0019763643739174608,0.021034425040450833,0.02399357144613745,304402856561.92816
2026-01-30,2026-01-30 17:00:00+00:00,2026-01-30,0,1444.51,122505000.0,83149.0,1474.0,0.0,0.01994377441988715,-0.00046202063278766303,0.02041522730891443,0.028713602536236227,459559098679.8952
2026-01-31,2026-01-31 17:00:00+00:00,2026-01-30,1,1444.51,119800000.0,80365.04,1490.0,0.0,0.03197481864141283,0.0004684196481254954,0.03149164768675883,0.034056884373001584,253411801871.9532
2026-02-01,2026-02-01 17:00:00+00:00,2026-01-30,2,1444.51,114306000.0,77494.77,1476.0,0.0,0.02111835072053947,-0.0006668910573668363,0.021799779856144896,0.020099153252361557,551840289824.7281
2026-02-02,2026-02-02 17:00:00+00:00,2026-02-02,0,1452.03,116480000.0,78634.76,1480.0,0.0,0.02014335979648396,0.0008640288684380604,0.01926268741003967,0.023319836517036174,494228408649.7303
2026-02-03,2026-02-03 17:00:00+00:00,2026-02-03,0,1447.7,113244000.0,76488.08,1479.0,0.0,0.022687310541084305,0.001044232231458997,0.021620501485114296,0.019960036684180338,200155011336.66904
2026-02-04,2026-02-04 17:00:00+00:00,2026-02-04,0,1459.24,108901000.0,73636.01,1479.0,0.0,0.01347932591854284,-6.114161367509752e-05,0.013541295468874281,0.010307485693865193,430743472282.3831
2026-02-05,2026-02-05 17:00:00+00:00,2026-02-05,0,1463.13,100541000.0,68295.15,1472.0,0.0,0.006167817231036876,0.00010483588671661437,0.006062345792923418,0.00950289156863926,911518275442.2998
2026-02-06,2026-02-06 17:00:00+00:00,2026-02-06,0,1462.75,103817000.0,69954.01,1483.0,0.0,0.0145787299945348,0.0007249071473403035,0.013843787386771389,0.016938232113701268,1529488987236.8455
2026-02-07,2026-02-07 17:00:00+00:00,2026-02-06,1,1462.75,102166000.0,68957.16,1482.0,0.0,0.012877483272434986,-0.0002789887606245989,0.013160143565202453,0.012470858274994168,682765559279.3304
2026-02-08,2026-02-08 17:00:00+00:00,2026-02-06,2,1462.75,104673000.0,70416.0,1486.0,0.0,0.01623281264326315,0.00033280396630774867,0.015894718851478418,0.01663401173764556,249913863055.79233
2026-02-09,2026-02-09 17:00:00+00:00,2026-02-09,0,1458.12,103600000.0,70093.01,1477.0,0.0,0.013658760803487935,0.0007014978353294676,0.012948179848023544,0.011825402630593507,290272805962.62775
2026-02-10,2026-02-10 17:00:00+00:00,2026-02-10,0,1456.82,102973000.0,69517.71,1480.0,0.0,0.016768336059427735,0.0008435454987130164,0.01591136859735598,0.018413037565449875,208530287882.20157
2026-02-11,2026-02-11 17:00:00+00:00,2026-02-11,0,1446.96,97834000.0,66039.09,1481.0,0.0,0.023840263312546073,0.00030783754403906904,0.02352518383369273,0.02163767798636851,341151121689.5377
2026-02-12,2026-02-12 17:00:00+00:00,2026-02-12,0,1439.8,96953000.0,65863.37,1472.0,0.0,0.022386566279173348,2.1860141816487655e-05,0.022364217252396124,0.020010021379215814,217689985400.5183
2026-02-13,2026-02-13 17:00:00+00:00,2026-02-13,0,1442.9,100967000.0,68954.69,1465.0,0.0,0.01479754670831368,-0.0005110033137025738,0.015316376741284943,0.01446029287890549,248833841827.82437
2026-02-14,2026-02-14 17:00:00+00:00,2026-02-13,1,1442.9,102504000.0,69755.1,1469.0,0.0,0.018423973741116706,0.00032944296191805833,0.01808857162658528,0.020868654049814195,216834295697.00195
2026-02-15,2026-02-15 17:00:00+00:00,2026-02-13,2,1442.9,101967000.0,69017.75,1476.0,0.0,0.023911949713767866,0.0009502386463384749,0.02293991267586115,0.028035758552964474,219650351011.04886
2026-02-16,2026-02-16 17:00:00+00:00,2026-02-13,3,1442.9,100555000.0,67888.7,1482.0,0.0,0.026525978150212737,-0.0005571296403898973,0.02709820500381177,0.025543138001764998,174910394178.89218
2026-02-17,2026-02-17 17:00:00+00:00,2026-02-17,0,1444.43,99921000.0,67517.36,1481.0,0.0,0.024577511483917958,-0.0007221506328725091,0.025317945487147053,0.026151621939406677,143642825304.80063
2026-02-18,2026-02-18 17:00:00+00:00,2026-02-18,0,1445.15,99522000.0,67145.34,1481.0,0.0,0.025628996146336958,0.0008019876980951413,0.024807113448430895,0.02681926148492697,136489753206.60097
2026-02-19,2026-02-19 17:00:00+00:00,2026-02-19,0,1450.1,97918000.0,66293.53,1477.0,0.0,0.018575994912036986,2.508478127594138e-05,0.018550444796910703,0.017330738767733278,177401960948.7212
2026-02-20,2026-02-20 17:00:00+00:00,2026-02-20,0,1445.97,99883000.0,67795.47,1473.0,0.0,0.018900134308726946,0.00020300557120833673,0.01869333388659511,0.017387097613459135,161230849458.83774
2026-02-21,2026-02-21 17:00:00+00:00,2026-02-20,1,1445.97,100343000.0,68322.6,1470.0,0.0,0.015695231701702506,-0.0009082760655030331,0.01661860204568555,0.017243102792334097,90180875340.38403
2026-02-22,2026-02-22 17:00:00+00:00,2026-02-20,2,1445.97,99498000.0,67632.76,1470.0,0.0,0.017414581862496004,0.0007829679834785441,0.01661860204568555,0.01770439741260632,68299702357.66202
2026-02-23,2026-02-23 17:00:00+00:00,2026-02-23,0,1442.62,95996000.0,65364.65,1467.0,0.0,0.01802454275347931,0.0011060435358041243,0.016899807295060354,0.022277707852583095,272810811124.49045
2026-02-24,2026-02-24 17:00:00+00:00,2026-02-24,0,1440.45,94163000.0,64265.52,1465.0,0.0,0.0171946625071262,0.00014884068832055064,0.01704328508452213,0.016629405279920295,337534359409.33875
2026-02-25,2026-02-25 17:00:00+00:00,2026-02-25,0,1427.12,98331000.0,68297.35,1442.0,0.0,0.00884886648453409,-0.0015614463679554103,0.01042659341891361,0.009377879309534043,250209891702.99762
2026-02-26,2026-02-26 17:00:00+00:00,2026-02-26,0,1433.32,96493000.0,66643.55,1449.0,0.0,0.010170135283793735,-0.0007611743927072867,0.010939636647782747,0.0074553682448630365,283268082065.53253
2026-02-27,2026-02-27 17:00:00+00:00,2026-02-27,0,1439.82,95617000.0,65475.21,1459.0,0.0,0.014261665886838193,0.0009281917595524991,0.013321109583142476,0.013464567310894848,160039959950.49307
2026-02-28,2026-02-28 17:00:00+00:00,2026-02-27,1,1439.82,95149000.0,65094.3,1463.0,0.0,0.015203403966427276,-0.0008816369795345835,0.016099234626550496,0.01240866686110742,235973836389.06393
2026-03-01,2026-03-01 17:00:00+00:00,2026-02-27,2,1439.82,96234000.0,66135.45,1454.0,0.0,0.010615658573976283,0.0007597231966867124,0.009848453278882063,0.012646711517889209,221884956775.94672
2026-03-02,2026-03-02 17:00:00+00:00,2026-03-02,0,1439.8,101400000.0,69428.62,1461.0,0.0,0.014371999872590635,-0.00034715577237787176,0.014724267259341506,0.014313399092631629,319265174433.9811
2026-03-03,2026-03-03 17:00:00+00:00,2026-03-03,0,1485.6,100361000.0,68175.9,1473.0,0.0,-0.009094567401629394,-0.0006183905851055993,-0.008481421647818954,-0.012301977154860144,298473486421.29865
2026-03-04,2026-03-04 17:00:00+00:00,2026-03-04,0,1462.7,106300000.0,73294.84,1453.0,0.0,-0.008472869532646032,-0.0018535899968351588,-0.006631571750871701,-0.008614989154294816,425271526579.13104
2026-03-05,2026-03-05 17:00:00+00:00,2026-03-05,0,1483.36,104705000.0,71305.92,1466.0,0.0,-0.010091006736016483,0.0016312443711203883,-0.011703160392622092,-0.012167188192088951,311185548120.6049
2026-03-06,2026-03-06 17:00:00+00:00,2026-03-06,0,1482.98,101194000.0,68446.52,1476.0,0.0,-0.0030621228518700194,0.0016523936674348594,-0.004706739133366611,-0.002462381162342875,207072618640.58844
2026-03-07,2026-03-07 17:00:00+00:00,2026-03-06,1,1482.98,100285000.0,67783.63,1477.0,0.0,-0.0023553865298228116,0.001683824566014458,-0.004032421205950154,-0.003654655793501549,112810693857.22507
2026-03-08,2026-03-08 16:00:00+00:00,2026-03-06,2,1482.98,99485000.0,67218.23,1480.0,0.0,-0.0019892072578767683,2.0300959941987884e-05,-0.0020094674237008947,0.00011274022693918972,114871857204.01952
2026-03-09,2026-03-09 16:00:00+00:00,2026-03-09,0,1478.15,101353000.0,68863.66,1470.0,0.0,-0.004301164222632714,0.0012192068736840422,-0.005513648817779049,-0.007196991917225337,216595034740.47128
2026-03-10,2026-03-10 16:00:00+00:00,2026-03-10,0,1465.29,103768000.0,71346.16,1455.0,0.0,-0.007411459008283772,-0.00039170912044550477,-0.007022500665397224,-0.0007612862221948458,209449506136.93915
2026-03-11,2026-03-11 16:00:00+00:00,2026-03-11,0,1474.94,102884000.0,70227.91,1465.0,0.0,-0.006738177368820875,1.087147871281502e-06,-0.006739257190123027,-0.007705895627067139,148381560366.87616
2026-03-12,2026-03-12 16:00:00+00:00,2026-03-12,0,1491.81,103073000.0,70334.88,1467.0,0.0,-0.01766266163166985,-0.001049308281350747,-0.016630804190882142,-0.01887480479621151,130704146140.29933
2026-03-13,2026-03-13 16:00:00+00:00,2026-03-13,0,1498.88,105521000.0,71831.46,1467.0,0.0,-0.019929448866166766,0.001368880493169744,-0.02126921434671225,-0.017980043831477555,288465644960.6386
2026-03-14,2026-03-14 16:00:00+00:00,2026-03-13,1,1498.88,104395000.0,70580.09,1478.0,0.0,-0.013196625171691623,0.000744142396924774,-0.013930401366353595,-0.01505710330143506,122211053848.22627
2026-03-15,2026-03-15 16:00:00+00:00,2026-03-13,2,1498.88,105350000.0,71481.24,1474.0,0.0,-0.01672364095328871,-0.00012668314251373936,-0.01659906063193861,-0.020169329038616568,88270048125.7556
2026-03-16,2026-03-16 16:00:00+00:00,2026-03-16,0,1493.01,107840000.0,73274.76,1471.0,0.0,-0.014259142127230673,0.0004901143525650742,-0.014742031198719308,-0.015612750959278276,318542488353.50085
2026-03-17,2026-03-17 16:00:00+00:00,2026-03-17,0,1488.68,109256000.0,73914.39,1477.0,0.0,-0.007078429557299759,0.0007735162401076856,-0.007845876884219671,-0.009228484664595804,373318343096.4002
2026-03-18,2026-03-18 16:00:00+00:00,2026-03-18,0,1500.19,106230000.0,71467.82,1486.0,0.0,-0.009190001838725426,0.0002713668516571843,-0.009458801885094625,-0.00826458815797404,243620000908.27658
2026-03-19,2026-03-19 16:00:00+00:00,2026-03-19,0,1495.88,103376000.0,69412.51,1488.0,0.0,-0.004399241114274588,0.0008731607540182207,-0.005267802230125462,-0.005055961496317707,231155687892.07138
2026-03-20,2026-03-20 16:00:00+00:00,2026-03-20,0,1504.15,104528000.0,69860.09,1496.0,0.0,-0.005253655194522144,0.00016558458499971174,-0.005418342585513436,-0.007021719363691337,152909908844.7253
2026-03-21,2026-03-21 16:00:00+00:00,2026-03-20,1,1504.15,105871000.0,70630.02,1499.0,0.0,-0.003455864034910605,-3.211333429653518e-05,-0.003423860652195687,0.001146113695450257,70790219181.27675
2026-03-22,2026-03-22 16:00:00+00:00,2026-03-20,2,1504.15,103339000.0,68847.96,1500.0,0.0,-0.002111471387434727,0.0006493535417266827,-0.002759033341089734,-0.00048118736882174495,137234520444.70474
2026-03-23,2026-03-23 16:00:00+00:00,2026-03-23,0,1492.07,104240000.0,70131.48,1487.0,0.0,-0.0038328864123440276,-0.00043640539964107106,-0.0033979639024978026,-0.005202272644715955,277081055597.68335
2026-03-24,2026-03-24 16:00:00+00:00,2026-03-24,0,1496.95,104391000.0,69873.04,1493.0,0.0,-0.001964189352934409,0.0006762938701441179,-0.0026386986873309093,-0.004458552694629581,137027242849.95464
2026-03-25,2026-03-25 16:00:00+00:00,2026-03-25,0,1500.32,105762000.0,70832.99,1491.0,0.0,-0.004800425599055913,0.0014204060799627438,-0.006212008104937605,-0.004714882727643976,172282405234.8109
2026-03-26,2026-03-26 16:00:00+00:00,2026-03-26,0,1504.57,104216000.0,69082.64,1507.0,0.0,0.0026585839786517074,0.0010418219620169644,0.0016150793914539996,0.0029361751912575507,140759865338.87714
2026-03-27,2026-03-27 16:00:00+00:00,2026-03-27,0,1509.86,100442000.0,66112.82,1517.0,0.0,0.006220103563669532,0.0014841697868437365,0.004728915263666922,0.007513080254755167,223059675295.00146
2026-03-28,2026-03-28 16:00:00+00:00,2026-03-27,1,1509.86,101501000.0,67014.91,1515.0,0.0,0.0031415116440596247,-0.0002618859598021439,0.003404289139390393,0.006734956421443616,103340785862.69528
2026-03-29,2026-03-29 16:00:00+00:00,2026-03-27,2,1509.86,101041000.0,66523.0,1519.0,0.0,0.00597949748969584,-7.359836748388471e-05,0.006053541387943229,0.0071411335118525265,47773610241.30739
2026-03-30,2026-03-30 16:00:00+00:00,2026-03-30,0,1518.7,102460000.0,67629.4,1515.0,0.0,-0.002422088985515658,1.4239906070967479e-05,-0.0024362941989860554,0.0002250889021242486,151402282498.55362
2026-03-31,2026-03-31 16:00:00+00:00,2026-03-31,0,1523.5,101788000.0,66736.8,1525.0,0.0,0.0011260080879982315,0.00014129398168205576,0.0009845749917951618,-0.007270932060988167,159860335326.4413
2026-04-01,2026-04-01 16:00:00+00:00,2026-04-01,0,1511.31,104000000.0,68918.52,1510.0,0.0,-0.001509721728666591,-0.0006434818183782554,-0.0008667976788349074,0.0018238710687310533,147374246781.52066
2026-04-02,2026-04-02 16:00:00+00:00,2026-04-02,0,1509.54,101576000.0,66852.91,1519.0,0.0,0.0065287049068210035,0.00026026412445179226,0.006266809756614533,0.007245876850015431,172512184553.50345
2026-04-03,2026-04-03 16:00:00+00:00,2026-04-03,0,1510.17,101354000.0,66827.15,1517.0,0.0,0.004296882184074091,-0.00022477088469119444,0.004522669633220122,0.005147197228653866,71549942781.01248
2026-04-04,2026-04-04 16:00:00+00:00,2026-04-03,1,1510.17,102300000.0,67383.66,1518.0,0.0,0.0052988800611037945,0.00011344512640132365,0.005184846739108684,0.005036890337641653,32331051782.370354
2026-04-05,2026-04-05 16:00:00+00:00,2026-04-03,2,1510.17,102247000.0,67306.64,1520.0,0.0,0.005927833357987966,-0.0005776078274782881,0.006509200950886251,0.0003323863472417532,44243348850.55939
2026-04-06,2026-04-06 16:00:00+00:00,2026-04-06,0,1507.55,105108000.0,69968.87,1504.0,0.0,-0.003541566252868167,-0.0011895533274676184,-0.002354814102351499,0.0011817386412367181,152788564391.99915
2026-04-07,2026-04-07 16:00:00+00:00,2026-04-07,0,1501.86,102914000.0,68168.1,1510.0,0.0,0.005226243991848456,-0.0001926577472863844,0.005419945933708981,-0.007083024225160828,119752857321.90993
2026-04-08,2026-04-08 16:00:00+00:00,2026-04-08,0,1477.1,105981000.0,71310.0,1487.0,0.0,0.006161460846072719,-0.000537260379465998,0.006702322117662973,0.008426637075267696,269830317870.98434
2026-04-09,2026-04-09 16:00:00+00:00,2026-04-09,0,1472.92,107001000.0,72141.99,1485.0,0.0,0.006979337634216876,-0.001212117179669514,0.008201395866713757,0.008417633772407118,106997326936.29228
2026-04-10,2026-04-10 16:00:00+00:00,2026-04-10,0,1483.9,107587000.0,72460.51,1486.0,0.0,0.0005845125075512048,-0.000829503290743383,0.0014151897028100713,0.0003569751717433789,164069073139.96082
2026-04-11,2026-04-11 16:00:00+00:00,2026-04-10,1,1483.9,108443000.0,72858.17,1488.0,0.0,0.0030408717822354436,0.00027711669197527655,0.002762989419772266,0.001644588428402427,85496806136.42719
2026-04-12,2026-04-12 16:00:00+00:00,2026-04-10,2,1483.9,105802000.0,70892.03,1491.0,0.0,0.005754142278192598,0.0009648368387726869,0.004784688995215225,0.006930000707437767,171480656237.33664
2026-04-13,2026-04-13 16:00:00+00:00,2026-04-13,0,1486.94,106965000.0,71866.59,1489.0,0.0,0.0009703480893727967,-0.0004144732115433092,0.0013853955102425264,-0.007673267274960538,100514182084.21298
2026-04-14,2026-04-14 16:00:00+00:00,2026-04-14,0,1471.51,111221000.0,75317.07,1476.0,0.0,0.0035295403203357,0.00047679801949662703,0.0030512874530244094,0.007239130619961287,275909424183.9453
2026-04-15,2026-04-15 16:00:00+00:00,2026-04-15,0,1474.41,109372000.0,73844.08,1479.0,0.0,0.004551489392175867,0.0014339158044069933,0.0031131096506398226,0.0014089012011291313,149540055239.3806
2026-04-16,2026-04-16 16:00:00+00:00,2026-04-16,0,1478.19,110416000.0,74697.19,1479.0,0.0,-5.789762341334992e-06,-0.0005534539342768596,0.0005479674466746243,-0.002793351829192825,153909787803.21393
2026-04-17,2026-04-17 16:00:00+00:00,2026-04-17,0,1461.66,114211000.0,77785.02,1469.0,0.0,0.004536228700988465,-0.0004830333266937492,0.005021687670183184,0.0099415007881003,282746738846.87286
2026-04-18,2026-04-18 16:00:00+00:00,2026-04-17,1,1461.66,112817000.0,76167.34,1479.0,0.0,0.013349822575874137,0.0014691694836053149,0.011863224005582707,0.015721718837712784,188911788885.24118
2026-04-19,2026-04-19 16:00:00+00:00,2026-04-17,2,1461.66,112645000.0,75846.63,1486.0,0.0,0.016083193809763197,-0.0005597839407950334,0.016652299440362173,0.01990185823494328,112594296687.2667
2026-04-20,2026-04-20 16:00:00+00:00,2026-04-20,0,1470.31,112055000.0,75716.77,1481.0,0.0,0.006538172140822418,-0.0007271168937390549,0.007270575592902118,0.008476958408438096,169113069680.3944
2026-04-21,2026-04-21 16:00:00+00:00,2026-04-21,0,1478.52,112350000.0,75834.65,1482.0,0.0,0.0020241448002285,-0.00032878638999078724,0.002353705056407751,0.0016344861489516749,155026502790.89383
2026-04-22,2026-04-22 16:00:00+00:00,2026-04-22,0,1480.61,117201000.0,79272.9,1479.0,0.0,-0.0014590200940489684,-0.00037203498407711866,-0.0010873896569656427,0.001291827057025241,270539166351.75128
2026-04-23,2026-04-23 16:00:00+00:00,2026-04-23,0,1479.19,116381000.0,78376.76,1484.0,0.0,0.0038546061939987997,0.0006008725984509855,0.003251779690235823,0.005799340036205525,206277502759.47418
2026-04-24,2026-04-24 16:00:00+00:00,2026-04-24,0,1476.47,116065000.0,78038.62,1486.0,0.0,0.0073190975803729685,0.0008589690474383183,0.006454584244854233,0.009878116979675777,159325287589.3006
2026-04-25,2026-04-25 16:00:00+00:00,2026-04-24,1,1476.47,115395000.0,77330.26,1492.0,0.0,0.010678190316042224,0.00015819547984374793,0.010518330883797056,0.009466948232175865,90112555431.9692
2026-04-26,2026-04-26 16:00:00+00:00,2026-04-24,2,1476.47,115947000.0,78049.0,1486.0,0.0,0.006161154201229424,-0.00029154822107047007,0.006454584244854233,0.004473111959971021,67992779386.6542
2026-04-27,2026-04-27 16:00:00+00:00,2026-04-27,0,1473.4,114592000.0,76793.09,1491.0,0.0,0.012771544765145304,0.0008166291461872976,0.01194516085245012,0.01174657894133957,215843674224.94147
2026-04-28,2026-04-28 16:00:00+00:00,2026-04-28,0,1472.37,113151000.0,76066.38,1487.0,0.0,0.010296126384932824,0.000356225692927703,0.009936361104885494,0.00918284357906507,164003221333.69696
2026-04-29,2026-04-29 16:00:00+00:00,2026-04-29,0,1487.69,113367000.0,75924.25,1491.0,0.0,0.003676370899567738,0.001448222819301126,0.002224925891818774,0.005932842995224785,119573154320.75818
2026-04-30,2026-04-30 16:00:00+00:00,2026-04-30,0,1477.93,113861000.0,76473.6,1489.0,0.0,0.007417738991266631,-7.192814817802429e-05,0.007490205896084401,0.008641953147103143,134410840624.23192
2026-05-01,2026-05-01 16:00:00+00:00,2026-05-01,0,1477.22,116174000.0,78445.89,1483.0,0.0,0.0025212093645203826,-0.0013861221190446527,0.003912755039872096,0.0033090598241891644,121907555466.3817
2026-05-02,2026-05-02 16:00:00+00:00,2026-05-01,1,1477.22,116334000.0,78487.67,1483.0,0.0,0.0033675362088503302,-0.0005430938378706562,0.003912755039872096,0.002780605575969819,73665106938.41948
2026-05-03,2026-05-03 16:00:00+00:00,2026-05-01,2,1477.22,116597000.0,78668.36,1482.0,0.0,0.0033260791817684154,8.998022192452382e-05,0.003235807801139856,0.0045400923523073455,84679665598.0635
2026-05-04,2026-05-04 16:00:00+00:00,2026-05-04,0,1476.01,118499000.0,80028.85,1481.0,0.0,0.003179870930843043,-0.00020018818863354326,0.003380735902873244,0.006314710747110652,274751654163.28903
2026-05-05,2026-05-05 16:00:00+00:00,2026-05-05,0,1478.41,120768000.0,81525.19,1479.0,0.0,0.001994097120789018,0.0015943834512142097,0.0003990773871929143,0.0009402954461517066,260251616302.28336
2026-05-06,2026-05-06 16:00:00+00:00,2026-05-06,0,1447.01,120085000.0,81704.25,1469.0,0.0,0.01571667471118232,0.0005120391244572975,0.015196854202804477,0.013061531449296115,228133987573.49228
2026-05-07,2026-05-07 16:00:00+00:00,2026-05-07,0,1453.85,117763000.0,79890.63,1474.0,0.0,0.013896010122819158,3.576276598415973e-05,0.013859751693778621,0.013577384729470676,192956173986.24585
2026-05-08,2026-05-08 16:00:00+00:00,2026-05-08,0,1461.06,118328000.0,80142.14,1476.0,0.0,0.010551702241141214,0.0003229472062613592,0.010225452753480413,0.00838945064123875,134937371996.00035
2026-05-09,2026-05-09 16:00:00+00:00,2026-05-08,1,1461.06,118802000.0,80527.92,1474.0,0.0,0.009739205895766156,0.000874873925419406,0.008856583576307697,0.009145348082050697,74950994363.6079
2026-05-10,2026-05-10 16:00:00+00:00,2026-05-08,2,1461.06,119619000.0,81418.01,1471.0,0.0,0.0055684369111066445,-0.0012264986856957982,0.006803279810548624,0.0026571052332415857,77229579257.22554
2026-05-11,2026-05-11 16:00:00+00:00,2026-05-11,0,1469.91,119749000.0,81445.9,1471.0,0.0,0.00025774815963997,-0.0004834353519126422,0.0007415419991698702,-0.0005305347496821211,205742938614.02374
2026-05-12,2026-05-12 16:00:00+00:00,2026-05-12,0,1490.32,119121000.0,80336.01,1482.0,0.0,-0.00505621661719069,0.0005294326930285198,-0.005582693649685888,-0.006463063793306412,156532818282.61417
2026-05-13,2026-05-13 16:00:00+00:00,2026-05-13,0,1490.11,117404000.0,78827.21,1488.0,0.0,-0.0004870875347166015,0.0009302325226099306,-0.001416002845427422,-0.002809160032127278,173239742923.5225
2026-05-14,2026-05-14 16:00:00+00:00,2026-05-14,0,1491.75,120151000.0,81301.23,1480.0,0.0,-0.00931810282635448,-0.0014528918183880357,-0.007876654935478511,-0.0092422056698086,152566341242.33035
2026-05-15,2026-05-15 16:00:00+00:00,2026-05-15,0,1499.61,117851000.0,79150.27,1489.0,0.0,-0.007106783684591389,-3.183605188061822e-05,-0.0070751728782816325,-0.007240124508505974,237627747628.5089
2026-05-16,2026-05-16 16:00:00+00:00,2026-05-15,1,1499.61,116695000.0,78238.67,1490.0,0.0,-0.0053908245063166715,0.0010240709141493554,-0.00640833283320319,-0.004220415729982552,138231960721.20502
2026-05-17,2026-05-17 16:00:00+00:00,2026-05-15,2,1499.61,116272000.0,78051.41,1490.0,0.0,-0.006618513088306632,-0.00021153584721844698,-0.00640833283320319,-0.005701770189017519,61060584330.80995
2026-05-18,2026-05-18 16:00:00+00:00,2026-05-18,0,1494.67,113762000.0,76409.46,1488.0,0.0,-0.0038958020116193204,0.0005692618328583254,-0.004462523500170623,-0.006641490943831818,216904814247.0729
2026-05-19,2026-05-19 16:00:00+00:00,2026-05-19,0,1508.49,114093000.0,76521.23,1491.0,0.0,-0.01159570935081522,-1.3491607050442056e-06,-0.011594375832786441,-0.012345263311507093,87940151688.7739
2026-05-20,2026-05-20 16:00:00+00:00,2026-05-20,0,1498.77,114897000.0,77455.46,1482.0,0.0,-0.010258774439354745,0.0009409289025157364,-0.011189175123601292,-0.011046400297891057,94569512403.83347
2026-05-21,2026-05-21 16:00:00+00:00,2026-05-21,0,1508.47,114703000.0,77259.46,1485.0,0.0,-0.01579304208511123,-0.00023793279065842388,-0.015558811245831916,-0.016413326243935433,94830445808.65062
2026-05-22,2026-05-22 16:00:00+00:00,2026-05-22,0,1517.33,114670000.0,76790.59,1493.0,0.0,-0.01584894238128487,0.00018883071440378707,-0.016034745243289183,-0.0110658506264103,79300524448.25037
2026-05-23,2026-05-23 16:00:00+00:00,2026-05-22,1,1517.33,113176000.0,75520.0,1498.0,0.0,-0.01232897170956071,0.0004158086488199597,-0.012739483171096522,-0.013645482455268532,164831250175.0453
2026-05-24,2026-05-24 16:00:00+00:00,2026-05-22,2,1517.33,114290000.0,76371.59,1495.0,0.0,-0.013728790428764293,0.0010026049623566013,-0.014716640414412119,-0.013272353215639021,94445323998.52046
2026-05-25,2026-05-25 16:00:00+00:00,2026-05-22,3,1517.33,115530000.0,77628.82,1488.0,0.0,-0.019174509672023166,0.00015856266085267912,-0.019330007315481734,-0.020729143651904036,66971591845.536125
2026-05-26,2026-05-26 16:00:00+00:00,2026-05-26,0,1506.75,113612000.0,76518.1,1484.0,0.0,-0.01458577481244483,0.0005208111868928444,-0.015098722415795574,-0.017328775035354904,128772725088.96733
2026-05-27,2026-05-27 16:00:00+00:00,2026-05-27,0,1498.28,111000000.0,75326.01,1473.0,0.0,-0.0164758395736182,0.00040365178794266043,-0.01687268067383929,-0.017902022880751822,193305266391.04153
2026-05-28,2026-05-28 16:00:00+00:00,2026-05-28,0,1495.94,107645000.0,72928.73,1476.0,0.0,-0.013309296297992046,2.0387056898218958e-05,-0.013329411607417407,-0.015095046671933066,254565519398.1974
2026-05-29,2026-05-29 16:00:00+00:00,2026-05-29,0,1503.96,109210000.0,73808.26,1479.0,0.0,-0.016167524286388346,0.0004358959934032125,-0.01659618606877844,-0.015315377572028388,145007391195.52112
2026-05-30,2026-05-30 16:00:00+00:00,2026-05-29,1,1503.96,109494000.0,73930.14,1482.0,0.0,-0.015235221070183935,-0.0006431599734910698,-0.01460145216628106,-0.015480249008365976,64111388614.270355
2026-05-31,2026-05-31 16:00:00+00:00,2026-05-29,2,1503.96,108621000.0,73655.21,1477.0,0.0,-0.01944030289610732,-0.0015419349652198155,-0.01792600867044336,-0.021283976443142616,56876630103.79634
2026-06-01,2026-06-01 16:00:00+00:00,2026-06-01,0,1511.71,104271000.0,71129.62,1468.0,0.0,-0.03028399390912717,-0.001410501656925467,-0.028914275886248064,-0.03529008024444413,241126672978.74478
2026-06-02,2026-06-02 16:00:00+00:00,2026-06-02,0,1517.4,99244000.0,67304.28,1474.0,0.0,-0.028234452653702502,0.0003779114947570772,-0.028601555291946856,-0.025101787388469576,378883037379.6249
2026-06-03,2026-06-03 16:00:00+00:00,2026-06-03,0,1518.03,97888000.0,66076.01,1480.0,0.0,-0.024100061339757062,0.0009766107327082718,-0.025052205819384277,-0.02401770484507082,284474371238.45984
2026-06-04,2026-06-04 16:00:00+00:00,2026-06-04,0,1531.91,95478000.0,63896.17,1493.0,0.0,-0.024571961606135284,0.0008492741432990503,-0.025399664471150496,-0.024130429846258572,411181376085.1872
2026-06-05,2026-06-05 16:00:00+00:00,2026-06-05,0,1555.96,91978000.0,60438.01,1520.0,0.0,-0.021917749838849643,0.0012216170794365766,-0.02311113396231268,-0.021067316199843145,242797765735.45477
2026-06-06,2026-06-06 16:00:00+00:00,2026-06-05,1,1555.96,92394000.0,60784.0,1519.0,0.0,-0.023086603807982664,0.0006834548643392946,-0.02375382400575854,-0.022948810038601164,192656097787.70706
2026-06-07,2026-06-07 16:00:00+00:00,2026-06-05,2,1555.96,94158000.0,62093.99,1516.0,0.0,-0.02543854709974258,0.00024976138171806106,-0.025681894136096117,-0.03158117283760353,139285186835.4276
2026-06-08,2026-06-08 16:00:00+00:00,2026-06-08,0,1528.23,95452000.0,63774.48,1497.0,0.0,-0.020624161756091275,-0.00019269386807707622,-0.020435405665377604,-0.01742458455177953,158726250484.39746
2026-06-09,2026-06-09 16:00:00+00:00,2026-06-09,0,1529.94,92129000.0,61131.84,1505.0,0.0,-0.014958585474023511,0.0013649579666927814,-0.016301292861158,-0.019992929887732935,121077043859.4049
2026-06-10,2026-06-10 16:00:00+00:00,2026-06-10,0,1519.26,94159000.0,62639.23,1504.0,0.0,-0.010573988812631052,-0.0005349988320996202,-0.010044363703381909,-0.009097655125834603,119357354449.84802
2026-06-11,2026-06-11 16:00:00+00:00,2026-06-11,0,1530.97,94396000.0,62749.44,1504.0,0.0,-0.017399328389710367,0.00022084455798210278,-0.017616282487573298,-0.018339917996331168,87976247009.73483
2026-06-12,2026-06-12 16:00:00+00:00,2026-06-12,0,1518.87,95845000.0,63593.02,1508.0,0.0,-0.007708188301409624,-0.0005555278284895548,-0.007156636183478393,-0.005599783347140952,109168402585.2304
2026-06-13,2026-06-13 16:00:00+00:00,2026-06-12,1,1518.87,96997000.0,64296.15,1507.0,0.0,-0.006763365798561294,0.0010599380156199878,-0.007815020376990667,-0.00437510772346672,61372671852.956825
2026-06-14,2026-06-14 16:00:00+00:00,2026-06-12,2,1518.87,96628000.0,64025.07,1509.0,0.0,-0.006352545171683488,0.00014665985095096978,-0.0064982519899661195,-0.006712481746417143,75224983486.25375
2026-06-15,2026-06-15 16:00:00+00:00,2026-06-15,0,1514.87,100950000.0,67292.14,1502.0,0.0,-0.009700366237412772,-0.0012149093222834084,-0.00849577851564809,-0.008871651312435946,194567084494.54092
2026-06-16,2026-06-16 16:00:00+00:00,2026-06-16,0,1508.12,98991000.0,65859.76,1502.0,0.0,-0.0033568909539049008,0.0007039984118488718,-0.004058032517306298,-0.00404657337370895,125970419085.95894
2026-06-17,2026-06-17 16:00:00+00:00,2026-06-17,0,1514.24,98642000.0,65752.0,1501.0,0.0,-0.00926344484364372,-0.0005243695669813198,-0.008743660185967839,-0.004747143457578318,88328143989.0298
2026-06-18,2026-06-18 16:00:00+00:00,2026-06-18,0,1540.64,94554000.0,62369.44,1515.0,0.0,-0.015973278658683143,0.0006804805064597463,-0.01664243431301282,-0.02069813410048249,134030521362.67764
2026-06-19,2026-06-19 16:00:00+00:00,2026-06-18,1,1540.64,95400000.0,63214.01,1510.0,0.0,-0.020433634921827704,-0.000556871063552844,-0.019887838820230597,-0.018348527962339656,105924147343.03578
2026-06-20,2026-06-20 16:00:00+00:00,2026-06-18,2,1540.64,96879000.0,64160.04,1511.0,0.0,-0.019914752999682483,-0.0006892555006159373,-0.01923875791878704,-0.017858717830536386,53283489543.95406
2026-06-21,2026-06-21 16:00:00+00:00,2026-06-18,3,1540.64,96674000.0,64224.0,1507.0,0.0,-0.022962645332674336,-0.0011527338456081004,-0.02183508152456126,-0.022000847024267967,45601345092.18685
2026-06-22,2026-06-22 16:00:00+00:00,2026-06-22,0,1537.86,97646000.0,64836.95,1507.0,0.0,-0.020701522233274705,-0.0006476728478194138,-0.0200668461368394,-0.018422979578895826,101765088744.8724
2026-06-23,2026-06-23 16:00:00+00:00,2026-06-23,0,1532.43,94289000.0,62487.79,1510.0,0.0,-0.015342441499237025,-0.0007160381633612989,-0.014636883903343056,-0.017125024259039168,121769487642.71829
2026-06-24,2026-06-24 16:00:00+00:00,2026-06-24,0,1542.53,91744000.0,60250.0,1519.0,0.0,-0.012841246717247068,0.0024502907842296473,-0.015254160372893844,-0.01731824326583631,119690750015.21294
2026-06-25,2026-06-25 16:00:00+00:00,2026-06-25,0,1541.44,90779000.0,59557.99,1523.0,0.0,-0.011176595440458126,0.0007957640999738391,-0.011962839941872527,-0.013875221125434933,274199875660.81155
2026-06-26,2026-06-26 16:00:00+00:00,2026-06-26,0,1533.44,91330000.0,60328.32,1514.0,0.0,-0.012753873298355423,-7.74765327807847e-05,-0.012677378964941588,-0.010748757138772214,193018805528.85568
2026-06-27,2026-06-27 16:00:00+00:00,2026-06-26,1,1533.44,92122000.0,60840.06,1515.0,0.0,-0.012568592797242983,-0.0005499557353162432,-0.012025250417362354,-0.009851832604780841,52245279693.415276
2026-06-28,2026-06-28 16:00:00+00:00,2026-06-26,2,1533.44,90643000.0,59890.0,1515.0,0.0,-0.013009050956246826,-0.000995774982407216,-0.012025250417362354,-0.012410222050508235,39707597782.06244
2026-06-29,2026-06-29 16:00:00+00:00,2026-06-29,0,1542.07,90700000.0,59824.01,1516.0,0.0,-0.016832127738687697,7.498732058186519e-05,-0.016905847335075497,-0.0195798007872221,120783205340.65517
2026-06-30,2026-06-30 16:00:00+00:00,2026-06-30,0,1548.78,89016000.0,58381.99,1524.0,0.0,-0.01553688491723304,0.00047033030045118274,-0.015999690078642548,-0.01659506406635558,106490457806.4213
2026-07-01,2026-07-01 16:00:00+00:00,2026-07-01,0,1550.59,91188000.0,60147.15,1519.0,0.0,-0.022254877586893707,-0.0019211261602776197,-0.02037289031916878,-0.021022447662600308,126689740288.1337
2026-07-02,2026-07-02 16:00:00+00:00,2026-07-02,0,1538.05,92912000.0,61612.93,1508.0,0.0,-0.019540875646741562,-3.212061320256865e-06,-0.019537726341796402,-0.018296523624812933,139131171195.25995
2026-07-03,2026-07-03 16:00:00+00:00,2026-07-02,1,1538.05,93301000.0,61922.72,1507.0,0.0,-0.020361556273506,-0.00017723399234648163,-0.020187900263320402,-0.019418836109104665,74678312447.76942
2026-07-04,2026-07-04 16:00:00+00:00,2026-07-02,2,1538.05,94940000.0,62943.29,1508.0,0.0,-0.01931544872393398,0.0002267069563348656,-0.019537726341796402,-0.019323216346419314,64426721181.652176
2026-07-05,2026-07-05 16:00:00+00:00,2026-07-02,3,1538.05,94489000.0,62740.01,1506.0,0.0,-0.02081170100416052,2.6934442596937558e-05,-0.020838074184844402,-0.022726796228674573,52828203934.91339
2026-07-06,2026-07-06 16:00:00+00:00,2026-07-06,0,1530.98,95525000.0,63545.98,1505.0,0.0,-0.018117663682059137,-0.0011679606272153586,-0.01696952278932451,-0.020470291999311163,110321596119.65576
2026-07-07,2026-07-07 16:00:00+00:00,2026-07-07,0,1514.43,95596000.0,63930.51,1496.0,0.0,-0.012624498501496606,-0.0004605075304956463,-0.012169595161215851,-0.010820381756668884,116669540752.33191
2026-07-08,2026-07-08 16:00:00+00:00,2026-07-08,0,1511.17,92386000.0,61704.01,1497.0,0.0,-0.009214933766968358,0.0001634392380565064,-0.009376840461364444,-0.012894605877336152,99375529110.10918
2026-07-09,2026-07-09 16:00:00+00:00,2026-07-09,0,1508.76,94041000.0,62868.05,1495.0,0.0,-0.008558515147139678,0.0005667255428771778,-0.009120072112198119,-0.011340747733693868,67721298731.28927
2026-07-10,2026-07-10 16:00:00+00:00,2026-07-10,0,1501.06,95395000.0,64040.0,1490.0,0.0,-0.007624035625276471,-0.0002578086682401004,-0.0073681265239230465,-0.006152920612812807,77912870045.51384
2026-07-11,2026-07-11 16:00:00+00:00,2026-07-10,1,1501.06,95640000.0,64175.75,1490.0,0.0,-0.007179896593715984,0.0001896271268704286,-0.0073681265239230465,-0.005951681263496766,34476288827.16431
2026-07-12,2026-07-12 16:00:00+00:00,2026-07-10,2,1501.06,95627000.0,64176.0,1490.0,0.0,-0.007318714088931588,4.9779214542633454e-05,-0.0073681265239230465,-0.007673126836506561,35117224623.71595
2026-07-13,2026-07-13 16:00:00+00:00,2026-07-13,0,1492.63,92953000.0,62618.01,1483.0,0.0,-0.00548352231753213,0.0009744639805677746,-0.00645169934947043,-0.007473740762552361,98519866898.46234
2026-07-14,2026-07-14 16:00:00+00:00,2026-07-14,0,1490.26,95400000.0,64743.99,1474.0,0.0,-0.011249150429350041,-0.0003420345446697448,-0.010910847771529841,-0.015149124586507967,101403433148.5926
2026-07-15,2026-07-15 16:00:00+00:00,2026-07-15,0,1488.39,96230000.0,65427.61,1472.0,0.0,-0.011827676656237518,-0.0008248611809628104,-0.011011898763093053,-0.012996117499826876,92063623132.13586
2026-07-16,2026-07-16 16:00:00+00:00,2026-07-16,0,1478.2,94971000.0,64704.73,1469.0,0.0,-0.0070627954059554465,-0.0008442642403562184,-0.006223785685292915,-0.004290252570261943,68495758247.819916
2026-07-17,2026-07-17 16:00:00+00:00,2026-07-17,0,1489.44,93700000.0,63452.0,1476.0,0.0,-0.008548983515914155,0.00047886313824996307,-0.009023525620367456,-0.009686656657909909,62752297690.77193
2026-07-18,2026-07-18 16:00:00+00:00,2026-07-17,1,1489.44,94646000.0,64123.12,1477.0,0.0,-0.009020647522989811,-0.0006741457323236055,-0.008352132345042507,-0.011201385712618084,33517531521.49515
2026-07-19,2026-07-19 16:00:00+00:00,2026-07-17,2,1489.44,95029000.0,64585.32,1472.0,0.0,-0.012131060729356435,-0.0004269613401716166,-0.011709098721667255,-0.013769038344765505,41810158570.4075
2026-07-20,2026-07-20 16:00:00+00:00,2026-07-20,0,1478.31,95839000.0,65598.75,1463.0,0.0,-0.011717295556593732,-0.001375116332377413,-0.010356420507200759,-0.012624648500856095,77952216288.04509
2026-07-21,2026-07-21 16:00:00+00:00,2026-07-21,0,1479.77,97540000.0,66676.54,1462.0,0.0,-0.01141167412752453,0.0006042044981620087,-0.012008622961676485,-0.013075820223874213,94073126300.38884
2026-07-22,2026-07-22 16:00:00+00:00,2026-07-22,0,1476.63,96225000.0,66047.39,1456.0,0.0,-0.013355789165102716,0.00062392928924071,-0.013971001537284256,-0.010956429265790657,69499984348.25838
2026-07-23,2026-07-23 16:00:00+00:00,2026-07-23,0,1474.88,95069000.0,64958.36,1464.0,0.0,-0.00769041231836054,-0.00031587112028941267,-0.007376871338685254,-0.0068966463805787415,59295484245.15611
2026-07-24,2026-07-24 16:00:00+00:00,2026-07-24,0,1460.76,93755000.0,64093.85,1461.0,0.0,0.001380685317898589,0.0012161874640475023,0.0001642980366385327,0.003478037305040038,74142890016.81668
2026-07-25,2026-07-25 16:00:00+00:00,2026-07-24,1,1460.76,93870000.0,64182.0,1463.0,0.0,0.0012319588080540456,-0.0003010279231354662,0.0015334483419588985,0.001994705774916561,31675607633.2546
2026-07-26,2026-07-26 16:00:00+00:00,2026-07-24,2,1460.76,94403000.0,64768.0,1459.0,0.0,-0.00219324146821831,-0.0009895814990504848,-0.001204852268682055,-0.004874609107654138,31408610509.801334
2026-07-27,2026-07-27 16:00:00+00:00,2026-07-27,0,1467.54,94170000.0,64554.01,1459.0,0.0,-0.005970214831007681,-0.0001518362392715078,-0.005819262166618988,-0.0044597661378932285,59703907305.840935
2026-07-28,2026-07-28 16:00:00+00:00,2026-07-28,0,1453.26,92720000.0,63928.47,1450.0,0.0,-0.001987933177057366,0.0002558732628341609,-0.0022432324566835637,-0.002208242996063592,101043488990.12679
2026-07-29,2026-07-29 16:00:00+00:00,2026-07-29,0,1446.32,91723000.0,63964.01,1434.0,0.0,-0.00853319893644855,-1.5157800393628129e-05,-0.008518170252779456,-0.012078266554135353,80484876718.91873
2026-07-30,2026-07-30 16:00:00+00:00,2026-07-30,0,1424.05,91763000.0,64730.3,1417.0,0.0,-0.004514942509002529,0.00043789422727935623,-0.0049506688669639365,-0.006829133512129104,79145380025.04279
2026-07-31,2026-07-31 16:00:00+00:00,2026-07-31,0,1436.81,90170000.0,62716.57,1434.0,0.0,0.0006459205294673254,0.0026067399413836068,-0.0019557213549460384,2.2855073028793527e-05,94075817548.12653
2026-08-01,2026-08-01 16:00:00+00:00,2026-07-31,1,1436.81,90614000.0,63007.06,1438.0,0.0,0.0009370031534117196,0.00010868949989806254,0.0008282236343011284,0.0032278708748876284,30003721483.56153
2026-08-02,2026-08-02 16:00:00+00:00,2026-07-31,2,1436.81,90593000.0,63109.14,1435.0,0.0,-0.0009136219775193188,0.0003465496909269561,-0.001259735107634219,-0.004904986343161277,37930544476.97181
2026-08-03,2026-08-03 16:00:00+00:00,2026-08-03,0,1430.49,90701000.0,63694.91,1424.0,0.0,-0.004542963460498428,-6.084129640648861e-06,-0.004536906933987672,-0.0053345762182949175,81128581284.75287
2026-08-04,2026-08-04 16:00:00+00:00,2026-08-04,0,1427.48,91168000.0,64125.14,1422.0,0.0,-0.004035017701970456,-0.0001968404143520841,-0.0038389329447697795,-0.0025880244221179183,46280817970.00946
2026-08-05,2026-08-05 16:00:00+00:00,2026-08-05,0,1424.0,91522000.0,64388.01,1421.0,0.0,-0.0018162167811937024,0.00029113814467285337,-0.002106741573033699,-0.003847468194736914,43761901180.552704
2026-08-06,2026-08-06 16:00:00+00:00,2026-08-06,0,1423.61,91618000.0,64631.87,1417.0,0.0,-0.004266644834144073,0.0003782369425999743,-0.004643125575122364,-0.0035462300033290983,40641411391.11161
2026-08-07,2026-08-07 16:00:00+00:00,2026-08-07,0,1409.94,91300000.0,64912.72,1405.0,0.0,-0.0024369867492985975,0.0010704590054759766,-0.0035036951927033266,-0.002182732195053938,50386403914.05634
2026-08-08,2026-08-08 16:00:00+00:00,2026-08-07,1,1409.94,91423000.0,65080.82,1404.0,0.0,-0.003673181802301473,0.0005420470439196912,-0.004212945231712006,-0.002646133105994597,17742511602.1039
2026-08-09,2026-08-09 16:00:00+00:00,2026-08-07,2,1409.94,91542000.0,65228.68,1403.0,0.0,-0.0046377288189920485,0.0002858735772988119,-0.004922195270720797,-0.004123688574230844,17729853080.393112
2026-08-10,2026-08-10 16:00:00+00:00,2026-08-10,0,1417.54,90638000.0,64299.99,1409.0,0.0,-0.005593198967341562,0.0004339366471501904,-0.006024521353894752,-0.003948475804701035,46455609149.627396
2026-08-11,2026-08-11 16:00:00+00:00,2026-08-11,0,1412.93,89663000.0,63609.87,1409.0,0.0,-0.002373191088675175,0.00040940178500936675,-0.0027814541413941907,-0.002485445851025392,55399070333.24857
2026-08-12,2026-08-12 16:00:00+00:00,2026-08-12,0,1416.3,89550000.0,63441.47,1411.0,0.0,-0.003362790402677951,0.00038077955541249153,-0.003742145025771304,-0.002944272318272101,61425572399.39599
2026-08-13,2026-08-13 16:00:00+00:00,2026-08-13,0,1418.0,89600000.0,63420.01,1412.0,0.0,-0.003664803075130174,0.0005689158919728321,-0.004231311706629048,-0.005287562715173055,41264034011.772575
2026-08-14,2026-08-14 16:00:00+00:00,2026-08-14,0,1414.29,88970000.0,62990.95,1412.0,0.0,-0.001318599289095057,0.000301075220556557,-0.0016191870125645824,-0.0004696679125293368,91389391323.55017
2026-08-15,2026-08-15 16:00:00+00:00,2026-08-14,1,1414.29,89163000.0,63100.55,1415.0,0.0,-0.0008905720941063677,-0.001391892019062646,0.0005020186807513927,0.00026996638233489634,24500536151.222282
2026-08-16,2026-08-16 16:00:00+00:00,2026-08-14,2,1414.29,89251000.0,63146.39,1415.0,0.0,-0.0006304961420939836,-0.001131946564524311,0.0005020186807513927,0.002351188455793851,13900285808.354002
2026-08-17,2026-08-17 16:00:00+00:00,2026-08-17,0,1412.8,90457000.0,64200.0,1409.0,0.0,-0.002698514339743774,-8.843902902788692e-06,-0.0026896942242354838,-0.0023247632930687434,36329287492.08855
2026-08-18,2026-08-18 16:00:00+00:00,2026-08-18,0,1411.6,91002000.0,64855.06,1404.0,0.0,-0.005979314773005173,-0.0005985760210641677,-0.005383961462170572,-0.004743569390678215,48450523237.96193
2026-08-19,2026-08-19 16:00:00+00:00,2026-08-19,0,1388.39,94521000.0,68554.0,1380.0,0.0,-0.006920468783053524,-0.0008828330823938968,-0.006042970635052214,-0.009523099684420222,94644388787.61551
2026-08-20,2026-08-20 16:00:00+00:00,2026-08-20,0,1393.35,99670000.0,72470.83,1375.0,0.0,-0.012945799442177663,0.00022688752526667244,-0.013169698927046225,-0.01138670653275431,260019015323.5814
2026-08-21,2026-08-21 16:00:00+00:00,2026-08-21,0,1385.01,106060000.0,77221.98,1375.0,0.0,-0.008351450901315727,-0.001132249463877355,-0.0072273846398220876,-0.009179396529116812,422196165461.63403
2026-08-22,2026-08-22 16:00:00+00:00,2026-08-21,1,1385.01,105307000.0,76978.83,1369.0,0.0,-0.012281869696720515,-0.0007308344402152667,-0.011559483325030095,-0.01095600695698351,283626315650.1937
2026-08-23,2026-08-23 16:00:00+00:00,2026-08-21,2,1385.01,105704000.0,77156.13,1369.0,0.0,-0.010836513311317408,0.0007314249077372548,-0.011559483325030095,-0.008604374610067023,122683354484.16563
2026-08-24,2026-08-24 16:00:00+00:00,2026-08-24,0,1383.15,108621000.0,79100.01,1373.0,0.0,-0.007185806634414704,0.00015364279214069576,-0.007338321946282145,-0.005544835195083642,181973858235.60907
2026-08-25,2026-08-25 16:00:00+00:00,2026-08-25,0,1383.63,110199000.0,79502.01,1386.0,0.0,0.0017966495391246173,8.362063623312821e-05,0.0017128856703019224,0.004563299731915382,252719873296.6621
2026-08-26,2026-08-26 16:00:00+00:00,2026-08-26,0,1386.17,108545000.0,78011.65,1392.0,0.0,0.0037691962820232128,-0.00043480832596831664,0.0042058333393451,0.0026442170253655473,163786793021.55045
2026-08-27,2026-08-27 16:00:00+00:00,2026-08-27,0,1381.25,110929000.0,80302.32,1381.0,0.0,0.00010296384082186805,0.00028401072059036636,-0.00018099547511307712,0.0014368533496131874,130179458480.64192
2026-08-28,2026-08-28 16:00:00+00:00,2026-08-28,0,1379.41,108887000.0,78331.13,1390.0,0.0,0.0077394743940149,6.180458550231194e-05,0.007677195322637775,0.0033770146358771402,146664091475.74658
2026-08-29,2026-08-29 16:00:00+00:00,2026-08-28,1,1379.41,108265000.0,77865.36,1390.0,0.0,0.00797651681919831,0.00029704105436723083,0.007677195322637775,0.0077355766344360255,112038792680.42006
2026-08-30,2026-08-30 16:00:00+00:00,2026-08-28,2,1379.41,109365000.0,78823.63,1387.0,0.0,0.005839197439405419,0.00033500168701539046,0.005502352455035053,0.008171991066140416,54374782034.489716
2026-08-31,2026-08-31 16:00:00+00:00,2026-08-31,0,1368.25,108302000.0,78580.42,1378.0,0.0,0.007294990771226084,0.00016790357237317366,0.0071258907363420665,0.007302440057623816,115141486182.5311
2026-09-01,2026-09-01 16:00:00+00:00,2026-09-01,0,1371.76,107605000.0,77919.06,1380.0,0.0,0.006724440759318329,0.0007132745333353618,0.006006881670262976,0.007317085791570088,78936753730.68451
2026-09-02,2026-09-02 16:00:00+00:00,2026-09-02,0,1358.85,106262000.0,77288.98,1374.0,0.0,0.011786524881710392,0.0006303634174031902,0.011149133458439264,0.01243205100487832,143124987405.71332
2026-09-03,2026-09-03 16:00:00+00:00,2026-09-03,0,1356.89,111373000.0,81348.0,1369.0,0.0,0.008993564888308603,6.813605646249776e-05,0.008924820729756977,0.005903857919047573,125106230135.69733
2026-09-04,2026-09-04 16:00:00+00:00,2026-09-04,0,1346.51,108776000.0,79429.33,1369.0,0.0,0.01705069807691051,0.0003425386906799055,0.016702438154933885,0.01735881731879485,199140209574.0106
2026-09-05,2026-09-05 16:00:00+00:00,2026-09-04,1,1346.51,108936000.0,79806.01,1366.0,0.0,0.013739206223339906,-0.0007247594642830757,0.014474456186734708,0.01398912324893331,45161031255.42262
2026-09-06,2026-09-06 16:00:00+00:00,2026-09-04,2,1346.51,108674000.0,79716.5,1363.0,0.0,0.012436624003343333,0.00018784929328075073,0.012246474218535308,0.011332134185382703,52222786837.29475
2026-09-07,2026-09-07 16:00:00+00:00,2026-09-04,3,1346.51,107607000.0,78821.99,1364.0,0.0,0.013872971455549887,0.000872503515111589,0.012989134874601849,0.011160630447118569,79320824320.21544
2026-09-08,2026-09-08 16:00:00+00:00,2026-09-08,0,1341.22,106909000.0,78904.0,1355.0,0.0,0.010218287915492619,-5.537113061493404e-05,0.010274227941724723,0.010838639061832689,91707624783.87573
2026-09-09,2026-09-09 16:00:00+00:00,2026-09-09,0,1339.81,106526000.0,78596.7,1355.0,0.0,0.01159830487369451,0.0002579519209038317,0.011337428441346109,0.014166244744019396,69290446006.71416
2026-09-10,2026-09-10 16:00:00+00:00,2026-09-10,0,1345.63,105450000.0,77250.0,1364.0,0.0,0.0144308195338394,0.000768727044956341,0.01365159813618888,0.01629410567756784,94439037306.43974
2026-09-11,2026-09-11 16:00:00+00:00,2026-09-11,0,1340.3,105598000.0,77732.25,1358.0,0.0,0.013566939943718603,0.00035623682368646215,0.013205998657017215,0.01625413694707234,128492520956.33054
2026-09-12,2026-09-12 16:00:00+00:00,2026-09-11,1,1340.3,105199000.0,77380.37,1359.0,0.0,0.014328882395405529,0.0003715975530256266,0.013952100276057644,0.014543024110699854,46043409237.15785
2026-09-13,2026-09-13 16:00:00+00:00,2026-09-11,2,1340.3,105099000.0,77134.83,1362.0,0.0,0.01659048265924623,0.0003937033099763454,0.016190405133179153,0.014871676664516942,43470212244.21365
2026-09-14,2026-09-14 16:00:00+00:00,2026-09-14,0,1346.6,106557000.0,78578.02,1357.0,0.0,0.007029732935152078,-0.0006881073172618768,0.007723154611614547,0.003755450214038003,77754340897.61368
2026-09-15,2026-09-15 16:00:00+00:00,2026-09-15,0,1361.84,104777000.0,76512.0,1369.0,0.0,0.005565393935378138,0.0003061914367825658,0.005257592668742372,-0.000258976532032551,105869110271.17403
2026-09-16,2026-09-16 16:00:00+00:00,2026-09-16,0,1367.65,103781000.0,75788.41,1369.0,0.0,0.0012443661476484458,0.0002570177953480357,0.000987094651409226,0.006033692380774003,129980508159.04118
2026-09-17,2026-09-17 16:00:00+00:00,2026-09-17,0,1380.46,106004000.0,76780.01,1379.0,0.0,0.00011573917227836183,0.0011745999258618856,-0.0010576184750010764,-0.0008970050565130228,93668428413.37227
2026-09-18,2026-09-18 16:00:00+00:00,2026-09-18,0,1387.97,110423000.0,80725.6,1369.0,0.0,-0.014473784769160947,-0.000817515738533503,-0.013667442379878492,-0.014460374439010049,162819238444.72522
2026-09-19,2026-09-19 16:00:00+00:00,2026-09-18,1,1387.97,111480000.0,81636.01,1366.0,0.0,-0.01613590770002782,-0.0003119735068870533,-0.01582887238196795,-0.016453903392283475,141373554350.28796
2026-09-20,2026-09-20 16:00:00+00:00,2026-09-18,2,1387.97,110810000.0,80912.0,1369.0,0.0,-0.013298157127395793,0.0003744023753751158,-0.013667442379878492,-0.013460488834218687,95919872579.70645
2026-09-21,2026-09-21 16:00:00+00:00,2026-09-21,0,1374.81,116080000.0,85927.71,1351.0,0.0,-0.0173893223229169,-7.180919524019114e-05,-0.017318756773663235,-0.016484234119588437,262135360310.4772
2026-09-22,2026-09-22 16:00:00+00:00,2026-09-22,0,1359.06,116410000.0,86413.12,1347.0,0.0,-0.008775625607592263,9.903360188978638e-05,-0.008873780407046006,-0.012910309961551736,193630609452.7259
2026-09-23,2026-09-23 16:00:00+00:00,2026-09-23,0,1366.99,114750000.0,83996.01,1367.0,0.0,-0.0006244961216754774,-0.000631806842259719,7.315342467784092e-06,0.004657377405105301,152593046149.4602
2026-09-24,2026-09-24 16:00:00+00:00,2026-09-24,0,1369.44,115190000.0,84418.0,1366.0,0.0,-0.003593136398397978,-0.0010838833890353117,-0.002511975698095581,-0.004089796712424598,112831339837.88472
2026-09-25,2026-09-25 16:00:00+00:00,2026-09-25,0,1356.51,113630000.0,83796.01,1357.0,0.0,-0.0003529997430251619,-0.0007139629192417507,0.0003612210746695155,-0.0037295599154812953,130794989835.53004
2026-09-26,2026-09-26 16:00:00+00:00,2026-09-25,1,1356.51,114025000.0,84155.99,1356.0,0.0,-0.0011689192018402572,-0.0007932526449029309,-0.0003759647920029696,0.0027996451235043907,64025202705.15952
2026-09-27,2026-09-27 16:00:00+00:00,2026-09-25,2,1356.51,114821000.0,84463.37,1360.0,0.0,0.0021435137765695167,-0.0004281633286363773,0.002572778674687193,-0.0011965806341158736,68474005802.1632
2026-09-28,2026-09-28 16:00:00+00:00,2026-09-25,3,1356.51,113300000.0,83370.0,1360.0,0.0,0.0018370960057756403,-0.0007337947773567999,0.002572778674687193,0.002016458557741574,138610595046.8378
2026-09-29,2026-09-29 16:00:00+00:00,2026-09-25,4,1356.51,112595000.0,83068.0,1355.0,0.0,-0.0007771625897172729,0.0003363624910868168,-0.0011131506586755657,0.0008494851616165366,96740360619.26979
